[0.135s] DEBUG:colcon:Command line arguments: ['/usr/bin/colcon', 'build', '--symlink-install', '--cmake-args', '-DCMAKE_BUILD_TYPE=Release']
[0.135s] DEBUG:colcon:Parsed command line arguments: Namespace(log_base=None, log_level=None, verb_name='build', build_base='build', install_base='install', merge_install=False, symlink_install=True, test_result_base=None, continue_on_error=False, executor='parallel', parallel_workers=24, event_handlers=None, ignore_user_meta=False, metas=['./colcon.meta'], base_paths=['.'], packages_ignore=None, packages_ignore_regex=None, paths=None, packages_up_to=None, packages_up_to_regex=None, packages_above=None, packages_above_and_dependencies=None, packages_above_depth=None, packages_select_by_dep=None, packages_skip_by_dep=None, packages_skip_up_to=None, packages_select_build_failed=False, packages_skip_build_finished=False, packages_select_test_failures=False, packages_skip_test_passed=False, packages_select=None, packages_skip=None, packages_select_regex=None, packages_skip_regex=None, packages_start=None, packages_end=None, cmake_args=['-DCMAKE_BUILD_TYPE=Release'], cmake_target=None, cmake_target_skip_unavailable=False, cmake_clean_cache=False, cmake_clean_first=False, cmake_force_configure=False, ament_cmake_args=None, catkin_cmake_args=None, catkin_skip_building_tests=False, mixin_files=None, mixin=None, verb_parser=<colcon_mixin.mixin.mixin_argument.MixinArgumentDecorator object at 0x748e0ccb0ca0>, verb_extension=<colcon_core.verb.build.BuildVerb object at 0x748e0ccb0490>, main=<bound method BuildVerb.main of <colcon_core.verb.build.BuildVerb object at 0x748e0ccb0490>>, mixin_verb=('build',))
[0.285s] Level 1:colcon.colcon_core.package_discovery:discover_packages(colcon_meta) check parameters
[0.285s] Level 1:colcon.colcon_core.package_discovery:discover_packages(recursive) check parameters
[0.285s] Level 1:colcon.colcon_core.package_discovery:discover_packages(ignore) check parameters
[0.285s] Level 1:colcon.colcon_core.package_discovery:discover_packages(path) check parameters
[0.286s] Level 1:colcon.colcon_core.package_discovery:discover_packages(colcon_meta) discover
[0.286s] Level 1:colcon.colcon_core.package_discovery:discover_packages(recursive) discover
[0.286s] INFO:colcon.colcon_core.package_discovery:Crawling recursively for packages in '/workspaces/TIAgo_humble'
[0.286s] Level 1:colcon.colcon_core.package_identification:_identify(.) by extensions ['ignore', 'ignore_ament_install']
[0.286s] Level 1:colcon.colcon_core.package_identification:_identify(.) by extension 'ignore'
[0.286s] Level 1:colcon.colcon_core.package_identification:_identify(.) by extension 'ignore_ament_install'
[0.286s] Level 1:colcon.colcon_core.package_identification:_identify(.) by extensions ['colcon_pkg']
[0.286s] Level 1:colcon.colcon_core.package_identification:_identify(.) by extension 'colcon_pkg'
[0.286s] Level 1:colcon.colcon_core.package_identification:_identify(.) by extensions ['colcon_meta']
[0.286s] Level 1:colcon.colcon_core.package_identification:_identify(.) by extension 'colcon_meta'
[0.286s] Level 1:colcon.colcon_core.package_identification:_identify(.) by extensions ['ros']
[0.286s] Level 1:colcon.colcon_core.package_identification:_identify(.) by extension 'ros'
[0.294s] Level 1:colcon.colcon_core.package_identification:_identify(.) by extensions ['cmake', 'python']
[0.294s] Level 1:colcon.colcon_core.package_identification:_identify(.) by extension 'cmake'
[0.294s] Level 1:colcon.colcon_core.package_identification:_identify(.) by extension 'python'
[0.294s] Level 1:colcon.colcon_core.package_identification:_identify(.) by extensions ['python_setup_py']
[0.294s] Level 1:colcon.colcon_core.package_identification:_identify(.) by extension 'python_setup_py'
[0.294s] Level 1:colcon.colcon_core.package_identification:_identify(build) by extensions ['ignore', 'ignore_ament_install']
[0.294s] Level 1:colcon.colcon_core.package_identification:_identify(build) by extension 'ignore'
[0.294s] Level 1:colcon.colcon_core.package_identification:_identify(build) ignored
[0.294s] Level 1:colcon.colcon_core.package_identification:_identify(docs) by extensions ['ignore', 'ignore_ament_install']
[0.294s] Level 1:colcon.colcon_core.package_identification:_identify(docs) by extension 'ignore'
[0.294s] Level 1:colcon.colcon_core.package_identification:_identify(docs) by extension 'ignore_ament_install'
[0.294s] Level 1:colcon.colcon_core.package_identification:_identify(docs) by extensions ['colcon_pkg']
[0.294s] Level 1:colcon.colcon_core.package_identification:_identify(docs) by extension 'colcon_pkg'
[0.294s] Level 1:colcon.colcon_core.package_identification:_identify(docs) by extensions ['colcon_meta']
[0.294s] Level 1:colcon.colcon_core.package_identification:_identify(docs) by extension 'colcon_meta'
[0.294s] Level 1:colcon.colcon_core.package_identification:_identify(docs) by extensions ['ros']
[0.294s] Level 1:colcon.colcon_core.package_identification:_identify(docs) by extension 'ros'
[0.295s] Level 1:colcon.colcon_core.package_identification:_identify(docs) by extensions ['cmake', 'python']
[0.295s] Level 1:colcon.colcon_core.package_identification:_identify(docs) by extension 'cmake'
[0.295s] Level 1:colcon.colcon_core.package_identification:_identify(docs) by extension 'python'
[0.295s] Level 1:colcon.colcon_core.package_identification:_identify(docs) by extensions ['python_setup_py']
[0.295s] Level 1:colcon.colcon_core.package_identification:_identify(docs) by extension 'python_setup_py'
[0.295s] Level 1:colcon.colcon_core.package_identification:_identify(install) by extensions ['ignore', 'ignore_ament_install']
[0.295s] Level 1:colcon.colcon_core.package_identification:_identify(install) by extension 'ignore'
[0.295s] Level 1:colcon.colcon_core.package_identification:_identify(install) ignored
[0.295s] Level 1:colcon.colcon_core.package_identification:_identify(log) by extensions ['ignore', 'ignore_ament_install']
[0.295s] Level 1:colcon.colcon_core.package_identification:_identify(log) by extension 'ignore'
[0.295s] Level 1:colcon.colcon_core.package_identification:_identify(log) ignored
[0.295s] Level 1:colcon.colcon_core.package_identification:_identify(ros2_ws) by extensions ['ignore', 'ignore_ament_install']
[0.295s] Level 1:colcon.colcon_core.package_identification:_identify(ros2_ws) by extension 'ignore'
[0.295s] Level 1:colcon.colcon_core.package_identification:_identify(ros2_ws) by extension 'ignore_ament_install'
[0.295s] Level 1:colcon.colcon_core.package_identification:_identify(ros2_ws) by extensions ['colcon_pkg']
[0.295s] Level 1:colcon.colcon_core.package_identification:_identify(ros2_ws) by extension 'colcon_pkg'
[0.295s] Level 1:colcon.colcon_core.package_identification:_identify(ros2_ws) by extensions ['colcon_meta']
[0.295s] Level 1:colcon.colcon_core.package_identification:_identify(ros2_ws) by extension 'colcon_meta'
[0.295s] Level 1:colcon.colcon_core.package_identification:_identify(ros2_ws) by extensions ['ros']
[0.295s] Level 1:colcon.colcon_core.package_identification:_identify(ros2_ws) by extension 'ros'
[0.295s] Level 1:colcon.colcon_core.package_identification:_identify(ros2_ws) by extensions ['cmake', 'python']
[0.295s] Level 1:colcon.colcon_core.package_identification:_identify(ros2_ws) by extension 'cmake'
[0.295s] Level 1:colcon.colcon_core.package_identification:_identify(ros2_ws) by extension 'python'
[0.295s] Level 1:colcon.colcon_core.package_identification:_identify(ros2_ws) by extensions ['python_setup_py']
[0.295s] Level 1:colcon.colcon_core.package_identification:_identify(ros2_ws) by extension 'python_setup_py'
[0.295s] Level 1:colcon.colcon_core.package_identification:_identify(ros2_ws/build) by extensions ['ignore', 'ignore_ament_install']
[0.295s] Level 1:colcon.colcon_core.package_identification:_identify(ros2_ws/build) by extension 'ignore'
[0.295s] Level 1:colcon.colcon_core.package_identification:_identify(ros2_ws/build) ignored
[0.295s] Level 1:colcon.colcon_core.package_identification:_identify(ros2_ws/install) by extensions ['ignore', 'ignore_ament_install']
[0.296s] Level 1:colcon.colcon_core.package_identification:_identify(ros2_ws/install) by extension 'ignore'
[0.296s] Level 1:colcon.colcon_core.package_identification:_identify(ros2_ws/install) ignored
[0.296s] Level 1:colcon.colcon_core.package_identification:_identify(ros2_ws/log) by extensions ['ignore', 'ignore_ament_install']
[0.296s] Level 1:colcon.colcon_core.package_identification:_identify(ros2_ws/log) by extension 'ignore'
[0.296s] Level 1:colcon.colcon_core.package_identification:_identify(ros2_ws/log) ignored
[0.296s] Level 1:colcon.colcon_core.package_identification:_identify(ros2_ws/src) by extensions ['ignore', 'ignore_ament_install']
[0.296s] Level 1:colcon.colcon_core.package_identification:_identify(ros2_ws/src) by extension 'ignore'
[0.296s] Level 1:colcon.colcon_core.package_identification:_identify(ros2_ws/src) by extension 'ignore_ament_install'
[0.296s] Level 1:colcon.colcon_core.package_identification:_identify(ros2_ws/src) by extensions ['colcon_pkg']
[0.296s] Level 1:colcon.colcon_core.package_identification:_identify(ros2_ws/src) by extension 'colcon_pkg'
[0.296s] Level 1:colcon.colcon_core.package_identification:_identify(ros2_ws/src) by extensions ['colcon_meta']
[0.296s] Level 1:colcon.colcon_core.package_identification:_identify(ros2_ws/src) by extension 'colcon_meta'
[0.296s] Level 1:colcon.colcon_core.package_identification:_identify(ros2_ws/src) by extensions ['ros']
[0.296s] Level 1:colcon.colcon_core.package_identification:_identify(ros2_ws/src) by extension 'ros'
[0.296s] Level 1:colcon.colcon_core.package_identification:_identify(ros2_ws/src) by extensions ['cmake', 'python']
[0.296s] Level 1:colcon.colcon_core.package_identification:_identify(ros2_ws/src) by extension 'cmake'
[0.296s] Level 1:colcon.colcon_core.package_identification:_identify(ros2_ws/src) by extension 'python'
[0.296s] Level 1:colcon.colcon_core.package_identification:_identify(ros2_ws/src) by extensions ['python_setup_py']
[0.296s] Level 1:colcon.colcon_core.package_identification:_identify(ros2_ws/src) by extension 'python_setup_py'
[0.296s] Level 1:colcon.colcon_core.package_identification:_identify(ros2_ws/src/launch_pal) by extensions ['ignore', 'ignore_ament_install']
[0.296s] Level 1:colcon.colcon_core.package_identification:_identify(ros2_ws/src/launch_pal) by extension 'ignore'
[0.296s] Level 1:colcon.colcon_core.package_identification:_identify(ros2_ws/src/launch_pal) by extension 'ignore_ament_install'
[0.296s] Level 1:colcon.colcon_core.package_identification:_identify(ros2_ws/src/launch_pal) by extensions ['colcon_pkg']
[0.296s] Level 1:colcon.colcon_core.package_identification:_identify(ros2_ws/src/launch_pal) by extension 'colcon_pkg'
[0.296s] Level 1:colcon.colcon_core.package_identification:_identify(ros2_ws/src/launch_pal) by extensions ['colcon_meta']
[0.296s] Level 1:colcon.colcon_core.package_identification:_identify(ros2_ws/src/launch_pal) by extension 'colcon_meta'
[0.296s] Level 1:colcon.colcon_core.package_identification:_identify(ros2_ws/src/launch_pal) by extensions ['ros']
[0.296s] Level 1:colcon.colcon_core.package_identification:_identify(ros2_ws/src/launch_pal) by extension 'ros'
[0.299s] DEBUG:colcon.colcon_core.package_identification:Package 'ros2_ws/src/launch_pal' with type 'ros.ament_python' and name 'launch_pal'
[0.299s] Level 1:colcon.colcon_core.package_identification:_identify(ros2_ws/src/moveit_ros_control_interface) by extensions ['ignore', 'ignore_ament_install']
[0.299s] Level 1:colcon.colcon_core.package_identification:_identify(ros2_ws/src/moveit_ros_control_interface) by extension 'ignore'
[0.299s] Level 1:colcon.colcon_core.package_identification:_identify(ros2_ws/src/moveit_ros_control_interface) by extension 'ignore_ament_install'
[0.299s] Level 1:colcon.colcon_core.package_identification:_identify(ros2_ws/src/moveit_ros_control_interface) by extensions ['colcon_pkg']
[0.299s] Level 1:colcon.colcon_core.package_identification:_identify(ros2_ws/src/moveit_ros_control_interface) by extension 'colcon_pkg'
[0.299s] Level 1:colcon.colcon_core.package_identification:_identify(ros2_ws/src/moveit_ros_control_interface) by extensions ['colcon_meta']
[0.299s] Level 1:colcon.colcon_core.package_identification:_identify(ros2_ws/src/moveit_ros_control_interface) by extension 'colcon_meta'
[0.299s] Level 1:colcon.colcon_core.package_identification:_identify(ros2_ws/src/moveit_ros_control_interface) by extensions ['ros']
[0.299s] Level 1:colcon.colcon_core.package_identification:_identify(ros2_ws/src/moveit_ros_control_interface) by extension 'ros'
[0.300s] DEBUG:colcon.colcon_core.package_identification:Package 'ros2_ws/src/moveit_ros_control_interface' with type 'ros.ament_cmake' and name 'moveit_ros_control_interface'
[0.300s] Level 1:colcon.colcon_core.package_identification:_identify(ros2_ws/src/omni_base_robot) by extensions ['ignore', 'ignore_ament_install']
[0.300s] Level 1:colcon.colcon_core.package_identification:_identify(ros2_ws/src/omni_base_robot) by extension 'ignore'
[0.300s] Level 1:colcon.colcon_core.package_identification:_identify(ros2_ws/src/omni_base_robot) by extension 'ignore_ament_install'
[0.300s] Level 1:colcon.colcon_core.package_identification:_identify(ros2_ws/src/omni_base_robot) by extensions ['colcon_pkg']
[0.301s] Level 1:colcon.colcon_core.package_identification:_identify(ros2_ws/src/omni_base_robot) by extension 'colcon_pkg'
[0.301s] Level 1:colcon.colcon_core.package_identification:_identify(ros2_ws/src/omni_base_robot) by extensions ['colcon_meta']
[0.301s] Level 1:colcon.colcon_core.package_identification:_identify(ros2_ws/src/omni_base_robot) by extension 'colcon_meta'
[0.301s] Level 1:colcon.colcon_core.package_identification:_identify(ros2_ws/src/omni_base_robot) by extensions ['ros']
[0.301s] Level 1:colcon.colcon_core.package_identification:_identify(ros2_ws/src/omni_base_robot) by extension 'ros'
[0.301s] Level 1:colcon.colcon_core.package_identification:_identify(ros2_ws/src/omni_base_robot) by extensions ['cmake', 'python']
[0.301s] Level 1:colcon.colcon_core.package_identification:_identify(ros2_ws/src/omni_base_robot) by extension 'cmake'
[0.301s] Level 1:colcon.colcon_core.package_identification:_identify(ros2_ws/src/omni_base_robot) by extension 'python'
[0.301s] Level 1:colcon.colcon_core.package_identification:_identify(ros2_ws/src/omni_base_robot) by extensions ['python_setup_py']
[0.301s] Level 1:colcon.colcon_core.package_identification:_identify(ros2_ws/src/omni_base_robot) by extension 'python_setup_py'
[0.301s] Level 1:colcon.colcon_core.package_identification:_identify(ros2_ws/src/omni_base_robot/omni_base_bringup) by extensions ['ignore', 'ignore_ament_install']
[0.301s] Level 1:colcon.colcon_core.package_identification:_identify(ros2_ws/src/omni_base_robot/omni_base_bringup) by extension 'ignore'
[0.301s] Level 1:colcon.colcon_core.package_identification:_identify(ros2_ws/src/omni_base_robot/omni_base_bringup) by extension 'ignore_ament_install'
[0.301s] Level 1:colcon.colcon_core.package_identification:_identify(ros2_ws/src/omni_base_robot/omni_base_bringup) by extensions ['colcon_pkg']
[0.301s] Level 1:colcon.colcon_core.package_identification:_identify(ros2_ws/src/omni_base_robot/omni_base_bringup) by extension 'colcon_pkg'
[0.301s] Level 1:colcon.colcon_core.package_identification:_identify(ros2_ws/src/omni_base_robot/omni_base_bringup) by extensions ['colcon_meta']
[0.301s] Level 1:colcon.colcon_core.package_identification:_identify(ros2_ws/src/omni_base_robot/omni_base_bringup) by extension 'colcon_meta'
[0.301s] Level 1:colcon.colcon_core.package_identification:_identify(ros2_ws/src/omni_base_robot/omni_base_bringup) by extensions ['ros']
[0.301s] Level 1:colcon.colcon_core.package_identification:_identify(ros2_ws/src/omni_base_robot/omni_base_bringup) by extension 'ros'
[0.303s] DEBUG:colcon.colcon_core.package_identification:Package 'ros2_ws/src/omni_base_robot/omni_base_bringup' with type 'ros.ament_cmake' and name 'omni_base_bringup'
[0.303s] Level 1:colcon.colcon_core.package_identification:_identify(ros2_ws/src/omni_base_robot/omni_base_controller_configuration) by extensions ['ignore', 'ignore_ament_install']
[0.303s] Level 1:colcon.colcon_core.package_identification:_identify(ros2_ws/src/omni_base_robot/omni_base_controller_configuration) by extension 'ignore'
[0.304s] Level 1:colcon.colcon_core.package_identification:_identify(ros2_ws/src/omni_base_robot/omni_base_controller_configuration) by extension 'ignore_ament_install'
[0.304s] Level 1:colcon.colcon_core.package_identification:_identify(ros2_ws/src/omni_base_robot/omni_base_controller_configuration) by extensions ['colcon_pkg']
[0.304s] Level 1:colcon.colcon_core.package_identification:_identify(ros2_ws/src/omni_base_robot/omni_base_controller_configuration) by extension 'colcon_pkg'
[0.304s] Level 1:colcon.colcon_core.package_identification:_identify(ros2_ws/src/omni_base_robot/omni_base_controller_configuration) by extensions ['colcon_meta']
[0.304s] Level 1:colcon.colcon_core.package_identification:_identify(ros2_ws/src/omni_base_robot/omni_base_controller_configuration) by extension 'colcon_meta'
[0.304s] Level 1:colcon.colcon_core.package_identification:_identify(ros2_ws/src/omni_base_robot/omni_base_controller_configuration) by extensions ['ros']
[0.304s] Level 1:colcon.colcon_core.package_identification:_identify(ros2_ws/src/omni_base_robot/omni_base_controller_configuration) by extension 'ros'
[0.305s] DEBUG:colcon.colcon_core.package_identification:Package 'ros2_ws/src/omni_base_robot/omni_base_controller_configuration' with type 'ros.ament_cmake' and name 'omni_base_controller_configuration'
[0.305s] Level 1:colcon.colcon_core.package_identification:_identify(ros2_ws/src/omni_base_robot/omni_base_description) by extensions ['ignore', 'ignore_ament_install']
[0.305s] Level 1:colcon.colcon_core.package_identification:_identify(ros2_ws/src/omni_base_robot/omni_base_description) by extension 'ignore'
[0.305s] Level 1:colcon.colcon_core.package_identification:_identify(ros2_ws/src/omni_base_robot/omni_base_description) by extension 'ignore_ament_install'
[0.305s] Level 1:colcon.colcon_core.package_identification:_identify(ros2_ws/src/omni_base_robot/omni_base_description) by extensions ['colcon_pkg']
[0.305s] Level 1:colcon.colcon_core.package_identification:_identify(ros2_ws/src/omni_base_robot/omni_base_description) by extension 'colcon_pkg'
[0.305s] Level 1:colcon.colcon_core.package_identification:_identify(ros2_ws/src/omni_base_robot/omni_base_description) by extensions ['colcon_meta']
[0.305s] Level 1:colcon.colcon_core.package_identification:_identify(ros2_ws/src/omni_base_robot/omni_base_description) by extension 'colcon_meta'
[0.305s] Level 1:colcon.colcon_core.package_identification:_identify(ros2_ws/src/omni_base_robot/omni_base_description) by extensions ['ros']
[0.305s] Level 1:colcon.colcon_core.package_identification:_identify(ros2_ws/src/omni_base_robot/omni_base_description) by extension 'ros'
[0.306s] DEBUG:colcon.colcon_core.package_identification:Package 'ros2_ws/src/omni_base_robot/omni_base_description' with type 'ros.ament_cmake' and name 'omni_base_description'
[0.306s] Level 1:colcon.colcon_core.package_identification:_identify(ros2_ws/src/omni_base_robot/omni_base_robot) by extensions ['ignore', 'ignore_ament_install']
[0.306s] Level 1:colcon.colcon_core.package_identification:_identify(ros2_ws/src/omni_base_robot/omni_base_robot) by extension 'ignore'
[0.306s] Level 1:colcon.colcon_core.package_identification:_identify(ros2_ws/src/omni_base_robot/omni_base_robot) by extension 'ignore_ament_install'
[0.306s] Level 1:colcon.colcon_core.package_identification:_identify(ros2_ws/src/omni_base_robot/omni_base_robot) by extensions ['colcon_pkg']
[0.306s] Level 1:colcon.colcon_core.package_identification:_identify(ros2_ws/src/omni_base_robot/omni_base_robot) by extension 'colcon_pkg'
[0.306s] Level 1:colcon.colcon_core.package_identification:_identify(ros2_ws/src/omni_base_robot/omni_base_robot) by extensions ['colcon_meta']
[0.306s] Level 1:colcon.colcon_core.package_identification:_identify(ros2_ws/src/omni_base_robot/omni_base_robot) by extension 'colcon_meta'
[0.306s] Level 1:colcon.colcon_core.package_identification:_identify(ros2_ws/src/omni_base_robot/omni_base_robot) by extensions ['ros']
[0.306s] Level 1:colcon.colcon_core.package_identification:_identify(ros2_ws/src/omni_base_robot/omni_base_robot) by extension 'ros'
[0.307s] DEBUG:colcon.colcon_core.package_identification:Package 'ros2_ws/src/omni_base_robot/omni_base_robot' with type 'ros.ament_cmake' and name 'omni_base_robot'
[0.307s] Level 1:colcon.colcon_core.package_identification:_identify(ros2_ws/src/pal_gazebo_plugins) by extensions ['ignore', 'ignore_ament_install']
[0.307s] Level 1:colcon.colcon_core.package_identification:_identify(ros2_ws/src/pal_gazebo_plugins) by extension 'ignore'
[0.307s] Level 1:colcon.colcon_core.package_identification:_identify(ros2_ws/src/pal_gazebo_plugins) by extension 'ignore_ament_install'
[0.307s] Level 1:colcon.colcon_core.package_identification:_identify(ros2_ws/src/pal_gazebo_plugins) by extensions ['colcon_pkg']
[0.307s] Level 1:colcon.colcon_core.package_identification:_identify(ros2_ws/src/pal_gazebo_plugins) by extension 'colcon_pkg'
[0.307s] Level 1:colcon.colcon_core.package_identification:_identify(ros2_ws/src/pal_gazebo_plugins) by extensions ['colcon_meta']
[0.307s] Level 1:colcon.colcon_core.package_identification:_identify(ros2_ws/src/pal_gazebo_plugins) by extension 'colcon_meta'
[0.307s] Level 1:colcon.colcon_core.package_identification:_identify(ros2_ws/src/pal_gazebo_plugins) by extensions ['ros']
[0.307s] Level 1:colcon.colcon_core.package_identification:_identify(ros2_ws/src/pal_gazebo_plugins) by extension 'ros'
[0.308s] DEBUG:colcon.colcon_core.package_identification:Package 'ros2_ws/src/pal_gazebo_plugins' with type 'ros.ament_cmake' and name 'pal_gazebo_plugins'
[0.308s] Level 1:colcon.colcon_core.package_identification:_identify(ros2_ws/src/pal_gazebo_worlds) by extensions ['ignore', 'ignore_ament_install']
[0.308s] Level 1:colcon.colcon_core.package_identification:_identify(ros2_ws/src/pal_gazebo_worlds) by extension 'ignore'
[0.309s] Level 1:colcon.colcon_core.package_identification:_identify(ros2_ws/src/pal_gazebo_worlds) by extension 'ignore_ament_install'
[0.309s] Level 1:colcon.colcon_core.package_identification:_identify(ros2_ws/src/pal_gazebo_worlds) by extensions ['colcon_pkg']
[0.309s] Level 1:colcon.colcon_core.package_identification:_identify(ros2_ws/src/pal_gazebo_worlds) by extension 'colcon_pkg'
[0.309s] Level 1:colcon.colcon_core.package_identification:_identify(ros2_ws/src/pal_gazebo_worlds) by extensions ['colcon_meta']
[0.309s] Level 1:colcon.colcon_core.package_identification:_identify(ros2_ws/src/pal_gazebo_worlds) by extension 'colcon_meta'
[0.309s] Level 1:colcon.colcon_core.package_identification:_identify(ros2_ws/src/pal_gazebo_worlds) by extensions ['ros']
[0.309s] Level 1:colcon.colcon_core.package_identification:_identify(ros2_ws/src/pal_gazebo_worlds) by extension 'ros'
[0.310s] DEBUG:colcon.colcon_core.package_identification:Package 'ros2_ws/src/pal_gazebo_worlds' with type 'ros.ament_cmake' and name 'pal_gazebo_worlds'
[0.310s] Level 1:colcon.colcon_core.package_identification:_identify(ros2_ws/src/pal_gripper) by extensions ['ignore', 'ignore_ament_install']
[0.310s] Level 1:colcon.colcon_core.package_identification:_identify(ros2_ws/src/pal_gripper) by extension 'ignore'
[0.310s] Level 1:colcon.colcon_core.package_identification:_identify(ros2_ws/src/pal_gripper) by extension 'ignore_ament_install'
[0.310s] Level 1:colcon.colcon_core.package_identification:_identify(ros2_ws/src/pal_gripper) by extensions ['colcon_pkg']
[0.310s] Level 1:colcon.colcon_core.package_identification:_identify(ros2_ws/src/pal_gripper) by extension 'colcon_pkg'
[0.310s] Level 1:colcon.colcon_core.package_identification:_identify(ros2_ws/src/pal_gripper) by extensions ['colcon_meta']
[0.310s] Level 1:colcon.colcon_core.package_identification:_identify(ros2_ws/src/pal_gripper) by extension 'colcon_meta'
[0.310s] Level 1:colcon.colcon_core.package_identification:_identify(ros2_ws/src/pal_gripper) by extensions ['ros']
[0.310s] Level 1:colcon.colcon_core.package_identification:_identify(ros2_ws/src/pal_gripper) by extension 'ros'
[0.310s] Level 1:colcon.colcon_core.package_identification:_identify(ros2_ws/src/pal_gripper) by extensions ['cmake', 'python']
[0.310s] Level 1:colcon.colcon_core.package_identification:_identify(ros2_ws/src/pal_gripper) by extension 'cmake'
[0.310s] Level 1:colcon.colcon_core.package_identification:_identify(ros2_ws/src/pal_gripper) by extension 'python'
[0.310s] Level 1:colcon.colcon_core.package_identification:_identify(ros2_ws/src/pal_gripper) by extensions ['python_setup_py']
[0.310s] Level 1:colcon.colcon_core.package_identification:_identify(ros2_ws/src/pal_gripper) by extension 'python_setup_py'
[0.311s] Level 1:colcon.colcon_core.package_identification:_identify(ros2_ws/src/pal_gripper/pal_gripper) by extensions ['ignore', 'ignore_ament_install']
[0.311s] Level 1:colcon.colcon_core.package_identification:_identify(ros2_ws/src/pal_gripper/pal_gripper) by extension 'ignore'
[0.311s] Level 1:colcon.colcon_core.package_identification:_identify(ros2_ws/src/pal_gripper/pal_gripper) by extension 'ignore_ament_install'
[0.311s] Level 1:colcon.colcon_core.package_identification:_identify(ros2_ws/src/pal_gripper/pal_gripper) by extensions ['colcon_pkg']
[0.311s] Level 1:colcon.colcon_core.package_identification:_identify(ros2_ws/src/pal_gripper/pal_gripper) by extension 'colcon_pkg'
[0.311s] Level 1:colcon.colcon_core.package_identification:_identify(ros2_ws/src/pal_gripper/pal_gripper) by extensions ['colcon_meta']
[0.311s] Level 1:colcon.colcon_core.package_identification:_identify(ros2_ws/src/pal_gripper/pal_gripper) by extension 'colcon_meta'
[0.311s] Level 1:colcon.colcon_core.package_identification:_identify(ros2_ws/src/pal_gripper/pal_gripper) by extensions ['ros']
[0.311s] Level 1:colcon.colcon_core.package_identification:_identify(ros2_ws/src/pal_gripper/pal_gripper) by extension 'ros'
[0.311s] DEBUG:colcon.colcon_core.package_identification:Package 'ros2_ws/src/pal_gripper/pal_gripper' with type 'ros.ament_cmake' and name 'pal_gripper'
[0.311s] Level 1:colcon.colcon_core.package_identification:_identify(ros2_ws/src/pal_gripper/pal_gripper_controller_configuration) by extensions ['ignore', 'ignore_ament_install']
[0.312s] Level 1:colcon.colcon_core.package_identification:_identify(ros2_ws/src/pal_gripper/pal_gripper_controller_configuration) by extension 'ignore'
[0.312s] Level 1:colcon.colcon_core.package_identification:_identify(ros2_ws/src/pal_gripper/pal_gripper_controller_configuration) by extension 'ignore_ament_install'
[0.312s] Level 1:colcon.colcon_core.package_identification:_identify(ros2_ws/src/pal_gripper/pal_gripper_controller_configuration) by extensions ['colcon_pkg']
[0.312s] Level 1:colcon.colcon_core.package_identification:_identify(ros2_ws/src/pal_gripper/pal_gripper_controller_configuration) by extension 'colcon_pkg'
[0.312s] Level 1:colcon.colcon_core.package_identification:_identify(ros2_ws/src/pal_gripper/pal_gripper_controller_configuration) by extensions ['colcon_meta']
[0.312s] Level 1:colcon.colcon_core.package_identification:_identify(ros2_ws/src/pal_gripper/pal_gripper_controller_configuration) by extension 'colcon_meta'
[0.312s] Level 1:colcon.colcon_core.package_identification:_identify(ros2_ws/src/pal_gripper/pal_gripper_controller_configuration) by extensions ['ros']
[0.312s] Level 1:colcon.colcon_core.package_identification:_identify(ros2_ws/src/pal_gripper/pal_gripper_controller_configuration) by extension 'ros'
[0.312s] DEBUG:colcon.colcon_core.package_identification:Package 'ros2_ws/src/pal_gripper/pal_gripper_controller_configuration' with type 'ros.ament_cmake' and name 'pal_gripper_controller_configuration'
[0.312s] Level 1:colcon.colcon_core.package_identification:_identify(ros2_ws/src/pal_gripper/pal_gripper_description) by extensions ['ignore', 'ignore_ament_install']
[0.312s] Level 1:colcon.colcon_core.package_identification:_identify(ros2_ws/src/pal_gripper/pal_gripper_description) by extension 'ignore'
[0.313s] Level 1:colcon.colcon_core.package_identification:_identify(ros2_ws/src/pal_gripper/pal_gripper_description) by extension 'ignore_ament_install'
[0.313s] Level 1:colcon.colcon_core.package_identification:_identify(ros2_ws/src/pal_gripper/pal_gripper_description) by extensions ['colcon_pkg']
[0.313s] Level 1:colcon.colcon_core.package_identification:_identify(ros2_ws/src/pal_gripper/pal_gripper_description) by extension 'colcon_pkg'
[0.313s] Level 1:colcon.colcon_core.package_identification:_identify(ros2_ws/src/pal_gripper/pal_gripper_description) by extensions ['colcon_meta']
[0.313s] Level 1:colcon.colcon_core.package_identification:_identify(ros2_ws/src/pal_gripper/pal_gripper_description) by extension 'colcon_meta'
[0.313s] Level 1:colcon.colcon_core.package_identification:_identify(ros2_ws/src/pal_gripper/pal_gripper_description) by extensions ['ros']
[0.313s] Level 1:colcon.colcon_core.package_identification:_identify(ros2_ws/src/pal_gripper/pal_gripper_description) by extension 'ros'
[0.313s] DEBUG:colcon.colcon_core.package_identification:Package 'ros2_ws/src/pal_gripper/pal_gripper_description' with type 'ros.ament_cmake' and name 'pal_gripper_description'
[0.313s] Level 1:colcon.colcon_core.package_identification:_identify(ros2_ws/src/pal_gripper/pal_gripper_simulation) by extensions ['ignore', 'ignore_ament_install']
[0.313s] Level 1:colcon.colcon_core.package_identification:_identify(ros2_ws/src/pal_gripper/pal_gripper_simulation) by extension 'ignore'
[0.313s] Level 1:colcon.colcon_core.package_identification:_identify(ros2_ws/src/pal_gripper/pal_gripper_simulation) by extension 'ignore_ament_install'
[0.313s] Level 1:colcon.colcon_core.package_identification:_identify(ros2_ws/src/pal_gripper/pal_gripper_simulation) by extensions ['colcon_pkg']
[0.313s] Level 1:colcon.colcon_core.package_identification:_identify(ros2_ws/src/pal_gripper/pal_gripper_simulation) by extension 'colcon_pkg'
[0.313s] Level 1:colcon.colcon_core.package_identification:_identify(ros2_ws/src/pal_gripper/pal_gripper_simulation) by extensions ['colcon_meta']
[0.313s] Level 1:colcon.colcon_core.package_identification:_identify(ros2_ws/src/pal_gripper/pal_gripper_simulation) by extension 'colcon_meta'
[0.314s] Level 1:colcon.colcon_core.package_identification:_identify(ros2_ws/src/pal_gripper/pal_gripper_simulation) by extensions ['ros']
[0.314s] Level 1:colcon.colcon_core.package_identification:_identify(ros2_ws/src/pal_gripper/pal_gripper_simulation) by extension 'ros'
[0.314s] DEBUG:colcon.colcon_core.package_identification:Package 'ros2_ws/src/pal_gripper/pal_gripper_simulation' with type 'ros.ament_cmake' and name 'pal_gripper_simulation'
[0.314s] Level 1:colcon.colcon_core.package_identification:_identify(ros2_ws/src/pal_hey5) by extensions ['ignore', 'ignore_ament_install']
[0.314s] Level 1:colcon.colcon_core.package_identification:_identify(ros2_ws/src/pal_hey5) by extension 'ignore'
[0.314s] Level 1:colcon.colcon_core.package_identification:_identify(ros2_ws/src/pal_hey5) by extension 'ignore_ament_install'
[0.314s] Level 1:colcon.colcon_core.package_identification:_identify(ros2_ws/src/pal_hey5) by extensions ['colcon_pkg']
[0.314s] Level 1:colcon.colcon_core.package_identification:_identify(ros2_ws/src/pal_hey5) by extension 'colcon_pkg'
[0.314s] Level 1:colcon.colcon_core.package_identification:_identify(ros2_ws/src/pal_hey5) by extensions ['colcon_meta']
[0.314s] Level 1:colcon.colcon_core.package_identification:_identify(ros2_ws/src/pal_hey5) by extension 'colcon_meta'
[0.315s] Level 1:colcon.colcon_core.package_identification:_identify(ros2_ws/src/pal_hey5) by extensions ['ros']
[0.315s] Level 1:colcon.colcon_core.package_identification:_identify(ros2_ws/src/pal_hey5) by extension 'ros'
[0.315s] Level 1:colcon.colcon_core.package_identification:_identify(ros2_ws/src/pal_hey5) by extensions ['cmake', 'python']
[0.315s] Level 1:colcon.colcon_core.package_identification:_identify(ros2_ws/src/pal_hey5) by extension 'cmake'
[0.315s] Level 1:colcon.colcon_core.package_identification:_identify(ros2_ws/src/pal_hey5) by extension 'python'
[0.315s] Level 1:colcon.colcon_core.package_identification:_identify(ros2_ws/src/pal_hey5) by extensions ['python_setup_py']
[0.315s] Level 1:colcon.colcon_core.package_identification:_identify(ros2_ws/src/pal_hey5) by extension 'python_setup_py'
[0.315s] Level 1:colcon.colcon_core.package_identification:_identify(ros2_ws/src/pal_hey5/pal_hey5) by extensions ['ignore', 'ignore_ament_install']
[0.315s] Level 1:colcon.colcon_core.package_identification:_identify(ros2_ws/src/pal_hey5/pal_hey5) by extension 'ignore'
[0.315s] Level 1:colcon.colcon_core.package_identification:_identify(ros2_ws/src/pal_hey5/pal_hey5) by extension 'ignore_ament_install'
[0.315s] Level 1:colcon.colcon_core.package_identification:_identify(ros2_ws/src/pal_hey5/pal_hey5) by extensions ['colcon_pkg']
[0.315s] Level 1:colcon.colcon_core.package_identification:_identify(ros2_ws/src/pal_hey5/pal_hey5) by extension 'colcon_pkg'
[0.315s] Level 1:colcon.colcon_core.package_identification:_identify(ros2_ws/src/pal_hey5/pal_hey5) by extensions ['colcon_meta']
[0.315s] Level 1:colcon.colcon_core.package_identification:_identify(ros2_ws/src/pal_hey5/pal_hey5) by extension 'colcon_meta'
[0.315s] Level 1:colcon.colcon_core.package_identification:_identify(ros2_ws/src/pal_hey5/pal_hey5) by extensions ['ros']
[0.315s] Level 1:colcon.colcon_core.package_identification:_identify(ros2_ws/src/pal_hey5/pal_hey5) by extension 'ros'
[0.315s] DEBUG:colcon.colcon_core.package_identification:Package 'ros2_ws/src/pal_hey5/pal_hey5' with type 'ros.ament_cmake' and name 'pal_hey5'
[0.316s] Level 1:colcon.colcon_core.package_identification:_identify(ros2_ws/src/pal_hey5/pal_hey5_controller_configuration) by extensions ['ignore', 'ignore_ament_install']
[0.316s] Level 1:colcon.colcon_core.package_identification:_identify(ros2_ws/src/pal_hey5/pal_hey5_controller_configuration) by extension 'ignore'
[0.316s] Level 1:colcon.colcon_core.package_identification:_identify(ros2_ws/src/pal_hey5/pal_hey5_controller_configuration) by extension 'ignore_ament_install'
[0.316s] Level 1:colcon.colcon_core.package_identification:_identify(ros2_ws/src/pal_hey5/pal_hey5_controller_configuration) by extensions ['colcon_pkg']
[0.316s] Level 1:colcon.colcon_core.package_identification:_identify(ros2_ws/src/pal_hey5/pal_hey5_controller_configuration) by extension 'colcon_pkg'
[0.316s] Level 1:colcon.colcon_core.package_identification:_identify(ros2_ws/src/pal_hey5/pal_hey5_controller_configuration) by extensions ['colcon_meta']
[0.316s] Level 1:colcon.colcon_core.package_identification:_identify(ros2_ws/src/pal_hey5/pal_hey5_controller_configuration) by extension 'colcon_meta'
[0.316s] Level 1:colcon.colcon_core.package_identification:_identify(ros2_ws/src/pal_hey5/pal_hey5_controller_configuration) by extensions ['ros']
[0.316s] Level 1:colcon.colcon_core.package_identification:_identify(ros2_ws/src/pal_hey5/pal_hey5_controller_configuration) by extension 'ros'
[0.316s] DEBUG:colcon.colcon_core.package_identification:Package 'ros2_ws/src/pal_hey5/pal_hey5_controller_configuration' with type 'ros.ament_cmake' and name 'pal_hey5_controller_configuration'
[0.316s] Level 1:colcon.colcon_core.package_identification:_identify(ros2_ws/src/pal_hey5/pal_hey5_description) by extensions ['ignore', 'ignore_ament_install']
[0.316s] Level 1:colcon.colcon_core.package_identification:_identify(ros2_ws/src/pal_hey5/pal_hey5_description) by extension 'ignore'
[0.316s] Level 1:colcon.colcon_core.package_identification:_identify(ros2_ws/src/pal_hey5/pal_hey5_description) by extension 'ignore_ament_install'
[0.316s] Level 1:colcon.colcon_core.package_identification:_identify(ros2_ws/src/pal_hey5/pal_hey5_description) by extensions ['colcon_pkg']
[0.317s] Level 1:colcon.colcon_core.package_identification:_identify(ros2_ws/src/pal_hey5/pal_hey5_description) by extension 'colcon_pkg'
[0.317s] Level 1:colcon.colcon_core.package_identification:_identify(ros2_ws/src/pal_hey5/pal_hey5_description) by extensions ['colcon_meta']
[0.317s] Level 1:colcon.colcon_core.package_identification:_identify(ros2_ws/src/pal_hey5/pal_hey5_description) by extension 'colcon_meta'
[0.317s] Level 1:colcon.colcon_core.package_identification:_identify(ros2_ws/src/pal_hey5/pal_hey5_description) by extensions ['ros']
[0.317s] Level 1:colcon.colcon_core.package_identification:_identify(ros2_ws/src/pal_hey5/pal_hey5_description) by extension 'ros'
[0.317s] DEBUG:colcon.colcon_core.package_identification:Package 'ros2_ws/src/pal_hey5/pal_hey5_description' with type 'ros.ament_cmake' and name 'pal_hey5_description'
[0.317s] Level 1:colcon.colcon_core.package_identification:_identify(ros2_ws/src/pal_maps) by extensions ['ignore', 'ignore_ament_install']
[0.317s] Level 1:colcon.colcon_core.package_identification:_identify(ros2_ws/src/pal_maps) by extension 'ignore'
[0.317s] Level 1:colcon.colcon_core.package_identification:_identify(ros2_ws/src/pal_maps) by extension 'ignore_ament_install'
[0.317s] Level 1:colcon.colcon_core.package_identification:_identify(ros2_ws/src/pal_maps) by extensions ['colcon_pkg']
[0.317s] Level 1:colcon.colcon_core.package_identification:_identify(ros2_ws/src/pal_maps) by extension 'colcon_pkg'
[0.317s] Level 1:colcon.colcon_core.package_identification:_identify(ros2_ws/src/pal_maps) by extensions ['colcon_meta']
[0.317s] Level 1:colcon.colcon_core.package_identification:_identify(ros2_ws/src/pal_maps) by extension 'colcon_meta'
[0.317s] Level 1:colcon.colcon_core.package_identification:_identify(ros2_ws/src/pal_maps) by extensions ['ros']
[0.317s] Level 1:colcon.colcon_core.package_identification:_identify(ros2_ws/src/pal_maps) by extension 'ros'
[0.318s] DEBUG:colcon.colcon_core.package_identification:Package 'ros2_ws/src/pal_maps' with type 'ros.ament_cmake' and name 'pal_maps'
[0.318s] Level 1:colcon.colcon_core.package_identification:_identify(ros2_ws/src/pal_msgs) by extensions ['ignore', 'ignore_ament_install']
[0.318s] Level 1:colcon.colcon_core.package_identification:_identify(ros2_ws/src/pal_msgs) by extension 'ignore'
[0.318s] Level 1:colcon.colcon_core.package_identification:_identify(ros2_ws/src/pal_msgs) by extension 'ignore_ament_install'
[0.318s] Level 1:colcon.colcon_core.package_identification:_identify(ros2_ws/src/pal_msgs) by extensions ['colcon_pkg']
[0.318s] Level 1:colcon.colcon_core.package_identification:_identify(ros2_ws/src/pal_msgs) by extension 'colcon_pkg'
[0.318s] Level 1:colcon.colcon_core.package_identification:_identify(ros2_ws/src/pal_msgs) by extensions ['colcon_meta']
[0.318s] Level 1:colcon.colcon_core.package_identification:_identify(ros2_ws/src/pal_msgs) by extension 'colcon_meta'
[0.318s] Level 1:colcon.colcon_core.package_identification:_identify(ros2_ws/src/pal_msgs) by extensions ['ros']
[0.318s] Level 1:colcon.colcon_core.package_identification:_identify(ros2_ws/src/pal_msgs) by extension 'ros'
[0.318s] Level 1:colcon.colcon_core.package_identification:_identify(ros2_ws/src/pal_msgs) by extensions ['cmake', 'python']
[0.318s] Level 1:colcon.colcon_core.package_identification:_identify(ros2_ws/src/pal_msgs) by extension 'cmake'
[0.318s] Level 1:colcon.colcon_core.package_identification:_identify(ros2_ws/src/pal_msgs) by extension 'python'
[0.318s] Level 1:colcon.colcon_core.package_identification:_identify(ros2_ws/src/pal_msgs) by extensions ['python_setup_py']
[0.318s] Level 1:colcon.colcon_core.package_identification:_identify(ros2_ws/src/pal_msgs) by extension 'python_setup_py'
[0.318s] Level 1:colcon.colcon_core.package_identification:_identify(ros2_ws/src/pal_msgs/pal_behaviour_msgs) by extensions ['ignore', 'ignore_ament_install']
[0.319s] Level 1:colcon.colcon_core.package_identification:_identify(ros2_ws/src/pal_msgs/pal_behaviour_msgs) by extension 'ignore'
[0.319s] Level 1:colcon.colcon_core.package_identification:_identify(ros2_ws/src/pal_msgs/pal_behaviour_msgs) ignored
[0.319s] Level 1:colcon.colcon_core.package_identification:_identify(ros2_ws/src/pal_msgs/pal_common_msgs) by extensions ['ignore', 'ignore_ament_install']
[0.319s] Level 1:colcon.colcon_core.package_identification:_identify(ros2_ws/src/pal_msgs/pal_common_msgs) by extension 'ignore'
[0.319s] Level 1:colcon.colcon_core.package_identification:_identify(ros2_ws/src/pal_msgs/pal_common_msgs) ignored
[0.319s] Level 1:colcon.colcon_core.package_identification:_identify(ros2_ws/src/pal_msgs/pal_control_msgs) by extensions ['ignore', 'ignore_ament_install']
[0.319s] Level 1:colcon.colcon_core.package_identification:_identify(ros2_ws/src/pal_msgs/pal_control_msgs) by extension 'ignore'
[0.319s] Level 1:colcon.colcon_core.package_identification:_identify(ros2_ws/src/pal_msgs/pal_control_msgs) ignored
[0.319s] Level 1:colcon.colcon_core.package_identification:_identify(ros2_ws/src/pal_msgs/pal_detection_msgs) by extensions ['ignore', 'ignore_ament_install']
[0.319s] Level 1:colcon.colcon_core.package_identification:_identify(ros2_ws/src/pal_msgs/pal_detection_msgs) by extension 'ignore'
[0.319s] Level 1:colcon.colcon_core.package_identification:_identify(ros2_ws/src/pal_msgs/pal_detection_msgs) ignored
[0.319s] Level 1:colcon.colcon_core.package_identification:_identify(ros2_ws/src/pal_msgs/pal_device_msgs) by extensions ['ignore', 'ignore_ament_install']
[0.319s] Level 1:colcon.colcon_core.package_identification:_identify(ros2_ws/src/pal_msgs/pal_device_msgs) by extension 'ignore'
[0.319s] Level 1:colcon.colcon_core.package_identification:_identify(ros2_ws/src/pal_msgs/pal_device_msgs) by extension 'ignore_ament_install'
[0.319s] Level 1:colcon.colcon_core.package_identification:_identify(ros2_ws/src/pal_msgs/pal_device_msgs) by extensions ['colcon_pkg']
[0.319s] Level 1:colcon.colcon_core.package_identification:_identify(ros2_ws/src/pal_msgs/pal_device_msgs) by extension 'colcon_pkg'
[0.319s] Level 1:colcon.colcon_core.package_identification:_identify(ros2_ws/src/pal_msgs/pal_device_msgs) by extensions ['colcon_meta']
[0.319s] Level 1:colcon.colcon_core.package_identification:_identify(ros2_ws/src/pal_msgs/pal_device_msgs) by extension 'colcon_meta'
[0.319s] Level 1:colcon.colcon_core.package_identification:_identify(ros2_ws/src/pal_msgs/pal_device_msgs) by extensions ['ros']
[0.319s] Level 1:colcon.colcon_core.package_identification:_identify(ros2_ws/src/pal_msgs/pal_device_msgs) by extension 'ros'
[0.320s] DEBUG:colcon.colcon_core.package_identification:Package 'ros2_ws/src/pal_msgs/pal_device_msgs' with type 'ros.ament_cmake' and name 'pal_device_msgs'
[0.320s] Level 1:colcon.colcon_core.package_identification:_identify(ros2_ws/src/pal_msgs/pal_interaction_msgs) by extensions ['ignore', 'ignore_ament_install']
[0.320s] Level 1:colcon.colcon_core.package_identification:_identify(ros2_ws/src/pal_msgs/pal_interaction_msgs) by extension 'ignore'
[0.320s] Level 1:colcon.colcon_core.package_identification:_identify(ros2_ws/src/pal_msgs/pal_interaction_msgs) ignored
[0.320s] Level 1:colcon.colcon_core.package_identification:_identify(ros2_ws/src/pal_msgs/pal_motion_model_msgs) by extensions ['ignore', 'ignore_ament_install']
[0.320s] Level 1:colcon.colcon_core.package_identification:_identify(ros2_ws/src/pal_msgs/pal_motion_model_msgs) by extension 'ignore'
[0.320s] Level 1:colcon.colcon_core.package_identification:_identify(ros2_ws/src/pal_msgs/pal_motion_model_msgs) ignored
[0.320s] Level 1:colcon.colcon_core.package_identification:_identify(ros2_ws/src/pal_msgs/pal_msgs) by extensions ['ignore', 'ignore_ament_install']
[0.320s] Level 1:colcon.colcon_core.package_identification:_identify(ros2_ws/src/pal_msgs/pal_msgs) by extension 'ignore'
[0.320s] Level 1:colcon.colcon_core.package_identification:_identify(ros2_ws/src/pal_msgs/pal_msgs) ignored
[0.320s] Level 1:colcon.colcon_core.package_identification:_identify(ros2_ws/src/pal_msgs/pal_multirobot_msgs) by extensions ['ignore', 'ignore_ament_install']
[0.320s] Level 1:colcon.colcon_core.package_identification:_identify(ros2_ws/src/pal_msgs/pal_multirobot_msgs) by extension 'ignore'
[0.320s] Level 1:colcon.colcon_core.package_identification:_identify(ros2_ws/src/pal_msgs/pal_multirobot_msgs) ignored
[0.320s] Level 1:colcon.colcon_core.package_identification:_identify(ros2_ws/src/pal_msgs/pal_navigation_msgs) by extensions ['ignore', 'ignore_ament_install']
[0.321s] Level 1:colcon.colcon_core.package_identification:_identify(ros2_ws/src/pal_msgs/pal_navigation_msgs) by extension 'ignore'
[0.321s] Level 1:colcon.colcon_core.package_identification:_identify(ros2_ws/src/pal_msgs/pal_navigation_msgs) ignored
[0.321s] Level 1:colcon.colcon_core.package_identification:_identify(ros2_ws/src/pal_msgs/pal_simulation_msgs) by extensions ['ignore', 'ignore_ament_install']
[0.321s] Level 1:colcon.colcon_core.package_identification:_identify(ros2_ws/src/pal_msgs/pal_simulation_msgs) by extension 'ignore'
[0.321s] Level 1:colcon.colcon_core.package_identification:_identify(ros2_ws/src/pal_msgs/pal_simulation_msgs) ignored
[0.321s] Level 1:colcon.colcon_core.package_identification:_identify(ros2_ws/src/pal_msgs/pal_tablet_msgs) by extensions ['ignore', 'ignore_ament_install']
[0.321s] Level 1:colcon.colcon_core.package_identification:_identify(ros2_ws/src/pal_msgs/pal_tablet_msgs) by extension 'ignore'
[0.321s] Level 1:colcon.colcon_core.package_identification:_identify(ros2_ws/src/pal_msgs/pal_tablet_msgs) ignored
[0.321s] Level 1:colcon.colcon_core.package_identification:_identify(ros2_ws/src/pal_msgs/pal_video_recording_msgs) by extensions ['ignore', 'ignore_ament_install']
[0.321s] Level 1:colcon.colcon_core.package_identification:_identify(ros2_ws/src/pal_msgs/pal_video_recording_msgs) by extension 'ignore'
[0.321s] Level 1:colcon.colcon_core.package_identification:_identify(ros2_ws/src/pal_msgs/pal_video_recording_msgs) ignored
[0.321s] Level 1:colcon.colcon_core.package_identification:_identify(ros2_ws/src/pal_msgs/pal_vision_msgs) by extensions ['ignore', 'ignore_ament_install']
[0.321s] Level 1:colcon.colcon_core.package_identification:_identify(ros2_ws/src/pal_msgs/pal_vision_msgs) by extension 'ignore'
[0.321s] Level 1:colcon.colcon_core.package_identification:_identify(ros2_ws/src/pal_msgs/pal_vision_msgs) ignored
[0.321s] Level 1:colcon.colcon_core.package_identification:_identify(ros2_ws/src/pal_msgs/pal_visual_localization_msgs) by extensions ['ignore', 'ignore_ament_install']
[0.321s] Level 1:colcon.colcon_core.package_identification:_identify(ros2_ws/src/pal_msgs/pal_visual_localization_msgs) by extension 'ignore'
[0.321s] Level 1:colcon.colcon_core.package_identification:_identify(ros2_ws/src/pal_msgs/pal_visual_localization_msgs) ignored
[0.321s] Level 1:colcon.colcon_core.package_identification:_identify(ros2_ws/src/pal_msgs/pal_walking_msgs) by extensions ['ignore', 'ignore_ament_install']
[0.321s] Level 1:colcon.colcon_core.package_identification:_identify(ros2_ws/src/pal_msgs/pal_walking_msgs) by extension 'ignore'
[0.321s] Level 1:colcon.colcon_core.package_identification:_identify(ros2_ws/src/pal_msgs/pal_walking_msgs) ignored
[0.321s] Level 1:colcon.colcon_core.package_identification:_identify(ros2_ws/src/pal_msgs/pal_web_msgs) by extensions ['ignore', 'ignore_ament_install']
[0.321s] Level 1:colcon.colcon_core.package_identification:_identify(ros2_ws/src/pal_msgs/pal_web_msgs) by extension 'ignore'
[0.321s] Level 1:colcon.colcon_core.package_identification:_identify(ros2_ws/src/pal_msgs/pal_web_msgs) ignored
[0.321s] Level 1:colcon.colcon_core.package_identification:_identify(ros2_ws/src/pal_msgs/pal_wifi_localization_msgs) by extensions ['ignore', 'ignore_ament_install']
[0.321s] Level 1:colcon.colcon_core.package_identification:_identify(ros2_ws/src/pal_msgs/pal_wifi_localization_msgs) by extension 'ignore'
[0.322s] Level 1:colcon.colcon_core.package_identification:_identify(ros2_ws/src/pal_msgs/pal_wifi_localization_msgs) ignored
[0.322s] Level 1:colcon.colcon_core.package_identification:_identify(ros2_ws/src/pal_robotiq_gripper) by extensions ['ignore', 'ignore_ament_install']
[0.322s] Level 1:colcon.colcon_core.package_identification:_identify(ros2_ws/src/pal_robotiq_gripper) by extension 'ignore'
[0.322s] Level 1:colcon.colcon_core.package_identification:_identify(ros2_ws/src/pal_robotiq_gripper) by extension 'ignore_ament_install'
[0.322s] Level 1:colcon.colcon_core.package_identification:_identify(ros2_ws/src/pal_robotiq_gripper) by extensions ['colcon_pkg']
[0.322s] Level 1:colcon.colcon_core.package_identification:_identify(ros2_ws/src/pal_robotiq_gripper) by extension 'colcon_pkg'
[0.322s] Level 1:colcon.colcon_core.package_identification:_identify(ros2_ws/src/pal_robotiq_gripper) by extensions ['colcon_meta']
[0.322s] Level 1:colcon.colcon_core.package_identification:_identify(ros2_ws/src/pal_robotiq_gripper) by extension 'colcon_meta'
[0.322s] Level 1:colcon.colcon_core.package_identification:_identify(ros2_ws/src/pal_robotiq_gripper) by extensions ['ros']
[0.322s] Level 1:colcon.colcon_core.package_identification:_identify(ros2_ws/src/pal_robotiq_gripper) by extension 'ros'
[0.322s] Level 1:colcon.colcon_core.package_identification:_identify(ros2_ws/src/pal_robotiq_gripper) by extensions ['cmake', 'python']
[0.322s] Level 1:colcon.colcon_core.package_identification:_identify(ros2_ws/src/pal_robotiq_gripper) by extension 'cmake'
[0.322s] Level 1:colcon.colcon_core.package_identification:_identify(ros2_ws/src/pal_robotiq_gripper) by extension 'python'
[0.322s] Level 1:colcon.colcon_core.package_identification:_identify(ros2_ws/src/pal_robotiq_gripper) by extensions ['python_setup_py']
[0.322s] Level 1:colcon.colcon_core.package_identification:_identify(ros2_ws/src/pal_robotiq_gripper) by extension 'python_setup_py'
[0.322s] Level 1:colcon.colcon_core.package_identification:_identify(ros2_ws/src/pal_robotiq_gripper/pal_robotiq_controller_configuration) by extensions ['ignore', 'ignore_ament_install']
[0.322s] Level 1:colcon.colcon_core.package_identification:_identify(ros2_ws/src/pal_robotiq_gripper/pal_robotiq_controller_configuration) by extension 'ignore'
[0.322s] Level 1:colcon.colcon_core.package_identification:_identify(ros2_ws/src/pal_robotiq_gripper/pal_robotiq_controller_configuration) by extension 'ignore_ament_install'
[0.322s] Level 1:colcon.colcon_core.package_identification:_identify(ros2_ws/src/pal_robotiq_gripper/pal_robotiq_controller_configuration) by extensions ['colcon_pkg']
[0.322s] Level 1:colcon.colcon_core.package_identification:_identify(ros2_ws/src/pal_robotiq_gripper/pal_robotiq_controller_configuration) by extension 'colcon_pkg'
[0.322s] Level 1:colcon.colcon_core.package_identification:_identify(ros2_ws/src/pal_robotiq_gripper/pal_robotiq_controller_configuration) by extensions ['colcon_meta']
[0.322s] Level 1:colcon.colcon_core.package_identification:_identify(ros2_ws/src/pal_robotiq_gripper/pal_robotiq_controller_configuration) by extension 'colcon_meta'
[0.322s] Level 1:colcon.colcon_core.package_identification:_identify(ros2_ws/src/pal_robotiq_gripper/pal_robotiq_controller_configuration) by extensions ['ros']
[0.322s] Level 1:colcon.colcon_core.package_identification:_identify(ros2_ws/src/pal_robotiq_gripper/pal_robotiq_controller_configuration) by extension 'ros'
[0.323s] DEBUG:colcon.colcon_core.package_identification:Package 'ros2_ws/src/pal_robotiq_gripper/pal_robotiq_controller_configuration' with type 'ros.ament_cmake' and name 'pal_robotiq_controller_configuration'
[0.324s] Level 1:colcon.colcon_core.package_identification:_identify(ros2_ws/src/pal_robotiq_gripper/pal_robotiq_description) by extensions ['ignore', 'ignore_ament_install']
[0.324s] Level 1:colcon.colcon_core.package_identification:_identify(ros2_ws/src/pal_robotiq_gripper/pal_robotiq_description) by extension 'ignore'
[0.324s] Level 1:colcon.colcon_core.package_identification:_identify(ros2_ws/src/pal_robotiq_gripper/pal_robotiq_description) by extension 'ignore_ament_install'
[0.324s] Level 1:colcon.colcon_core.package_identification:_identify(ros2_ws/src/pal_robotiq_gripper/pal_robotiq_description) by extensions ['colcon_pkg']
[0.324s] Level 1:colcon.colcon_core.package_identification:_identify(ros2_ws/src/pal_robotiq_gripper/pal_robotiq_description) by extension 'colcon_pkg'
[0.324s] Level 1:colcon.colcon_core.package_identification:_identify(ros2_ws/src/pal_robotiq_gripper/pal_robotiq_description) by extensions ['colcon_meta']
[0.324s] Level 1:colcon.colcon_core.package_identification:_identify(ros2_ws/src/pal_robotiq_gripper/pal_robotiq_description) by extension 'colcon_meta'
[0.324s] Level 1:colcon.colcon_core.package_identification:_identify(ros2_ws/src/pal_robotiq_gripper/pal_robotiq_description) by extensions ['ros']
[0.324s] Level 1:colcon.colcon_core.package_identification:_identify(ros2_ws/src/pal_robotiq_gripper/pal_robotiq_description) by extension 'ros'
[0.324s] DEBUG:colcon.colcon_core.package_identification:Package 'ros2_ws/src/pal_robotiq_gripper/pal_robotiq_description' with type 'ros.ament_cmake' and name 'pal_robotiq_description'
[0.324s] Level 1:colcon.colcon_core.package_identification:_identify(ros2_ws/src/pal_robotiq_gripper/pal_robotiq_epick_gripper) by extensions ['ignore', 'ignore_ament_install']
[0.324s] Level 1:colcon.colcon_core.package_identification:_identify(ros2_ws/src/pal_robotiq_gripper/pal_robotiq_epick_gripper) by extension 'ignore'
[0.324s] Level 1:colcon.colcon_core.package_identification:_identify(ros2_ws/src/pal_robotiq_gripper/pal_robotiq_epick_gripper) by extension 'ignore_ament_install'
[0.324s] Level 1:colcon.colcon_core.package_identification:_identify(ros2_ws/src/pal_robotiq_gripper/pal_robotiq_epick_gripper) by extensions ['colcon_pkg']
[0.325s] Level 1:colcon.colcon_core.package_identification:_identify(ros2_ws/src/pal_robotiq_gripper/pal_robotiq_epick_gripper) by extension 'colcon_pkg'
[0.325s] Level 1:colcon.colcon_core.package_identification:_identify(ros2_ws/src/pal_robotiq_gripper/pal_robotiq_epick_gripper) by extensions ['colcon_meta']
[0.325s] Level 1:colcon.colcon_core.package_identification:_identify(ros2_ws/src/pal_robotiq_gripper/pal_robotiq_epick_gripper) by extension 'colcon_meta'
[0.325s] Level 1:colcon.colcon_core.package_identification:_identify(ros2_ws/src/pal_robotiq_gripper/pal_robotiq_epick_gripper) by extensions ['ros']
[0.325s] Level 1:colcon.colcon_core.package_identification:_identify(ros2_ws/src/pal_robotiq_gripper/pal_robotiq_epick_gripper) by extension 'ros'
[0.325s] Level 1:colcon.colcon_core.package_identification:_identify(ros2_ws/src/pal_robotiq_gripper/pal_robotiq_epick_gripper) by extensions ['cmake', 'python']
[0.325s] Level 1:colcon.colcon_core.package_identification:_identify(ros2_ws/src/pal_robotiq_gripper/pal_robotiq_epick_gripper) by extension 'cmake'
[0.325s] Level 1:colcon.colcon_core.package_identification:_identify(ros2_ws/src/pal_robotiq_gripper/pal_robotiq_epick_gripper) by extension 'python'
[0.325s] Level 1:colcon.colcon_core.package_identification:_identify(ros2_ws/src/pal_robotiq_gripper/pal_robotiq_epick_gripper) by extensions ['python_setup_py']
[0.325s] Level 1:colcon.colcon_core.package_identification:_identify(ros2_ws/src/pal_robotiq_gripper/pal_robotiq_epick_gripper) by extension 'python_setup_py'
[0.325s] Level 1:colcon.colcon_core.package_identification:_identify(ros2_ws/src/pal_robotiq_gripper/pal_robotiq_epick_gripper/pal_robotiq_epick_description) by extensions ['ignore', 'ignore_ament_install']
[0.325s] Level 1:colcon.colcon_core.package_identification:_identify(ros2_ws/src/pal_robotiq_gripper/pal_robotiq_epick_gripper/pal_robotiq_epick_description) by extension 'ignore'
[0.325s] Level 1:colcon.colcon_core.package_identification:_identify(ros2_ws/src/pal_robotiq_gripper/pal_robotiq_epick_gripper/pal_robotiq_epick_description) ignored
[0.325s] Level 1:colcon.colcon_core.package_identification:_identify(ros2_ws/src/pal_robotiq_gripper/pal_robotiq_epick_gripper/pal_robotiq_epick_gripper) by extensions ['ignore', 'ignore_ament_install']
[0.325s] Level 1:colcon.colcon_core.package_identification:_identify(ros2_ws/src/pal_robotiq_gripper/pal_robotiq_epick_gripper/pal_robotiq_epick_gripper) by extension 'ignore'
[0.325s] Level 1:colcon.colcon_core.package_identification:_identify(ros2_ws/src/pal_robotiq_gripper/pal_robotiq_epick_gripper/pal_robotiq_epick_gripper) ignored
[0.325s] Level 1:colcon.colcon_core.package_identification:_identify(ros2_ws/src/pal_robotiq_gripper/pal_robotiq_gripper) by extensions ['ignore', 'ignore_ament_install']
[0.325s] Level 1:colcon.colcon_core.package_identification:_identify(ros2_ws/src/pal_robotiq_gripper/pal_robotiq_gripper) by extension 'ignore'
[0.325s] Level 1:colcon.colcon_core.package_identification:_identify(ros2_ws/src/pal_robotiq_gripper/pal_robotiq_gripper) by extension 'ignore_ament_install'
[0.325s] Level 1:colcon.colcon_core.package_identification:_identify(ros2_ws/src/pal_robotiq_gripper/pal_robotiq_gripper) by extensions ['colcon_pkg']
[0.325s] Level 1:colcon.colcon_core.package_identification:_identify(ros2_ws/src/pal_robotiq_gripper/pal_robotiq_gripper) by extension 'colcon_pkg'
[0.325s] Level 1:colcon.colcon_core.package_identification:_identify(ros2_ws/src/pal_robotiq_gripper/pal_robotiq_gripper) by extensions ['colcon_meta']
[0.325s] Level 1:colcon.colcon_core.package_identification:_identify(ros2_ws/src/pal_robotiq_gripper/pal_robotiq_gripper) by extension 'colcon_meta'
[0.325s] Level 1:colcon.colcon_core.package_identification:_identify(ros2_ws/src/pal_robotiq_gripper/pal_robotiq_gripper) by extensions ['ros']
[0.325s] Level 1:colcon.colcon_core.package_identification:_identify(ros2_ws/src/pal_robotiq_gripper/pal_robotiq_gripper) by extension 'ros'
[0.326s] DEBUG:colcon.colcon_core.package_identification:Package 'ros2_ws/src/pal_robotiq_gripper/pal_robotiq_gripper' with type 'ros.ament_cmake' and name 'pal_robotiq_gripper'
[0.326s] Level 1:colcon.colcon_core.package_identification:_identify(ros2_ws/src/pal_robotiq_gripper/pal_robotiq_gripper_wrapper) by extensions ['ignore', 'ignore_ament_install']
[0.326s] Level 1:colcon.colcon_core.package_identification:_identify(ros2_ws/src/pal_robotiq_gripper/pal_robotiq_gripper_wrapper) by extension 'ignore'
[0.326s] Level 1:colcon.colcon_core.package_identification:_identify(ros2_ws/src/pal_robotiq_gripper/pal_robotiq_gripper_wrapper) ignored
[0.326s] Level 1:colcon.colcon_core.package_identification:_identify(ros2_ws/src/pal_urdf_utils) by extensions ['ignore', 'ignore_ament_install']
[0.326s] Level 1:colcon.colcon_core.package_identification:_identify(ros2_ws/src/pal_urdf_utils) by extension 'ignore'
[0.326s] Level 1:colcon.colcon_core.package_identification:_identify(ros2_ws/src/pal_urdf_utils) by extension 'ignore_ament_install'
[0.326s] Level 1:colcon.colcon_core.package_identification:_identify(ros2_ws/src/pal_urdf_utils) by extensions ['colcon_pkg']
[0.326s] Level 1:colcon.colcon_core.package_identification:_identify(ros2_ws/src/pal_urdf_utils) by extension 'colcon_pkg'
[0.326s] Level 1:colcon.colcon_core.package_identification:_identify(ros2_ws/src/pal_urdf_utils) by extensions ['colcon_meta']
[0.326s] Level 1:colcon.colcon_core.package_identification:_identify(ros2_ws/src/pal_urdf_utils) by extension 'colcon_meta'
[0.326s] Level 1:colcon.colcon_core.package_identification:_identify(ros2_ws/src/pal_urdf_utils) by extensions ['ros']
[0.326s] Level 1:colcon.colcon_core.package_identification:_identify(ros2_ws/src/pal_urdf_utils) by extension 'ros'
[0.327s] DEBUG:colcon.colcon_core.package_identification:Package 'ros2_ws/src/pal_urdf_utils' with type 'ros.ament_cmake' and name 'pal_urdf_utils'
[0.327s] Level 1:colcon.colcon_core.package_identification:_identify(ros2_ws/src/play_motion2) by extensions ['ignore', 'ignore_ament_install']
[0.327s] Level 1:colcon.colcon_core.package_identification:_identify(ros2_ws/src/play_motion2) by extension 'ignore'
[0.327s] Level 1:colcon.colcon_core.package_identification:_identify(ros2_ws/src/play_motion2) by extension 'ignore_ament_install'
[0.327s] Level 1:colcon.colcon_core.package_identification:_identify(ros2_ws/src/play_motion2) by extensions ['colcon_pkg']
[0.327s] Level 1:colcon.colcon_core.package_identification:_identify(ros2_ws/src/play_motion2) by extension 'colcon_pkg'
[0.327s] Level 1:colcon.colcon_core.package_identification:_identify(ros2_ws/src/play_motion2) by extensions ['colcon_meta']
[0.327s] Level 1:colcon.colcon_core.package_identification:_identify(ros2_ws/src/play_motion2) by extension 'colcon_meta'
[0.327s] Level 1:colcon.colcon_core.package_identification:_identify(ros2_ws/src/play_motion2) by extensions ['ros']
[0.327s] Level 1:colcon.colcon_core.package_identification:_identify(ros2_ws/src/play_motion2) by extension 'ros'
[0.327s] Level 1:colcon.colcon_core.package_identification:_identify(ros2_ws/src/play_motion2) by extensions ['cmake', 'python']
[0.327s] Level 1:colcon.colcon_core.package_identification:_identify(ros2_ws/src/play_motion2) by extension 'cmake'
[0.327s] Level 1:colcon.colcon_core.package_identification:_identify(ros2_ws/src/play_motion2) by extension 'python'
[0.327s] Level 1:colcon.colcon_core.package_identification:_identify(ros2_ws/src/play_motion2) by extensions ['python_setup_py']
[0.327s] Level 1:colcon.colcon_core.package_identification:_identify(ros2_ws/src/play_motion2) by extension 'python_setup_py'
[0.327s] Level 1:colcon.colcon_core.package_identification:_identify(ros2_ws/src/play_motion2/play_motion2) by extensions ['ignore', 'ignore_ament_install']
[0.327s] Level 1:colcon.colcon_core.package_identification:_identify(ros2_ws/src/play_motion2/play_motion2) by extension 'ignore'
[0.327s] Level 1:colcon.colcon_core.package_identification:_identify(ros2_ws/src/play_motion2/play_motion2) by extension 'ignore_ament_install'
[0.327s] Level 1:colcon.colcon_core.package_identification:_identify(ros2_ws/src/play_motion2/play_motion2) by extensions ['colcon_pkg']
[0.327s] Level 1:colcon.colcon_core.package_identification:_identify(ros2_ws/src/play_motion2/play_motion2) by extension 'colcon_pkg'
[0.327s] Level 1:colcon.colcon_core.package_identification:_identify(ros2_ws/src/play_motion2/play_motion2) by extensions ['colcon_meta']
[0.327s] Level 1:colcon.colcon_core.package_identification:_identify(ros2_ws/src/play_motion2/play_motion2) by extension 'colcon_meta'
[0.327s] Level 1:colcon.colcon_core.package_identification:_identify(ros2_ws/src/play_motion2/play_motion2) by extensions ['ros']
[0.327s] Level 1:colcon.colcon_core.package_identification:_identify(ros2_ws/src/play_motion2/play_motion2) by extension 'ros'
[0.328s] DEBUG:colcon.colcon_core.package_identification:Package 'ros2_ws/src/play_motion2/play_motion2' with type 'ros.ament_cmake' and name 'play_motion2'
[0.328s] Level 1:colcon.colcon_core.package_identification:_identify(ros2_ws/src/play_motion2/play_motion2_cli) by extensions ['ignore', 'ignore_ament_install']
[0.329s] Level 1:colcon.colcon_core.package_identification:_identify(ros2_ws/src/play_motion2/play_motion2_cli) by extension 'ignore'
[0.329s] Level 1:colcon.colcon_core.package_identification:_identify(ros2_ws/src/play_motion2/play_motion2_cli) by extension 'ignore_ament_install'
[0.329s] Level 1:colcon.colcon_core.package_identification:_identify(ros2_ws/src/play_motion2/play_motion2_cli) by extensions ['colcon_pkg']
[0.329s] Level 1:colcon.colcon_core.package_identification:_identify(ros2_ws/src/play_motion2/play_motion2_cli) by extension 'colcon_pkg'
[0.329s] Level 1:colcon.colcon_core.package_identification:_identify(ros2_ws/src/play_motion2/play_motion2_cli) by extensions ['colcon_meta']
[0.329s] Level 1:colcon.colcon_core.package_identification:_identify(ros2_ws/src/play_motion2/play_motion2_cli) by extension 'colcon_meta'
[0.329s] Level 1:colcon.colcon_core.package_identification:_identify(ros2_ws/src/play_motion2/play_motion2_cli) by extensions ['ros']
[0.329s] Level 1:colcon.colcon_core.package_identification:_identify(ros2_ws/src/play_motion2/play_motion2_cli) by extension 'ros'
[0.337s] DEBUG:colcon.colcon_core.package_identification:Package 'ros2_ws/src/play_motion2/play_motion2_cli' with type 'ros.ament_python' and name 'play_motion2_cli'
[0.337s] Level 1:colcon.colcon_core.package_identification:_identify(ros2_ws/src/play_motion2/play_motion2_msgs) by extensions ['ignore', 'ignore_ament_install']
[0.337s] Level 1:colcon.colcon_core.package_identification:_identify(ros2_ws/src/play_motion2/play_motion2_msgs) by extension 'ignore'
[0.337s] Level 1:colcon.colcon_core.package_identification:_identify(ros2_ws/src/play_motion2/play_motion2_msgs) by extension 'ignore_ament_install'
[0.337s] Level 1:colcon.colcon_core.package_identification:_identify(ros2_ws/src/play_motion2/play_motion2_msgs) by extensions ['colcon_pkg']
[0.337s] Level 1:colcon.colcon_core.package_identification:_identify(ros2_ws/src/play_motion2/play_motion2_msgs) by extension 'colcon_pkg'
[0.337s] Level 1:colcon.colcon_core.package_identification:_identify(ros2_ws/src/play_motion2/play_motion2_msgs) by extensions ['colcon_meta']
[0.337s] Level 1:colcon.colcon_core.package_identification:_identify(ros2_ws/src/play_motion2/play_motion2_msgs) by extension 'colcon_meta'
[0.337s] Level 1:colcon.colcon_core.package_identification:_identify(ros2_ws/src/play_motion2/play_motion2_msgs) by extensions ['ros']
[0.337s] Level 1:colcon.colcon_core.package_identification:_identify(ros2_ws/src/play_motion2/play_motion2_msgs) by extension 'ros'
[0.337s] DEBUG:colcon.colcon_core.package_identification:Package 'ros2_ws/src/play_motion2/play_motion2_msgs' with type 'ros.ament_cmake' and name 'play_motion2_msgs'
[0.338s] Level 1:colcon.colcon_core.package_identification:_identify(ros2_ws/src/pmb2_navigation) by extensions ['ignore', 'ignore_ament_install']
[0.338s] Level 1:colcon.colcon_core.package_identification:_identify(ros2_ws/src/pmb2_navigation) by extension 'ignore'
[0.338s] Level 1:colcon.colcon_core.package_identification:_identify(ros2_ws/src/pmb2_navigation) by extension 'ignore_ament_install'
[0.338s] Level 1:colcon.colcon_core.package_identification:_identify(ros2_ws/src/pmb2_navigation) by extensions ['colcon_pkg']
[0.338s] Level 1:colcon.colcon_core.package_identification:_identify(ros2_ws/src/pmb2_navigation) by extension 'colcon_pkg'
[0.338s] Level 1:colcon.colcon_core.package_identification:_identify(ros2_ws/src/pmb2_navigation) by extensions ['colcon_meta']
[0.338s] Level 1:colcon.colcon_core.package_identification:_identify(ros2_ws/src/pmb2_navigation) by extension 'colcon_meta'
[0.338s] Level 1:colcon.colcon_core.package_identification:_identify(ros2_ws/src/pmb2_navigation) by extensions ['ros']
[0.338s] Level 1:colcon.colcon_core.package_identification:_identify(ros2_ws/src/pmb2_navigation) by extension 'ros'
[0.338s] Level 1:colcon.colcon_core.package_identification:_identify(ros2_ws/src/pmb2_navigation) by extensions ['cmake', 'python']
[0.338s] Level 1:colcon.colcon_core.package_identification:_identify(ros2_ws/src/pmb2_navigation) by extension 'cmake'
[0.338s] Level 1:colcon.colcon_core.package_identification:_identify(ros2_ws/src/pmb2_navigation) by extension 'python'
[0.338s] Level 1:colcon.colcon_core.package_identification:_identify(ros2_ws/src/pmb2_navigation) by extensions ['python_setup_py']
[0.338s] Level 1:colcon.colcon_core.package_identification:_identify(ros2_ws/src/pmb2_navigation) by extension 'python_setup_py'
[0.338s] Level 1:colcon.colcon_core.package_identification:_identify(ros2_ws/src/pmb2_navigation/pmb2_2dnav) by extensions ['ignore', 'ignore_ament_install']
[0.338s] Level 1:colcon.colcon_core.package_identification:_identify(ros2_ws/src/pmb2_navigation/pmb2_2dnav) by extension 'ignore'
[0.338s] Level 1:colcon.colcon_core.package_identification:_identify(ros2_ws/src/pmb2_navigation/pmb2_2dnav) by extension 'ignore_ament_install'
[0.338s] Level 1:colcon.colcon_core.package_identification:_identify(ros2_ws/src/pmb2_navigation/pmb2_2dnav) by extensions ['colcon_pkg']
[0.338s] Level 1:colcon.colcon_core.package_identification:_identify(ros2_ws/src/pmb2_navigation/pmb2_2dnav) by extension 'colcon_pkg'
[0.338s] Level 1:colcon.colcon_core.package_identification:_identify(ros2_ws/src/pmb2_navigation/pmb2_2dnav) by extensions ['colcon_meta']
[0.338s] Level 1:colcon.colcon_core.package_identification:_identify(ros2_ws/src/pmb2_navigation/pmb2_2dnav) by extension 'colcon_meta'
[0.338s] Level 1:colcon.colcon_core.package_identification:_identify(ros2_ws/src/pmb2_navigation/pmb2_2dnav) by extensions ['ros']
[0.338s] Level 1:colcon.colcon_core.package_identification:_identify(ros2_ws/src/pmb2_navigation/pmb2_2dnav) by extension 'ros'
[0.342s] DEBUG:colcon.colcon_core.package_identification:Package 'ros2_ws/src/pmb2_navigation/pmb2_2dnav' with type 'ros.ament_cmake' and name 'pmb2_2dnav'
[0.342s] Level 1:colcon.colcon_core.package_identification:_identify(ros2_ws/src/pmb2_navigation/pmb2_laser_sensors) by extensions ['ignore', 'ignore_ament_install']
[0.342s] Level 1:colcon.colcon_core.package_identification:_identify(ros2_ws/src/pmb2_navigation/pmb2_laser_sensors) by extension 'ignore'
[0.342s] Level 1:colcon.colcon_core.package_identification:_identify(ros2_ws/src/pmb2_navigation/pmb2_laser_sensors) by extension 'ignore_ament_install'
[0.342s] Level 1:colcon.colcon_core.package_identification:_identify(ros2_ws/src/pmb2_navigation/pmb2_laser_sensors) by extensions ['colcon_pkg']
[0.342s] Level 1:colcon.colcon_core.package_identification:_identify(ros2_ws/src/pmb2_navigation/pmb2_laser_sensors) by extension 'colcon_pkg'
[0.342s] Level 1:colcon.colcon_core.package_identification:_identify(ros2_ws/src/pmb2_navigation/pmb2_laser_sensors) by extensions ['colcon_meta']
[0.342s] Level 1:colcon.colcon_core.package_identification:_identify(ros2_ws/src/pmb2_navigation/pmb2_laser_sensors) by extension 'colcon_meta'
[0.342s] Level 1:colcon.colcon_core.package_identification:_identify(ros2_ws/src/pmb2_navigation/pmb2_laser_sensors) by extensions ['ros']
[0.342s] Level 1:colcon.colcon_core.package_identification:_identify(ros2_ws/src/pmb2_navigation/pmb2_laser_sensors) by extension 'ros'
[0.344s] DEBUG:colcon.colcon_core.package_identification:Package 'ros2_ws/src/pmb2_navigation/pmb2_laser_sensors' with type 'ros.ament_cmake' and name 'pmb2_laser_sensors'
[0.344s] Level 1:colcon.colcon_core.package_identification:_identify(ros2_ws/src/pmb2_navigation/pmb2_navigation) by extensions ['ignore', 'ignore_ament_install']
[0.344s] Level 1:colcon.colcon_core.package_identification:_identify(ros2_ws/src/pmb2_navigation/pmb2_navigation) by extension 'ignore'
[0.344s] Level 1:colcon.colcon_core.package_identification:_identify(ros2_ws/src/pmb2_navigation/pmb2_navigation) by extension 'ignore_ament_install'
[0.344s] Level 1:colcon.colcon_core.package_identification:_identify(ros2_ws/src/pmb2_navigation/pmb2_navigation) by extensions ['colcon_pkg']
[0.344s] Level 1:colcon.colcon_core.package_identification:_identify(ros2_ws/src/pmb2_navigation/pmb2_navigation) by extension 'colcon_pkg'
[0.344s] Level 1:colcon.colcon_core.package_identification:_identify(ros2_ws/src/pmb2_navigation/pmb2_navigation) by extensions ['colcon_meta']
[0.344s] Level 1:colcon.colcon_core.package_identification:_identify(ros2_ws/src/pmb2_navigation/pmb2_navigation) by extension 'colcon_meta'
[0.344s] Level 1:colcon.colcon_core.package_identification:_identify(ros2_ws/src/pmb2_navigation/pmb2_navigation) by extensions ['ros']
[0.344s] Level 1:colcon.colcon_core.package_identification:_identify(ros2_ws/src/pmb2_navigation/pmb2_navigation) by extension 'ros'
[0.345s] DEBUG:colcon.colcon_core.package_identification:Package 'ros2_ws/src/pmb2_navigation/pmb2_navigation' with type 'ros.ament_cmake' and name 'pmb2_navigation'
[0.345s] Level 1:colcon.colcon_core.package_identification:_identify(ros2_ws/src/pmb2_navigation/pmb2_rgbd_sensors) by extensions ['ignore', 'ignore_ament_install']
[0.345s] Level 1:colcon.colcon_core.package_identification:_identify(ros2_ws/src/pmb2_navigation/pmb2_rgbd_sensors) by extension 'ignore'
[0.345s] Level 1:colcon.colcon_core.package_identification:_identify(ros2_ws/src/pmb2_navigation/pmb2_rgbd_sensors) by extension 'ignore_ament_install'
[0.345s] Level 1:colcon.colcon_core.package_identification:_identify(ros2_ws/src/pmb2_navigation/pmb2_rgbd_sensors) by extensions ['colcon_pkg']
[0.345s] Level 1:colcon.colcon_core.package_identification:_identify(ros2_ws/src/pmb2_navigation/pmb2_rgbd_sensors) by extension 'colcon_pkg'
[0.345s] Level 1:colcon.colcon_core.package_identification:_identify(ros2_ws/src/pmb2_navigation/pmb2_rgbd_sensors) by extensions ['colcon_meta']
[0.345s] Level 1:colcon.colcon_core.package_identification:_identify(ros2_ws/src/pmb2_navigation/pmb2_rgbd_sensors) by extension 'colcon_meta'
[0.345s] Level 1:colcon.colcon_core.package_identification:_identify(ros2_ws/src/pmb2_navigation/pmb2_rgbd_sensors) by extensions ['ros']
[0.345s] Level 1:colcon.colcon_core.package_identification:_identify(ros2_ws/src/pmb2_navigation/pmb2_rgbd_sensors) by extension 'ros'
[0.347s] DEBUG:colcon.colcon_core.package_identification:Package 'ros2_ws/src/pmb2_navigation/pmb2_rgbd_sensors' with type 'ros.ament_cmake' and name 'pmb2_rgbd_sensors'
[0.347s] Level 1:colcon.colcon_core.package_identification:_identify(ros2_ws/src/pmb2_robot) by extensions ['ignore', 'ignore_ament_install']
[0.347s] Level 1:colcon.colcon_core.package_identification:_identify(ros2_ws/src/pmb2_robot) by extension 'ignore'
[0.347s] Level 1:colcon.colcon_core.package_identification:_identify(ros2_ws/src/pmb2_robot) by extension 'ignore_ament_install'
[0.347s] Level 1:colcon.colcon_core.package_identification:_identify(ros2_ws/src/pmb2_robot) by extensions ['colcon_pkg']
[0.347s] Level 1:colcon.colcon_core.package_identification:_identify(ros2_ws/src/pmb2_robot) by extension 'colcon_pkg'
[0.347s] Level 1:colcon.colcon_core.package_identification:_identify(ros2_ws/src/pmb2_robot) by extensions ['colcon_meta']
[0.347s] Level 1:colcon.colcon_core.package_identification:_identify(ros2_ws/src/pmb2_robot) by extension 'colcon_meta'
[0.347s] Level 1:colcon.colcon_core.package_identification:_identify(ros2_ws/src/pmb2_robot) by extensions ['ros']
[0.347s] Level 1:colcon.colcon_core.package_identification:_identify(ros2_ws/src/pmb2_robot) by extension 'ros'
[0.347s] Level 1:colcon.colcon_core.package_identification:_identify(ros2_ws/src/pmb2_robot) by extensions ['cmake', 'python']
[0.347s] Level 1:colcon.colcon_core.package_identification:_identify(ros2_ws/src/pmb2_robot) by extension 'cmake'
[0.347s] Level 1:colcon.colcon_core.package_identification:_identify(ros2_ws/src/pmb2_robot) by extension 'python'
[0.347s] Level 1:colcon.colcon_core.package_identification:_identify(ros2_ws/src/pmb2_robot) by extensions ['python_setup_py']
[0.347s] Level 1:colcon.colcon_core.package_identification:_identify(ros2_ws/src/pmb2_robot) by extension 'python_setup_py'
[0.347s] Level 1:colcon.colcon_core.package_identification:_identify(ros2_ws/src/pmb2_robot/pmb2_bringup) by extensions ['ignore', 'ignore_ament_install']
[0.347s] Level 1:colcon.colcon_core.package_identification:_identify(ros2_ws/src/pmb2_robot/pmb2_bringup) by extension 'ignore'
[0.347s] Level 1:colcon.colcon_core.package_identification:_identify(ros2_ws/src/pmb2_robot/pmb2_bringup) by extension 'ignore_ament_install'
[0.347s] Level 1:colcon.colcon_core.package_identification:_identify(ros2_ws/src/pmb2_robot/pmb2_bringup) by extensions ['colcon_pkg']
[0.347s] Level 1:colcon.colcon_core.package_identification:_identify(ros2_ws/src/pmb2_robot/pmb2_bringup) by extension 'colcon_pkg'
[0.347s] Level 1:colcon.colcon_core.package_identification:_identify(ros2_ws/src/pmb2_robot/pmb2_bringup) by extensions ['colcon_meta']
[0.347s] Level 1:colcon.colcon_core.package_identification:_identify(ros2_ws/src/pmb2_robot/pmb2_bringup) by extension 'colcon_meta'
[0.347s] Level 1:colcon.colcon_core.package_identification:_identify(ros2_ws/src/pmb2_robot/pmb2_bringup) by extensions ['ros']
[0.347s] Level 1:colcon.colcon_core.package_identification:_identify(ros2_ws/src/pmb2_robot/pmb2_bringup) by extension 'ros'
[0.349s] DEBUG:colcon.colcon_core.package_identification:Package 'ros2_ws/src/pmb2_robot/pmb2_bringup' with type 'ros.ament_cmake' and name 'pmb2_bringup'
[0.349s] Level 1:colcon.colcon_core.package_identification:_identify(ros2_ws/src/pmb2_robot/pmb2_controller_configuration) by extensions ['ignore', 'ignore_ament_install']
[0.349s] Level 1:colcon.colcon_core.package_identification:_identify(ros2_ws/src/pmb2_robot/pmb2_controller_configuration) by extension 'ignore'
[0.349s] Level 1:colcon.colcon_core.package_identification:_identify(ros2_ws/src/pmb2_robot/pmb2_controller_configuration) by extension 'ignore_ament_install'
[0.349s] Level 1:colcon.colcon_core.package_identification:_identify(ros2_ws/src/pmb2_robot/pmb2_controller_configuration) by extensions ['colcon_pkg']
[0.349s] Level 1:colcon.colcon_core.package_identification:_identify(ros2_ws/src/pmb2_robot/pmb2_controller_configuration) by extension 'colcon_pkg'
[0.349s] Level 1:colcon.colcon_core.package_identification:_identify(ros2_ws/src/pmb2_robot/pmb2_controller_configuration) by extensions ['colcon_meta']
[0.349s] Level 1:colcon.colcon_core.package_identification:_identify(ros2_ws/src/pmb2_robot/pmb2_controller_configuration) by extension 'colcon_meta'
[0.349s] Level 1:colcon.colcon_core.package_identification:_identify(ros2_ws/src/pmb2_robot/pmb2_controller_configuration) by extensions ['ros']
[0.349s] Level 1:colcon.colcon_core.package_identification:_identify(ros2_ws/src/pmb2_robot/pmb2_controller_configuration) by extension 'ros'
[0.349s] DEBUG:colcon.colcon_core.package_identification:Package 'ros2_ws/src/pmb2_robot/pmb2_controller_configuration' with type 'ros.ament_cmake' and name 'pmb2_controller_configuration'
[0.350s] Level 1:colcon.colcon_core.package_identification:_identify(ros2_ws/src/pmb2_robot/pmb2_description) by extensions ['ignore', 'ignore_ament_install']
[0.350s] Level 1:colcon.colcon_core.package_identification:_identify(ros2_ws/src/pmb2_robot/pmb2_description) by extension 'ignore'
[0.350s] Level 1:colcon.colcon_core.package_identification:_identify(ros2_ws/src/pmb2_robot/pmb2_description) by extension 'ignore_ament_install'
[0.350s] Level 1:colcon.colcon_core.package_identification:_identify(ros2_ws/src/pmb2_robot/pmb2_description) by extensions ['colcon_pkg']
[0.350s] Level 1:colcon.colcon_core.package_identification:_identify(ros2_ws/src/pmb2_robot/pmb2_description) by extension 'colcon_pkg'
[0.350s] Level 1:colcon.colcon_core.package_identification:_identify(ros2_ws/src/pmb2_robot/pmb2_description) by extensions ['colcon_meta']
[0.350s] Level 1:colcon.colcon_core.package_identification:_identify(ros2_ws/src/pmb2_robot/pmb2_description) by extension 'colcon_meta'
[0.350s] Level 1:colcon.colcon_core.package_identification:_identify(ros2_ws/src/pmb2_robot/pmb2_description) by extensions ['ros']
[0.350s] Level 1:colcon.colcon_core.package_identification:_identify(ros2_ws/src/pmb2_robot/pmb2_description) by extension 'ros'
[0.351s] DEBUG:colcon.colcon_core.package_identification:Package 'ros2_ws/src/pmb2_robot/pmb2_description' with type 'ros.ament_cmake' and name 'pmb2_description'
[0.351s] Level 1:colcon.colcon_core.package_identification:_identify(ros2_ws/src/pmb2_robot/pmb2_robot) by extensions ['ignore', 'ignore_ament_install']
[0.351s] Level 1:colcon.colcon_core.package_identification:_identify(ros2_ws/src/pmb2_robot/pmb2_robot) by extension 'ignore'
[0.351s] Level 1:colcon.colcon_core.package_identification:_identify(ros2_ws/src/pmb2_robot/pmb2_robot) by extension 'ignore_ament_install'
[0.351s] Level 1:colcon.colcon_core.package_identification:_identify(ros2_ws/src/pmb2_robot/pmb2_robot) by extensions ['colcon_pkg']
[0.351s] Level 1:colcon.colcon_core.package_identification:_identify(ros2_ws/src/pmb2_robot/pmb2_robot) by extension 'colcon_pkg'
[0.351s] Level 1:colcon.colcon_core.package_identification:_identify(ros2_ws/src/pmb2_robot/pmb2_robot) by extensions ['colcon_meta']
[0.351s] Level 1:colcon.colcon_core.package_identification:_identify(ros2_ws/src/pmb2_robot/pmb2_robot) by extension 'colcon_meta'
[0.351s] Level 1:colcon.colcon_core.package_identification:_identify(ros2_ws/src/pmb2_robot/pmb2_robot) by extensions ['ros']
[0.351s] Level 1:colcon.colcon_core.package_identification:_identify(ros2_ws/src/pmb2_robot/pmb2_robot) by extension 'ros'
[0.351s] DEBUG:colcon.colcon_core.package_identification:Package 'ros2_ws/src/pmb2_robot/pmb2_robot' with type 'ros.ament_cmake' and name 'pmb2_robot'
[0.351s] Level 1:colcon.colcon_core.package_identification:_identify(ros2_ws/src/tiago_moveit_config) by extensions ['ignore', 'ignore_ament_install']
[0.351s] Level 1:colcon.colcon_core.package_identification:_identify(ros2_ws/src/tiago_moveit_config) by extension 'ignore'
[0.351s] Level 1:colcon.colcon_core.package_identification:_identify(ros2_ws/src/tiago_moveit_config) by extension 'ignore_ament_install'
[0.352s] Level 1:colcon.colcon_core.package_identification:_identify(ros2_ws/src/tiago_moveit_config) by extensions ['colcon_pkg']
[0.352s] Level 1:colcon.colcon_core.package_identification:_identify(ros2_ws/src/tiago_moveit_config) by extension 'colcon_pkg'
[0.352s] Level 1:colcon.colcon_core.package_identification:_identify(ros2_ws/src/tiago_moveit_config) by extensions ['colcon_meta']
[0.352s] Level 1:colcon.colcon_core.package_identification:_identify(ros2_ws/src/tiago_moveit_config) by extension 'colcon_meta'
[0.352s] Level 1:colcon.colcon_core.package_identification:_identify(ros2_ws/src/tiago_moveit_config) by extensions ['ros']
[0.352s] Level 1:colcon.colcon_core.package_identification:_identify(ros2_ws/src/tiago_moveit_config) by extension 'ros'
[0.352s] DEBUG:colcon.colcon_core.package_identification:Package 'ros2_ws/src/tiago_moveit_config' with type 'ros.ament_cmake' and name 'tiago_moveit_config'
[0.352s] Level 1:colcon.colcon_core.package_identification:_identify(ros2_ws/src/tiago_navigation) by extensions ['ignore', 'ignore_ament_install']
[0.352s] Level 1:colcon.colcon_core.package_identification:_identify(ros2_ws/src/tiago_navigation) by extension 'ignore'
[0.352s] Level 1:colcon.colcon_core.package_identification:_identify(ros2_ws/src/tiago_navigation) by extension 'ignore_ament_install'
[0.352s] Level 1:colcon.colcon_core.package_identification:_identify(ros2_ws/src/tiago_navigation) by extensions ['colcon_pkg']
[0.352s] Level 1:colcon.colcon_core.package_identification:_identify(ros2_ws/src/tiago_navigation) by extension 'colcon_pkg'
[0.352s] Level 1:colcon.colcon_core.package_identification:_identify(ros2_ws/src/tiago_navigation) by extensions ['colcon_meta']
[0.353s] Level 1:colcon.colcon_core.package_identification:_identify(ros2_ws/src/tiago_navigation) by extension 'colcon_meta'
[0.353s] Level 1:colcon.colcon_core.package_identification:_identify(ros2_ws/src/tiago_navigation) by extensions ['ros']
[0.353s] Level 1:colcon.colcon_core.package_identification:_identify(ros2_ws/src/tiago_navigation) by extension 'ros'
[0.353s] Level 1:colcon.colcon_core.package_identification:_identify(ros2_ws/src/tiago_navigation) by extensions ['cmake', 'python']
[0.353s] Level 1:colcon.colcon_core.package_identification:_identify(ros2_ws/src/tiago_navigation) by extension 'cmake'
[0.353s] Level 1:colcon.colcon_core.package_identification:_identify(ros2_ws/src/tiago_navigation) by extension 'python'
[0.353s] Level 1:colcon.colcon_core.package_identification:_identify(ros2_ws/src/tiago_navigation) by extensions ['python_setup_py']
[0.353s] Level 1:colcon.colcon_core.package_identification:_identify(ros2_ws/src/tiago_navigation) by extension 'python_setup_py'
[0.353s] Level 1:colcon.colcon_core.package_identification:_identify(ros2_ws/src/tiago_navigation/tiago_2dnav) by extensions ['ignore', 'ignore_ament_install']
[0.353s] Level 1:colcon.colcon_core.package_identification:_identify(ros2_ws/src/tiago_navigation/tiago_2dnav) by extension 'ignore'
[0.353s] Level 1:colcon.colcon_core.package_identification:_identify(ros2_ws/src/tiago_navigation/tiago_2dnav) by extension 'ignore_ament_install'
[0.353s] Level 1:colcon.colcon_core.package_identification:_identify(ros2_ws/src/tiago_navigation/tiago_2dnav) by extensions ['colcon_pkg']
[0.353s] Level 1:colcon.colcon_core.package_identification:_identify(ros2_ws/src/tiago_navigation/tiago_2dnav) by extension 'colcon_pkg'
[0.353s] Level 1:colcon.colcon_core.package_identification:_identify(ros2_ws/src/tiago_navigation/tiago_2dnav) by extensions ['colcon_meta']
[0.353s] Level 1:colcon.colcon_core.package_identification:_identify(ros2_ws/src/tiago_navigation/tiago_2dnav) by extension 'colcon_meta'
[0.353s] Level 1:colcon.colcon_core.package_identification:_identify(ros2_ws/src/tiago_navigation/tiago_2dnav) by extensions ['ros']
[0.353s] Level 1:colcon.colcon_core.package_identification:_identify(ros2_ws/src/tiago_navigation/tiago_2dnav) by extension 'ros'
[0.353s] DEBUG:colcon.colcon_core.package_identification:Package 'ros2_ws/src/tiago_navigation/tiago_2dnav' with type 'ros.ament_cmake' and name 'tiago_2dnav'
[0.354s] Level 1:colcon.colcon_core.package_identification:_identify(ros2_ws/src/tiago_navigation/tiago_laser_sensors) by extensions ['ignore', 'ignore_ament_install']
[0.354s] Level 1:colcon.colcon_core.package_identification:_identify(ros2_ws/src/tiago_navigation/tiago_laser_sensors) by extension 'ignore'
[0.354s] Level 1:colcon.colcon_core.package_identification:_identify(ros2_ws/src/tiago_navigation/tiago_laser_sensors) by extension 'ignore_ament_install'
[0.354s] Level 1:colcon.colcon_core.package_identification:_identify(ros2_ws/src/tiago_navigation/tiago_laser_sensors) by extensions ['colcon_pkg']
[0.354s] Level 1:colcon.colcon_core.package_identification:_identify(ros2_ws/src/tiago_navigation/tiago_laser_sensors) by extension 'colcon_pkg'
[0.354s] Level 1:colcon.colcon_core.package_identification:_identify(ros2_ws/src/tiago_navigation/tiago_laser_sensors) by extensions ['colcon_meta']
[0.354s] Level 1:colcon.colcon_core.package_identification:_identify(ros2_ws/src/tiago_navigation/tiago_laser_sensors) by extension 'colcon_meta'
[0.354s] Level 1:colcon.colcon_core.package_identification:_identify(ros2_ws/src/tiago_navigation/tiago_laser_sensors) by extensions ['ros']
[0.354s] Level 1:colcon.colcon_core.package_identification:_identify(ros2_ws/src/tiago_navigation/tiago_laser_sensors) by extension 'ros'
[0.354s] DEBUG:colcon.colcon_core.package_identification:Package 'ros2_ws/src/tiago_navigation/tiago_laser_sensors' with type 'ros.ament_cmake' and name 'tiago_laser_sensors'
[0.355s] Level 1:colcon.colcon_core.package_identification:_identify(ros2_ws/src/tiago_navigation/tiago_navigation) by extensions ['ignore', 'ignore_ament_install']
[0.355s] Level 1:colcon.colcon_core.package_identification:_identify(ros2_ws/src/tiago_navigation/tiago_navigation) by extension 'ignore'
[0.355s] Level 1:colcon.colcon_core.package_identification:_identify(ros2_ws/src/tiago_navigation/tiago_navigation) by extension 'ignore_ament_install'
[0.355s] Level 1:colcon.colcon_core.package_identification:_identify(ros2_ws/src/tiago_navigation/tiago_navigation) by extensions ['colcon_pkg']
[0.355s] Level 1:colcon.colcon_core.package_identification:_identify(ros2_ws/src/tiago_navigation/tiago_navigation) by extension 'colcon_pkg'
[0.355s] Level 1:colcon.colcon_core.package_identification:_identify(ros2_ws/src/tiago_navigation/tiago_navigation) by extensions ['colcon_meta']
[0.355s] Level 1:colcon.colcon_core.package_identification:_identify(ros2_ws/src/tiago_navigation/tiago_navigation) by extension 'colcon_meta'
[0.355s] Level 1:colcon.colcon_core.package_identification:_identify(ros2_ws/src/tiago_navigation/tiago_navigation) by extensions ['ros']
[0.355s] Level 1:colcon.colcon_core.package_identification:_identify(ros2_ws/src/tiago_navigation/tiago_navigation) by extension 'ros'
[0.355s] DEBUG:colcon.colcon_core.package_identification:Package 'ros2_ws/src/tiago_navigation/tiago_navigation' with type 'ros.ament_cmake' and name 'tiago_navigation'
[0.355s] Level 1:colcon.colcon_core.package_identification:_identify(ros2_ws/src/tiago_navigation/tiago_rgbd_sensors) by extensions ['ignore', 'ignore_ament_install']
[0.355s] Level 1:colcon.colcon_core.package_identification:_identify(ros2_ws/src/tiago_navigation/tiago_rgbd_sensors) by extension 'ignore'
[0.355s] Level 1:colcon.colcon_core.package_identification:_identify(ros2_ws/src/tiago_navigation/tiago_rgbd_sensors) by extension 'ignore_ament_install'
[0.355s] Level 1:colcon.colcon_core.package_identification:_identify(ros2_ws/src/tiago_navigation/tiago_rgbd_sensors) by extensions ['colcon_pkg']
[0.355s] Level 1:colcon.colcon_core.package_identification:_identify(ros2_ws/src/tiago_navigation/tiago_rgbd_sensors) by extension 'colcon_pkg'
[0.355s] Level 1:colcon.colcon_core.package_identification:_identify(ros2_ws/src/tiago_navigation/tiago_rgbd_sensors) by extensions ['colcon_meta']
[0.355s] Level 1:colcon.colcon_core.package_identification:_identify(ros2_ws/src/tiago_navigation/tiago_rgbd_sensors) by extension 'colcon_meta'
[0.355s] Level 1:colcon.colcon_core.package_identification:_identify(ros2_ws/src/tiago_navigation/tiago_rgbd_sensors) by extensions ['ros']
[0.355s] Level 1:colcon.colcon_core.package_identification:_identify(ros2_ws/src/tiago_navigation/tiago_rgbd_sensors) by extension 'ros'
[0.356s] DEBUG:colcon.colcon_core.package_identification:Package 'ros2_ws/src/tiago_navigation/tiago_rgbd_sensors' with type 'ros.ament_cmake' and name 'tiago_rgbd_sensors'
[0.357s] Level 1:colcon.colcon_core.package_identification:_identify(ros2_ws/src/tiago_robot) by extensions ['ignore', 'ignore_ament_install']
[0.357s] Level 1:colcon.colcon_core.package_identification:_identify(ros2_ws/src/tiago_robot) by extension 'ignore'
[0.357s] Level 1:colcon.colcon_core.package_identification:_identify(ros2_ws/src/tiago_robot) by extension 'ignore_ament_install'
[0.357s] Level 1:colcon.colcon_core.package_identification:_identify(ros2_ws/src/tiago_robot) by extensions ['colcon_pkg']
[0.357s] Level 1:colcon.colcon_core.package_identification:_identify(ros2_ws/src/tiago_robot) by extension 'colcon_pkg'
[0.357s] Level 1:colcon.colcon_core.package_identification:_identify(ros2_ws/src/tiago_robot) by extensions ['colcon_meta']
[0.357s] Level 1:colcon.colcon_core.package_identification:_identify(ros2_ws/src/tiago_robot) by extension 'colcon_meta'
[0.357s] Level 1:colcon.colcon_core.package_identification:_identify(ros2_ws/src/tiago_robot) by extensions ['ros']
[0.357s] Level 1:colcon.colcon_core.package_identification:_identify(ros2_ws/src/tiago_robot) by extension 'ros'
[0.357s] Level 1:colcon.colcon_core.package_identification:_identify(ros2_ws/src/tiago_robot) by extensions ['cmake', 'python']
[0.357s] Level 1:colcon.colcon_core.package_identification:_identify(ros2_ws/src/tiago_robot) by extension 'cmake'
[0.357s] Level 1:colcon.colcon_core.package_identification:_identify(ros2_ws/src/tiago_robot) by extension 'python'
[0.357s] Level 1:colcon.colcon_core.package_identification:_identify(ros2_ws/src/tiago_robot) by extensions ['python_setup_py']
[0.357s] Level 1:colcon.colcon_core.package_identification:_identify(ros2_ws/src/tiago_robot) by extension 'python_setup_py'
[0.357s] Level 1:colcon.colcon_core.package_identification:_identify(ros2_ws/src/tiago_robot/tiago_bringup) by extensions ['ignore', 'ignore_ament_install']
[0.357s] Level 1:colcon.colcon_core.package_identification:_identify(ros2_ws/src/tiago_robot/tiago_bringup) by extension 'ignore'
[0.357s] Level 1:colcon.colcon_core.package_identification:_identify(ros2_ws/src/tiago_robot/tiago_bringup) by extension 'ignore_ament_install'
[0.357s] Level 1:colcon.colcon_core.package_identification:_identify(ros2_ws/src/tiago_robot/tiago_bringup) by extensions ['colcon_pkg']
[0.357s] Level 1:colcon.colcon_core.package_identification:_identify(ros2_ws/src/tiago_robot/tiago_bringup) by extension 'colcon_pkg'
[0.357s] Level 1:colcon.colcon_core.package_identification:_identify(ros2_ws/src/tiago_robot/tiago_bringup) by extensions ['colcon_meta']
[0.357s] Level 1:colcon.colcon_core.package_identification:_identify(ros2_ws/src/tiago_robot/tiago_bringup) by extension 'colcon_meta'
[0.357s] Level 1:colcon.colcon_core.package_identification:_identify(ros2_ws/src/tiago_robot/tiago_bringup) by extensions ['ros']
[0.357s] Level 1:colcon.colcon_core.package_identification:_identify(ros2_ws/src/tiago_robot/tiago_bringup) by extension 'ros'
[0.358s] DEBUG:colcon.colcon_core.package_identification:Package 'ros2_ws/src/tiago_robot/tiago_bringup' with type 'ros.ament_cmake' and name 'tiago_bringup'
[0.358s] Level 1:colcon.colcon_core.package_identification:_identify(ros2_ws/src/tiago_robot/tiago_controller_configuration) by extensions ['ignore', 'ignore_ament_install']
[0.358s] Level 1:colcon.colcon_core.package_identification:_identify(ros2_ws/src/tiago_robot/tiago_controller_configuration) by extension 'ignore'
[0.358s] Level 1:colcon.colcon_core.package_identification:_identify(ros2_ws/src/tiago_robot/tiago_controller_configuration) by extension 'ignore_ament_install'
[0.358s] Level 1:colcon.colcon_core.package_identification:_identify(ros2_ws/src/tiago_robot/tiago_controller_configuration) by extensions ['colcon_pkg']
[0.358s] Level 1:colcon.colcon_core.package_identification:_identify(ros2_ws/src/tiago_robot/tiago_controller_configuration) by extension 'colcon_pkg'
[0.359s] Level 1:colcon.colcon_core.package_identification:_identify(ros2_ws/src/tiago_robot/tiago_controller_configuration) by extensions ['colcon_meta']
[0.359s] Level 1:colcon.colcon_core.package_identification:_identify(ros2_ws/src/tiago_robot/tiago_controller_configuration) by extension 'colcon_meta'
[0.359s] Level 1:colcon.colcon_core.package_identification:_identify(ros2_ws/src/tiago_robot/tiago_controller_configuration) by extensions ['ros']
[0.359s] Level 1:colcon.colcon_core.package_identification:_identify(ros2_ws/src/tiago_robot/tiago_controller_configuration) by extension 'ros'
[0.360s] DEBUG:colcon.colcon_core.package_identification:Package 'ros2_ws/src/tiago_robot/tiago_controller_configuration' with type 'ros.ament_cmake' and name 'tiago_controller_configuration'
[0.360s] Level 1:colcon.colcon_core.package_identification:_identify(ros2_ws/src/tiago_robot/tiago_description) by extensions ['ignore', 'ignore_ament_install']
[0.360s] Level 1:colcon.colcon_core.package_identification:_identify(ros2_ws/src/tiago_robot/tiago_description) by extension 'ignore'
[0.360s] Level 1:colcon.colcon_core.package_identification:_identify(ros2_ws/src/tiago_robot/tiago_description) by extension 'ignore_ament_install'
[0.360s] Level 1:colcon.colcon_core.package_identification:_identify(ros2_ws/src/tiago_robot/tiago_description) by extensions ['colcon_pkg']
[0.360s] Level 1:colcon.colcon_core.package_identification:_identify(ros2_ws/src/tiago_robot/tiago_description) by extension 'colcon_pkg'
[0.360s] Level 1:colcon.colcon_core.package_identification:_identify(ros2_ws/src/tiago_robot/tiago_description) by extensions ['colcon_meta']
[0.360s] Level 1:colcon.colcon_core.package_identification:_identify(ros2_ws/src/tiago_robot/tiago_description) by extension 'colcon_meta'
[0.360s] Level 1:colcon.colcon_core.package_identification:_identify(ros2_ws/src/tiago_robot/tiago_description) by extensions ['ros']
[0.360s] Level 1:colcon.colcon_core.package_identification:_identify(ros2_ws/src/tiago_robot/tiago_description) by extension 'ros'
[0.361s] DEBUG:colcon.colcon_core.package_identification:Package 'ros2_ws/src/tiago_robot/tiago_description' with type 'ros.ament_cmake' and name 'tiago_description'
[0.361s] Level 1:colcon.colcon_core.package_identification:_identify(ros2_ws/src/tiago_robot/tiago_robot) by extensions ['ignore', 'ignore_ament_install']
[0.361s] Level 1:colcon.colcon_core.package_identification:_identify(ros2_ws/src/tiago_robot/tiago_robot) by extension 'ignore'
[0.361s] Level 1:colcon.colcon_core.package_identification:_identify(ros2_ws/src/tiago_robot/tiago_robot) by extension 'ignore_ament_install'
[0.361s] Level 1:colcon.colcon_core.package_identification:_identify(ros2_ws/src/tiago_robot/tiago_robot) by extensions ['colcon_pkg']
[0.361s] Level 1:colcon.colcon_core.package_identification:_identify(ros2_ws/src/tiago_robot/tiago_robot) by extension 'colcon_pkg'
[0.361s] Level 1:colcon.colcon_core.package_identification:_identify(ros2_ws/src/tiago_robot/tiago_robot) by extensions ['colcon_meta']
[0.361s] Level 1:colcon.colcon_core.package_identification:_identify(ros2_ws/src/tiago_robot/tiago_robot) by extension 'colcon_meta'
[0.361s] Level 1:colcon.colcon_core.package_identification:_identify(ros2_ws/src/tiago_robot/tiago_robot) by extensions ['ros']
[0.361s] Level 1:colcon.colcon_core.package_identification:_identify(ros2_ws/src/tiago_robot/tiago_robot) by extension 'ros'
[0.361s] DEBUG:colcon.colcon_core.package_identification:Package 'ros2_ws/src/tiago_robot/tiago_robot' with type 'ros.ament_cmake' and name 'tiago_robot'
[0.361s] Level 1:colcon.colcon_core.package_identification:_identify(ros2_ws/src/tiago_simulation) by extensions ['ignore', 'ignore_ament_install']
[0.361s] Level 1:colcon.colcon_core.package_identification:_identify(ros2_ws/src/tiago_simulation) by extension 'ignore'
[0.361s] Level 1:colcon.colcon_core.package_identification:_identify(ros2_ws/src/tiago_simulation) by extension 'ignore_ament_install'
[0.362s] Level 1:colcon.colcon_core.package_identification:_identify(ros2_ws/src/tiago_simulation) by extensions ['colcon_pkg']
[0.362s] Level 1:colcon.colcon_core.package_identification:_identify(ros2_ws/src/tiago_simulation) by extension 'colcon_pkg'
[0.362s] Level 1:colcon.colcon_core.package_identification:_identify(ros2_ws/src/tiago_simulation) by extensions ['colcon_meta']
[0.362s] Level 1:colcon.colcon_core.package_identification:_identify(ros2_ws/src/tiago_simulation) by extension 'colcon_meta'
[0.362s] Level 1:colcon.colcon_core.package_identification:_identify(ros2_ws/src/tiago_simulation) by extensions ['ros']
[0.362s] Level 1:colcon.colcon_core.package_identification:_identify(ros2_ws/src/tiago_simulation) by extension 'ros'
[0.362s] Level 1:colcon.colcon_core.package_identification:_identify(ros2_ws/src/tiago_simulation) by extensions ['cmake', 'python']
[0.362s] Level 1:colcon.colcon_core.package_identification:_identify(ros2_ws/src/tiago_simulation) by extension 'cmake'
[0.362s] Level 1:colcon.colcon_core.package_identification:_identify(ros2_ws/src/tiago_simulation) by extension 'python'
[0.362s] Level 1:colcon.colcon_core.package_identification:_identify(ros2_ws/src/tiago_simulation) by extensions ['python_setup_py']
[0.362s] Level 1:colcon.colcon_core.package_identification:_identify(ros2_ws/src/tiago_simulation) by extension 'python_setup_py'
[0.362s] Level 1:colcon.colcon_core.package_identification:_identify(ros2_ws/src/tiago_simulation/doc) by extensions ['ignore', 'ignore_ament_install']
[0.362s] Level 1:colcon.colcon_core.package_identification:_identify(ros2_ws/src/tiago_simulation/doc) by extension 'ignore'
[0.362s] Level 1:colcon.colcon_core.package_identification:_identify(ros2_ws/src/tiago_simulation/doc) by extension 'ignore_ament_install'
[0.362s] Level 1:colcon.colcon_core.package_identification:_identify(ros2_ws/src/tiago_simulation/doc) by extensions ['colcon_pkg']
[0.362s] Level 1:colcon.colcon_core.package_identification:_identify(ros2_ws/src/tiago_simulation/doc) by extension 'colcon_pkg'
[0.362s] Level 1:colcon.colcon_core.package_identification:_identify(ros2_ws/src/tiago_simulation/doc) by extensions ['colcon_meta']
[0.362s] Level 1:colcon.colcon_core.package_identification:_identify(ros2_ws/src/tiago_simulation/doc) by extension 'colcon_meta'
[0.362s] Level 1:colcon.colcon_core.package_identification:_identify(ros2_ws/src/tiago_simulation/doc) by extensions ['ros']
[0.362s] Level 1:colcon.colcon_core.package_identification:_identify(ros2_ws/src/tiago_simulation/doc) by extension 'ros'
[0.362s] Level 1:colcon.colcon_core.package_identification:_identify(ros2_ws/src/tiago_simulation/doc) by extensions ['cmake', 'python']
[0.362s] Level 1:colcon.colcon_core.package_identification:_identify(ros2_ws/src/tiago_simulation/doc) by extension 'cmake'
[0.362s] Level 1:colcon.colcon_core.package_identification:_identify(ros2_ws/src/tiago_simulation/doc) by extension 'python'
[0.362s] Level 1:colcon.colcon_core.package_identification:_identify(ros2_ws/src/tiago_simulation/doc) by extensions ['python_setup_py']
[0.362s] Level 1:colcon.colcon_core.package_identification:_identify(ros2_ws/src/tiago_simulation/doc) by extension 'python_setup_py'
[0.362s] Level 1:colcon.colcon_core.package_identification:_identify(ros2_ws/src/tiago_simulation/doc/media) by extensions ['ignore', 'ignore_ament_install']
[0.362s] Level 1:colcon.colcon_core.package_identification:_identify(ros2_ws/src/tiago_simulation/doc/media) by extension 'ignore'
[0.362s] Level 1:colcon.colcon_core.package_identification:_identify(ros2_ws/src/tiago_simulation/doc/media) by extension 'ignore_ament_install'
[0.362s] Level 1:colcon.colcon_core.package_identification:_identify(ros2_ws/src/tiago_simulation/doc/media) by extensions ['colcon_pkg']
[0.362s] Level 1:colcon.colcon_core.package_identification:_identify(ros2_ws/src/tiago_simulation/doc/media) by extension 'colcon_pkg'
[0.362s] Level 1:colcon.colcon_core.package_identification:_identify(ros2_ws/src/tiago_simulation/doc/media) by extensions ['colcon_meta']
[0.362s] Level 1:colcon.colcon_core.package_identification:_identify(ros2_ws/src/tiago_simulation/doc/media) by extension 'colcon_meta'
[0.362s] Level 1:colcon.colcon_core.package_identification:_identify(ros2_ws/src/tiago_simulation/doc/media) by extensions ['ros']
[0.362s] Level 1:colcon.colcon_core.package_identification:_identify(ros2_ws/src/tiago_simulation/doc/media) by extension 'ros'
[0.362s] Level 1:colcon.colcon_core.package_identification:_identify(ros2_ws/src/tiago_simulation/doc/media) by extensions ['cmake', 'python']
[0.362s] Level 1:colcon.colcon_core.package_identification:_identify(ros2_ws/src/tiago_simulation/doc/media) by extension 'cmake'
[0.362s] Level 1:colcon.colcon_core.package_identification:_identify(ros2_ws/src/tiago_simulation/doc/media) by extension 'python'
[0.362s] Level 1:colcon.colcon_core.package_identification:_identify(ros2_ws/src/tiago_simulation/doc/media) by extensions ['python_setup_py']
[0.362s] Level 1:colcon.colcon_core.package_identification:_identify(ros2_ws/src/tiago_simulation/doc/media) by extension 'python_setup_py'
[0.363s] Level 1:colcon.colcon_core.package_identification:_identify(ros2_ws/src/tiago_simulation/tiago_gazebo) by extensions ['ignore', 'ignore_ament_install']
[0.363s] Level 1:colcon.colcon_core.package_identification:_identify(ros2_ws/src/tiago_simulation/tiago_gazebo) by extension 'ignore'
[0.363s] Level 1:colcon.colcon_core.package_identification:_identify(ros2_ws/src/tiago_simulation/tiago_gazebo) by extension 'ignore_ament_install'
[0.363s] Level 1:colcon.colcon_core.package_identification:_identify(ros2_ws/src/tiago_simulation/tiago_gazebo) by extensions ['colcon_pkg']
[0.363s] Level 1:colcon.colcon_core.package_identification:_identify(ros2_ws/src/tiago_simulation/tiago_gazebo) by extension 'colcon_pkg'
[0.363s] Level 1:colcon.colcon_core.package_identification:_identify(ros2_ws/src/tiago_simulation/tiago_gazebo) by extensions ['colcon_meta']
[0.363s] Level 1:colcon.colcon_core.package_identification:_identify(ros2_ws/src/tiago_simulation/tiago_gazebo) by extension 'colcon_meta'
[0.363s] Level 1:colcon.colcon_core.package_identification:_identify(ros2_ws/src/tiago_simulation/tiago_gazebo) by extensions ['ros']
[0.363s] Level 1:colcon.colcon_core.package_identification:_identify(ros2_ws/src/tiago_simulation/tiago_gazebo) by extension 'ros'
[0.363s] DEBUG:colcon.colcon_core.package_identification:Package 'ros2_ws/src/tiago_simulation/tiago_gazebo' with type 'ros.ament_cmake' and name 'tiago_gazebo'
[0.364s] Level 1:colcon.colcon_core.package_identification:_identify(ros2_ws/src/tiago_simulation/tiago_multi) by extensions ['ignore', 'ignore_ament_install']
[0.364s] Level 1:colcon.colcon_core.package_identification:_identify(ros2_ws/src/tiago_simulation/tiago_multi) by extension 'ignore'
[0.364s] Level 1:colcon.colcon_core.package_identification:_identify(ros2_ws/src/tiago_simulation/tiago_multi) ignored
[0.364s] Level 1:colcon.colcon_core.package_identification:_identify(ros2_ws/src/tiago_simulation/tiago_simulation) by extensions ['ignore', 'ignore_ament_install']
[0.364s] Level 1:colcon.colcon_core.package_identification:_identify(ros2_ws/src/tiago_simulation/tiago_simulation) by extension 'ignore'
[0.364s] Level 1:colcon.colcon_core.package_identification:_identify(ros2_ws/src/tiago_simulation/tiago_simulation) by extension 'ignore_ament_install'
[0.364s] Level 1:colcon.colcon_core.package_identification:_identify(ros2_ws/src/tiago_simulation/tiago_simulation) by extensions ['colcon_pkg']
[0.364s] Level 1:colcon.colcon_core.package_identification:_identify(ros2_ws/src/tiago_simulation/tiago_simulation) by extension 'colcon_pkg'
[0.364s] Level 1:colcon.colcon_core.package_identification:_identify(ros2_ws/src/tiago_simulation/tiago_simulation) by extensions ['colcon_meta']
[0.364s] Level 1:colcon.colcon_core.package_identification:_identify(ros2_ws/src/tiago_simulation/tiago_simulation) by extension 'colcon_meta'
[0.364s] Level 1:colcon.colcon_core.package_identification:_identify(ros2_ws/src/tiago_simulation/tiago_simulation) by extensions ['ros']
[0.364s] Level 1:colcon.colcon_core.package_identification:_identify(ros2_ws/src/tiago_simulation/tiago_simulation) by extension 'ros'
[0.364s] DEBUG:colcon.colcon_core.package_identification:Package 'ros2_ws/src/tiago_simulation/tiago_simulation' with type 'ros.ament_cmake' and name 'tiago_simulation'
[0.364s] Level 1:colcon.colcon_core.package_identification:_identify(ros2_ws/src/tiago_tutorials) by extensions ['ignore', 'ignore_ament_install']
[0.365s] Level 1:colcon.colcon_core.package_identification:_identify(ros2_ws/src/tiago_tutorials) by extension 'ignore'
[0.365s] Level 1:colcon.colcon_core.package_identification:_identify(ros2_ws/src/tiago_tutorials) by extension 'ignore_ament_install'
[0.365s] Level 1:colcon.colcon_core.package_identification:_identify(ros2_ws/src/tiago_tutorials) by extensions ['colcon_pkg']
[0.365s] Level 1:colcon.colcon_core.package_identification:_identify(ros2_ws/src/tiago_tutorials) by extension 'colcon_pkg'
[0.365s] Level 1:colcon.colcon_core.package_identification:_identify(ros2_ws/src/tiago_tutorials) by extensions ['colcon_meta']
[0.365s] Level 1:colcon.colcon_core.package_identification:_identify(ros2_ws/src/tiago_tutorials) by extension 'colcon_meta'
[0.365s] Level 1:colcon.colcon_core.package_identification:_identify(ros2_ws/src/tiago_tutorials) by extensions ['ros']
[0.365s] Level 1:colcon.colcon_core.package_identification:_identify(ros2_ws/src/tiago_tutorials) by extension 'ros'
[0.365s] Level 1:colcon.colcon_core.package_identification:_identify(ros2_ws/src/tiago_tutorials) by extensions ['cmake', 'python']
[0.365s] Level 1:colcon.colcon_core.package_identification:_identify(ros2_ws/src/tiago_tutorials) by extension 'cmake'
[0.365s] Level 1:colcon.colcon_core.package_identification:_identify(ros2_ws/src/tiago_tutorials) by extension 'python'
[0.365s] Level 1:colcon.colcon_core.package_identification:_identify(ros2_ws/src/tiago_tutorials) by extensions ['python_setup_py']
[0.365s] Level 1:colcon.colcon_core.package_identification:_identify(ros2_ws/src/tiago_tutorials) by extension 'python_setup_py'
[0.365s] Level 1:colcon.colcon_core.package_identification:_identify(src) by extensions ['ignore', 'ignore_ament_install']
[0.365s] Level 1:colcon.colcon_core.package_identification:_identify(src) by extension 'ignore'
[0.365s] Level 1:colcon.colcon_core.package_identification:_identify(src) by extension 'ignore_ament_install'
[0.365s] Level 1:colcon.colcon_core.package_identification:_identify(src) by extensions ['colcon_pkg']
[0.365s] Level 1:colcon.colcon_core.package_identification:_identify(src) by extension 'colcon_pkg'
[0.365s] Level 1:colcon.colcon_core.package_identification:_identify(src) by extensions ['colcon_meta']
[0.365s] Level 1:colcon.colcon_core.package_identification:_identify(src) by extension 'colcon_meta'
[0.365s] Level 1:colcon.colcon_core.package_identification:_identify(src) by extensions ['ros']
[0.365s] Level 1:colcon.colcon_core.package_identification:_identify(src) by extension 'ros'
[0.365s] Level 1:colcon.colcon_core.package_identification:_identify(src) by extensions ['cmake', 'python']
[0.365s] Level 1:colcon.colcon_core.package_identification:_identify(src) by extension 'cmake'
[0.365s] Level 1:colcon.colcon_core.package_identification:_identify(src) by extension 'python'
[0.365s] Level 1:colcon.colcon_core.package_identification:_identify(src) by extensions ['python_setup_py']
[0.365s] Level 1:colcon.colcon_core.package_identification:_identify(src) by extension 'python_setup_py'
[0.365s] Level 1:colcon.colcon_core.package_discovery:discover_packages(recursive) using defaults
[0.365s] Level 1:colcon.colcon_core.package_discovery:discover_packages(ignore) discover
[0.365s] Level 1:colcon.colcon_core.package_discovery:discover_packages(ignore) using defaults
[0.365s] Level 1:colcon.colcon_core.package_discovery:discover_packages(path) discover
[0.365s] Level 1:colcon.colcon_core.package_discovery:discover_packages(path) using defaults
[0.393s] Level 5:colcon.colcon_core.verb:set package 'launch_pal' build argument 'cmake_args' from command line to '['-DCMAKE_BUILD_TYPE=Release']'
[0.393s] Level 5:colcon.colcon_core.verb:set package 'launch_pal' build argument 'cmake_target' from command line to 'None'
[0.393s] Level 5:colcon.colcon_core.verb:set package 'launch_pal' build argument 'cmake_target_skip_unavailable' from command line to 'False'
[0.393s] Level 5:colcon.colcon_core.verb:set package 'launch_pal' build argument 'cmake_clean_cache' from command line to 'False'
[0.393s] Level 5:colcon.colcon_core.verb:set package 'launch_pal' build argument 'cmake_clean_first' from command line to 'False'
[0.393s] Level 5:colcon.colcon_core.verb:set package 'launch_pal' build argument 'cmake_force_configure' from command line to 'False'
[0.393s] Level 5:colcon.colcon_core.verb:set package 'launch_pal' build argument 'ament_cmake_args' from command line to 'None'
[0.393s] Level 5:colcon.colcon_core.verb:set package 'launch_pal' build argument 'catkin_cmake_args' from command line to 'None'
[0.393s] Level 5:colcon.colcon_core.verb:set package 'launch_pal' build argument 'catkin_skip_building_tests' from command line to 'False'
[0.393s] DEBUG:colcon.colcon_core.verb:Building package 'launch_pal' with the following arguments: {'ament_cmake_args': None, 'build_base': '/workspaces/TIAgo_humble/build/launch_pal', 'catkin_cmake_args': None, 'catkin_skip_building_tests': False, 'cmake_args': ['-DCMAKE_BUILD_TYPE=Release'], 'cmake_clean_cache': False, 'cmake_clean_first': False, 'cmake_force_configure': False, 'cmake_target': None, 'cmake_target_skip_unavailable': False, 'install_base': '/workspaces/TIAgo_humble/install/launch_pal', 'merge_install': False, 'path': '/workspaces/TIAgo_humble/ros2_ws/src/launch_pal', 'symlink_install': True, 'test_result_base': None}
[0.393s] Level 5:colcon.colcon_core.verb:set package 'moveit_ros_control_interface' build argument 'cmake_args' from command line to '['-DCMAKE_BUILD_TYPE=Release']'
[0.393s] Level 5:colcon.colcon_core.verb:set package 'moveit_ros_control_interface' build argument 'cmake_target' from command line to 'None'
[0.393s] Level 5:colcon.colcon_core.verb:set package 'moveit_ros_control_interface' build argument 'cmake_target_skip_unavailable' from command line to 'False'
[0.393s] Level 5:colcon.colcon_core.verb:set package 'moveit_ros_control_interface' build argument 'cmake_clean_cache' from command line to 'False'
[0.394s] Level 5:colcon.colcon_core.verb:set package 'moveit_ros_control_interface' build argument 'cmake_clean_first' from command line to 'False'
[0.394s] Level 5:colcon.colcon_core.verb:set package 'moveit_ros_control_interface' build argument 'cmake_force_configure' from command line to 'False'
[0.394s] Level 5:colcon.colcon_core.verb:set package 'moveit_ros_control_interface' build argument 'ament_cmake_args' from command line to 'None'
[0.394s] Level 5:colcon.colcon_core.verb:set package 'moveit_ros_control_interface' build argument 'catkin_cmake_args' from command line to 'None'
[0.394s] Level 5:colcon.colcon_core.verb:set package 'moveit_ros_control_interface' build argument 'catkin_skip_building_tests' from command line to 'False'
[0.394s] DEBUG:colcon.colcon_core.verb:Building package 'moveit_ros_control_interface' with the following arguments: {'ament_cmake_args': None, 'build_base': '/workspaces/TIAgo_humble/build/moveit_ros_control_interface', 'catkin_cmake_args': None, 'catkin_skip_building_tests': False, 'cmake_args': ['-DCMAKE_BUILD_TYPE=Release'], 'cmake_clean_cache': False, 'cmake_clean_first': False, 'cmake_force_configure': False, 'cmake_target': None, 'cmake_target_skip_unavailable': False, 'install_base': '/workspaces/TIAgo_humble/install/moveit_ros_control_interface', 'merge_install': False, 'path': '/workspaces/TIAgo_humble/ros2_ws/src/moveit_ros_control_interface', 'symlink_install': True, 'test_result_base': None}
[0.394s] Level 5:colcon.colcon_core.verb:set package 'omni_base_controller_configuration' build argument 'cmake_args' from command line to '['-DCMAKE_BUILD_TYPE=Release']'
[0.394s] Level 5:colcon.colcon_core.verb:set package 'omni_base_controller_configuration' build argument 'cmake_target' from command line to 'None'
[0.394s] Level 5:colcon.colcon_core.verb:set package 'omni_base_controller_configuration' build argument 'cmake_target_skip_unavailable' from command line to 'False'
[0.394s] Level 5:colcon.colcon_core.verb:set package 'omni_base_controller_configuration' build argument 'cmake_clean_cache' from command line to 'False'
[0.394s] Level 5:colcon.colcon_core.verb:set package 'omni_base_controller_configuration' build argument 'cmake_clean_first' from command line to 'False'
[0.394s] Level 5:colcon.colcon_core.verb:set package 'omni_base_controller_configuration' build argument 'cmake_force_configure' from command line to 'False'
[0.394s] Level 5:colcon.colcon_core.verb:set package 'omni_base_controller_configuration' build argument 'ament_cmake_args' from command line to 'None'
[0.394s] Level 5:colcon.colcon_core.verb:set package 'omni_base_controller_configuration' build argument 'catkin_cmake_args' from command line to 'None'
[0.394s] Level 5:colcon.colcon_core.verb:set package 'omni_base_controller_configuration' build argument 'catkin_skip_building_tests' from command line to 'False'
[0.394s] DEBUG:colcon.colcon_core.verb:Building package 'omni_base_controller_configuration' with the following arguments: {'ament_cmake_args': None, 'build_base': '/workspaces/TIAgo_humble/build/omni_base_controller_configuration', 'catkin_cmake_args': None, 'catkin_skip_building_tests': False, 'cmake_args': ['-DCMAKE_BUILD_TYPE=Release'], 'cmake_clean_cache': False, 'cmake_clean_first': False, 'cmake_force_configure': False, 'cmake_target': None, 'cmake_target_skip_unavailable': False, 'install_base': '/workspaces/TIAgo_humble/install/omni_base_controller_configuration', 'merge_install': False, 'path': '/workspaces/TIAgo_humble/ros2_ws/src/omni_base_robot/omni_base_controller_configuration', 'symlink_install': True, 'test_result_base': None}
[0.394s] Level 5:colcon.colcon_core.verb:set package 'pal_device_msgs' build argument 'cmake_args' from command line to '['-DCMAKE_BUILD_TYPE=Release']'
[0.394s] Level 5:colcon.colcon_core.verb:set package 'pal_device_msgs' build argument 'cmake_target' from command line to 'None'
[0.394s] Level 5:colcon.colcon_core.verb:set package 'pal_device_msgs' build argument 'cmake_target_skip_unavailable' from command line to 'False'
[0.394s] Level 5:colcon.colcon_core.verb:set package 'pal_device_msgs' build argument 'cmake_clean_cache' from command line to 'False'
[0.394s] Level 5:colcon.colcon_core.verb:set package 'pal_device_msgs' build argument 'cmake_clean_first' from command line to 'False'
[0.394s] Level 5:colcon.colcon_core.verb:set package 'pal_device_msgs' build argument 'cmake_force_configure' from command line to 'False'
[0.394s] Level 5:colcon.colcon_core.verb:set package 'pal_device_msgs' build argument 'ament_cmake_args' from command line to 'None'
[0.394s] Level 5:colcon.colcon_core.verb:set package 'pal_device_msgs' build argument 'catkin_cmake_args' from command line to 'None'
[0.394s] Level 5:colcon.colcon_core.verb:set package 'pal_device_msgs' build argument 'catkin_skip_building_tests' from command line to 'False'
[0.394s] DEBUG:colcon.colcon_core.verb:Building package 'pal_device_msgs' with the following arguments: {'ament_cmake_args': None, 'build_base': '/workspaces/TIAgo_humble/build/pal_device_msgs', 'catkin_cmake_args': None, 'catkin_skip_building_tests': False, 'cmake_args': ['-DCMAKE_BUILD_TYPE=Release'], 'cmake_clean_cache': False, 'cmake_clean_first': False, 'cmake_force_configure': False, 'cmake_target': None, 'cmake_target_skip_unavailable': False, 'install_base': '/workspaces/TIAgo_humble/install/pal_device_msgs', 'merge_install': False, 'path': '/workspaces/TIAgo_humble/ros2_ws/src/pal_msgs/pal_device_msgs', 'symlink_install': True, 'test_result_base': None}
[0.394s] Level 5:colcon.colcon_core.verb:set package 'pal_gazebo_plugins' build argument 'cmake_args' from command line to '['-DCMAKE_BUILD_TYPE=Release']'
[0.394s] Level 5:colcon.colcon_core.verb:set package 'pal_gazebo_plugins' build argument 'cmake_target' from command line to 'None'
[0.395s] Level 5:colcon.colcon_core.verb:set package 'pal_gazebo_plugins' build argument 'cmake_target_skip_unavailable' from command line to 'False'
[0.395s] Level 5:colcon.colcon_core.verb:set package 'pal_gazebo_plugins' build argument 'cmake_clean_cache' from command line to 'False'
[0.395s] Level 5:colcon.colcon_core.verb:set package 'pal_gazebo_plugins' build argument 'cmake_clean_first' from command line to 'False'
[0.395s] Level 5:colcon.colcon_core.verb:set package 'pal_gazebo_plugins' build argument 'cmake_force_configure' from command line to 'False'
[0.395s] Level 5:colcon.colcon_core.verb:set package 'pal_gazebo_plugins' build argument 'ament_cmake_args' from command line to 'None'
[0.395s] Level 5:colcon.colcon_core.verb:set package 'pal_gazebo_plugins' build argument 'catkin_cmake_args' from command line to 'None'
[0.395s] Level 5:colcon.colcon_core.verb:set package 'pal_gazebo_plugins' build argument 'catkin_skip_building_tests' from command line to 'False'
[0.395s] DEBUG:colcon.colcon_core.verb:Building package 'pal_gazebo_plugins' with the following arguments: {'ament_cmake_args': None, 'build_base': '/workspaces/TIAgo_humble/build/pal_gazebo_plugins', 'catkin_cmake_args': None, 'catkin_skip_building_tests': False, 'cmake_args': ['-DCMAKE_BUILD_TYPE=Release'], 'cmake_clean_cache': False, 'cmake_clean_first': False, 'cmake_force_configure': False, 'cmake_target': None, 'cmake_target_skip_unavailable': False, 'install_base': '/workspaces/TIAgo_humble/install/pal_gazebo_plugins', 'merge_install': False, 'path': '/workspaces/TIAgo_humble/ros2_ws/src/pal_gazebo_plugins', 'symlink_install': True, 'test_result_base': None}
[0.395s] Level 5:colcon.colcon_core.verb:set package 'pal_gripper_controller_configuration' build argument 'cmake_args' from command line to '['-DCMAKE_BUILD_TYPE=Release']'
[0.395s] Level 5:colcon.colcon_core.verb:set package 'pal_gripper_controller_configuration' build argument 'cmake_target' from command line to 'None'
[0.395s] Level 5:colcon.colcon_core.verb:set package 'pal_gripper_controller_configuration' build argument 'cmake_target_skip_unavailable' from command line to 'False'
[0.395s] Level 5:colcon.colcon_core.verb:set package 'pal_gripper_controller_configuration' build argument 'cmake_clean_cache' from command line to 'False'
[0.395s] Level 5:colcon.colcon_core.verb:set package 'pal_gripper_controller_configuration' build argument 'cmake_clean_first' from command line to 'False'
[0.395s] Level 5:colcon.colcon_core.verb:set package 'pal_gripper_controller_configuration' build argument 'cmake_force_configure' from command line to 'False'
[0.395s] Level 5:colcon.colcon_core.verb:set package 'pal_gripper_controller_configuration' build argument 'ament_cmake_args' from command line to 'None'
[0.395s] Level 5:colcon.colcon_core.verb:set package 'pal_gripper_controller_configuration' build argument 'catkin_cmake_args' from command line to 'None'
[0.395s] Level 5:colcon.colcon_core.verb:set package 'pal_gripper_controller_configuration' build argument 'catkin_skip_building_tests' from command line to 'False'
[0.395s] DEBUG:colcon.colcon_core.verb:Building package 'pal_gripper_controller_configuration' with the following arguments: {'ament_cmake_args': None, 'build_base': '/workspaces/TIAgo_humble/build/pal_gripper_controller_configuration', 'catkin_cmake_args': None, 'catkin_skip_building_tests': False, 'cmake_args': ['-DCMAKE_BUILD_TYPE=Release'], 'cmake_clean_cache': False, 'cmake_clean_first': False, 'cmake_force_configure': False, 'cmake_target': None, 'cmake_target_skip_unavailable': False, 'install_base': '/workspaces/TIAgo_humble/install/pal_gripper_controller_configuration', 'merge_install': False, 'path': '/workspaces/TIAgo_humble/ros2_ws/src/pal_gripper/pal_gripper_controller_configuration', 'symlink_install': True, 'test_result_base': None}
[0.395s] Level 5:colcon.colcon_core.verb:set package 'pal_hey5_controller_configuration' build argument 'cmake_args' from command line to '['-DCMAKE_BUILD_TYPE=Release']'
[0.395s] Level 5:colcon.colcon_core.verb:set package 'pal_hey5_controller_configuration' build argument 'cmake_target' from command line to 'None'
[0.395s] Level 5:colcon.colcon_core.verb:set package 'pal_hey5_controller_configuration' build argument 'cmake_target_skip_unavailable' from command line to 'False'
[0.395s] Level 5:colcon.colcon_core.verb:set package 'pal_hey5_controller_configuration' build argument 'cmake_clean_cache' from command line to 'False'
[0.395s] Level 5:colcon.colcon_core.verb:set package 'pal_hey5_controller_configuration' build argument 'cmake_clean_first' from command line to 'False'
[0.395s] Level 5:colcon.colcon_core.verb:set package 'pal_hey5_controller_configuration' build argument 'cmake_force_configure' from command line to 'False'
[0.395s] Level 5:colcon.colcon_core.verb:set package 'pal_hey5_controller_configuration' build argument 'ament_cmake_args' from command line to 'None'
[0.395s] Level 5:colcon.colcon_core.verb:set package 'pal_hey5_controller_configuration' build argument 'catkin_cmake_args' from command line to 'None'
[0.395s] Level 5:colcon.colcon_core.verb:set package 'pal_hey5_controller_configuration' build argument 'catkin_skip_building_tests' from command line to 'False'
[0.395s] DEBUG:colcon.colcon_core.verb:Building package 'pal_hey5_controller_configuration' with the following arguments: {'ament_cmake_args': None, 'build_base': '/workspaces/TIAgo_humble/build/pal_hey5_controller_configuration', 'catkin_cmake_args': None, 'catkin_skip_building_tests': False, 'cmake_args': ['-DCMAKE_BUILD_TYPE=Release'], 'cmake_clean_cache': False, 'cmake_clean_first': False, 'cmake_force_configure': False, 'cmake_target': None, 'cmake_target_skip_unavailable': False, 'install_base': '/workspaces/TIAgo_humble/install/pal_hey5_controller_configuration', 'merge_install': False, 'path': '/workspaces/TIAgo_humble/ros2_ws/src/pal_hey5/pal_hey5_controller_configuration', 'symlink_install': True, 'test_result_base': None}
[0.395s] Level 5:colcon.colcon_core.verb:set package 'pal_maps' build argument 'cmake_args' from command line to '['-DCMAKE_BUILD_TYPE=Release']'
[0.395s] Level 5:colcon.colcon_core.verb:set package 'pal_maps' build argument 'cmake_target' from command line to 'None'
[0.396s] Level 5:colcon.colcon_core.verb:set package 'pal_maps' build argument 'cmake_target_skip_unavailable' from command line to 'False'
[0.396s] Level 5:colcon.colcon_core.verb:set package 'pal_maps' build argument 'cmake_clean_cache' from command line to 'False'
[0.396s] Level 5:colcon.colcon_core.verb:set package 'pal_maps' build argument 'cmake_clean_first' from command line to 'False'
[0.396s] Level 5:colcon.colcon_core.verb:set package 'pal_maps' build argument 'cmake_force_configure' from command line to 'False'
[0.396s] Level 5:colcon.colcon_core.verb:set package 'pal_maps' build argument 'ament_cmake_args' from command line to 'None'
[0.396s] Level 5:colcon.colcon_core.verb:set package 'pal_maps' build argument 'catkin_cmake_args' from command line to 'None'
[0.396s] Level 5:colcon.colcon_core.verb:set package 'pal_maps' build argument 'catkin_skip_building_tests' from command line to 'False'
[0.396s] DEBUG:colcon.colcon_core.verb:Building package 'pal_maps' with the following arguments: {'ament_cmake_args': None, 'build_base': '/workspaces/TIAgo_humble/build/pal_maps', 'catkin_cmake_args': None, 'catkin_skip_building_tests': False, 'cmake_args': ['-DCMAKE_BUILD_TYPE=Release'], 'cmake_clean_cache': False, 'cmake_clean_first': False, 'cmake_force_configure': False, 'cmake_target': None, 'cmake_target_skip_unavailable': False, 'install_base': '/workspaces/TIAgo_humble/install/pal_maps', 'merge_install': False, 'path': '/workspaces/TIAgo_humble/ros2_ws/src/pal_maps', 'symlink_install': True, 'test_result_base': None}
[0.396s] Level 5:colcon.colcon_core.verb:set package 'pal_robotiq_controller_configuration' build argument 'cmake_args' from command line to '['-DCMAKE_BUILD_TYPE=Release']'
[0.396s] Level 5:colcon.colcon_core.verb:set package 'pal_robotiq_controller_configuration' build argument 'cmake_target' from command line to 'None'
[0.396s] Level 5:colcon.colcon_core.verb:set package 'pal_robotiq_controller_configuration' build argument 'cmake_target_skip_unavailable' from command line to 'False'
[0.396s] Level 5:colcon.colcon_core.verb:set package 'pal_robotiq_controller_configuration' build argument 'cmake_clean_cache' from command line to 'False'
[0.396s] Level 5:colcon.colcon_core.verb:set package 'pal_robotiq_controller_configuration' build argument 'cmake_clean_first' from command line to 'False'
[0.396s] Level 5:colcon.colcon_core.verb:set package 'pal_robotiq_controller_configuration' build argument 'cmake_force_configure' from command line to 'False'
[0.396s] Level 5:colcon.colcon_core.verb:set package 'pal_robotiq_controller_configuration' build argument 'ament_cmake_args' from command line to 'None'
[0.396s] Level 5:colcon.colcon_core.verb:set package 'pal_robotiq_controller_configuration' build argument 'catkin_cmake_args' from command line to 'None'
[0.396s] Level 5:colcon.colcon_core.verb:set package 'pal_robotiq_controller_configuration' build argument 'catkin_skip_building_tests' from command line to 'False'
[0.396s] DEBUG:colcon.colcon_core.verb:Building package 'pal_robotiq_controller_configuration' with the following arguments: {'ament_cmake_args': None, 'build_base': '/workspaces/TIAgo_humble/build/pal_robotiq_controller_configuration', 'catkin_cmake_args': None, 'catkin_skip_building_tests': False, 'cmake_args': ['-DCMAKE_BUILD_TYPE=Release'], 'cmake_clean_cache': False, 'cmake_clean_first': False, 'cmake_force_configure': False, 'cmake_target': None, 'cmake_target_skip_unavailable': False, 'install_base': '/workspaces/TIAgo_humble/install/pal_robotiq_controller_configuration', 'merge_install': False, 'path': '/workspaces/TIAgo_humble/ros2_ws/src/pal_robotiq_gripper/pal_robotiq_controller_configuration', 'symlink_install': True, 'test_result_base': None}
[0.396s] Level 5:colcon.colcon_core.verb:set package 'pal_robotiq_description' build argument 'cmake_args' from command line to '['-DCMAKE_BUILD_TYPE=Release']'
[0.396s] Level 5:colcon.colcon_core.verb:set package 'pal_robotiq_description' build argument 'cmake_target' from command line to 'None'
[0.396s] Level 5:colcon.colcon_core.verb:set package 'pal_robotiq_description' build argument 'cmake_target_skip_unavailable' from command line to 'False'
[0.396s] Level 5:colcon.colcon_core.verb:set package 'pal_robotiq_description' build argument 'cmake_clean_cache' from command line to 'False'
[0.396s] Level 5:colcon.colcon_core.verb:set package 'pal_robotiq_description' build argument 'cmake_clean_first' from command line to 'False'
[0.396s] Level 5:colcon.colcon_core.verb:set package 'pal_robotiq_description' build argument 'cmake_force_configure' from command line to 'False'
[0.396s] Level 5:colcon.colcon_core.verb:set package 'pal_robotiq_description' build argument 'ament_cmake_args' from command line to 'None'
[0.396s] Level 5:colcon.colcon_core.verb:set package 'pal_robotiq_description' build argument 'catkin_cmake_args' from command line to 'None'
[0.396s] Level 5:colcon.colcon_core.verb:set package 'pal_robotiq_description' build argument 'catkin_skip_building_tests' from command line to 'False'
[0.396s] DEBUG:colcon.colcon_core.verb:Building package 'pal_robotiq_description' with the following arguments: {'ament_cmake_args': None, 'build_base': '/workspaces/TIAgo_humble/build/pal_robotiq_description', 'catkin_cmake_args': None, 'catkin_skip_building_tests': False, 'cmake_args': ['-DCMAKE_BUILD_TYPE=Release'], 'cmake_clean_cache': False, 'cmake_clean_first': False, 'cmake_force_configure': False, 'cmake_target': None, 'cmake_target_skip_unavailable': False, 'install_base': '/workspaces/TIAgo_humble/install/pal_robotiq_description', 'merge_install': False, 'path': '/workspaces/TIAgo_humble/ros2_ws/src/pal_robotiq_gripper/pal_robotiq_description', 'symlink_install': True, 'test_result_base': None}
[0.396s] Level 5:colcon.colcon_core.verb:set package 'pal_urdf_utils' build argument 'cmake_args' from command line to '['-DCMAKE_BUILD_TYPE=Release']'
[0.396s] Level 5:colcon.colcon_core.verb:set package 'pal_urdf_utils' build argument 'cmake_target' from command line to 'None'
[0.396s] Level 5:colcon.colcon_core.verb:set package 'pal_urdf_utils' build argument 'cmake_target_skip_unavailable' from command line to 'False'
[0.397s] Level 5:colcon.colcon_core.verb:set package 'pal_urdf_utils' build argument 'cmake_clean_cache' from command line to 'False'
[0.397s] Level 5:colcon.colcon_core.verb:set package 'pal_urdf_utils' build argument 'cmake_clean_first' from command line to 'False'
[0.397s] Level 5:colcon.colcon_core.verb:set package 'pal_urdf_utils' build argument 'cmake_force_configure' from command line to 'False'
[0.397s] Level 5:colcon.colcon_core.verb:set package 'pal_urdf_utils' build argument 'ament_cmake_args' from command line to 'None'
[0.397s] Level 5:colcon.colcon_core.verb:set package 'pal_urdf_utils' build argument 'catkin_cmake_args' from command line to 'None'
[0.397s] Level 5:colcon.colcon_core.verb:set package 'pal_urdf_utils' build argument 'catkin_skip_building_tests' from command line to 'False'
[0.397s] DEBUG:colcon.colcon_core.verb:Building package 'pal_urdf_utils' with the following arguments: {'ament_cmake_args': None, 'build_base': '/workspaces/TIAgo_humble/build/pal_urdf_utils', 'catkin_cmake_args': None, 'catkin_skip_building_tests': False, 'cmake_args': ['-DCMAKE_BUILD_TYPE=Release'], 'cmake_clean_cache': False, 'cmake_clean_first': False, 'cmake_force_configure': False, 'cmake_target': None, 'cmake_target_skip_unavailable': False, 'install_base': '/workspaces/TIAgo_humble/install/pal_urdf_utils', 'merge_install': False, 'path': '/workspaces/TIAgo_humble/ros2_ws/src/pal_urdf_utils', 'symlink_install': True, 'test_result_base': None}
[0.397s] Level 5:colcon.colcon_core.verb:set package 'play_motion2_msgs' build argument 'cmake_args' from command line to '['-DCMAKE_BUILD_TYPE=Release']'
[0.397s] Level 5:colcon.colcon_core.verb:set package 'play_motion2_msgs' build argument 'cmake_target' from command line to 'None'
[0.397s] Level 5:colcon.colcon_core.verb:set package 'play_motion2_msgs' build argument 'cmake_target_skip_unavailable' from command line to 'False'
[0.397s] Level 5:colcon.colcon_core.verb:set package 'play_motion2_msgs' build argument 'cmake_clean_cache' from command line to 'False'
[0.397s] Level 5:colcon.colcon_core.verb:set package 'play_motion2_msgs' build argument 'cmake_clean_first' from command line to 'False'
[0.397s] Level 5:colcon.colcon_core.verb:set package 'play_motion2_msgs' build argument 'cmake_force_configure' from command line to 'False'
[0.397s] Level 5:colcon.colcon_core.verb:set package 'play_motion2_msgs' build argument 'ament_cmake_args' from command line to 'None'
[0.397s] Level 5:colcon.colcon_core.verb:set package 'play_motion2_msgs' build argument 'catkin_cmake_args' from command line to 'None'
[0.397s] Level 5:colcon.colcon_core.verb:set package 'play_motion2_msgs' build argument 'catkin_skip_building_tests' from command line to 'False'
[0.397s] DEBUG:colcon.colcon_core.verb:Building package 'play_motion2_msgs' with the following arguments: {'ament_cmake_args': None, 'build_base': '/workspaces/TIAgo_humble/build/play_motion2_msgs', 'catkin_cmake_args': None, 'catkin_skip_building_tests': False, 'cmake_args': ['-DCMAKE_BUILD_TYPE=Release'], 'cmake_clean_cache': False, 'cmake_clean_first': False, 'cmake_force_configure': False, 'cmake_target': None, 'cmake_target_skip_unavailable': False, 'install_base': '/workspaces/TIAgo_humble/install/play_motion2_msgs', 'merge_install': False, 'path': '/workspaces/TIAgo_humble/ros2_ws/src/play_motion2/play_motion2_msgs', 'symlink_install': True, 'test_result_base': None}
[0.397s] Level 5:colcon.colcon_core.verb:set package 'pmb2_laser_sensors' build argument 'cmake_args' from command line to '['-DCMAKE_BUILD_TYPE=Release']'
[0.397s] Level 5:colcon.colcon_core.verb:set package 'pmb2_laser_sensors' build argument 'cmake_target' from command line to 'None'
[0.397s] Level 5:colcon.colcon_core.verb:set package 'pmb2_laser_sensors' build argument 'cmake_target_skip_unavailable' from command line to 'False'
[0.397s] Level 5:colcon.colcon_core.verb:set package 'pmb2_laser_sensors' build argument 'cmake_clean_cache' from command line to 'False'
[0.397s] Level 5:colcon.colcon_core.verb:set package 'pmb2_laser_sensors' build argument 'cmake_clean_first' from command line to 'False'
[0.397s] Level 5:colcon.colcon_core.verb:set package 'pmb2_laser_sensors' build argument 'cmake_force_configure' from command line to 'False'
[0.397s] Level 5:colcon.colcon_core.verb:set package 'pmb2_laser_sensors' build argument 'ament_cmake_args' from command line to 'None'
[0.397s] Level 5:colcon.colcon_core.verb:set package 'pmb2_laser_sensors' build argument 'catkin_cmake_args' from command line to 'None'
[0.397s] Level 5:colcon.colcon_core.verb:set package 'pmb2_laser_sensors' build argument 'catkin_skip_building_tests' from command line to 'False'
[0.397s] DEBUG:colcon.colcon_core.verb:Building package 'pmb2_laser_sensors' with the following arguments: {'ament_cmake_args': None, 'build_base': '/workspaces/TIAgo_humble/build/pmb2_laser_sensors', 'catkin_cmake_args': None, 'catkin_skip_building_tests': False, 'cmake_args': ['-DCMAKE_BUILD_TYPE=Release'], 'cmake_clean_cache': False, 'cmake_clean_first': False, 'cmake_force_configure': False, 'cmake_target': None, 'cmake_target_skip_unavailable': False, 'install_base': '/workspaces/TIAgo_humble/install/pmb2_laser_sensors', 'merge_install': False, 'path': '/workspaces/TIAgo_humble/ros2_ws/src/pmb2_navigation/pmb2_laser_sensors', 'symlink_install': True, 'test_result_base': None}
[0.397s] Level 5:colcon.colcon_core.verb:set package 'tiago_rgbd_sensors' build argument 'cmake_args' from command line to '['-DCMAKE_BUILD_TYPE=Release']'
[0.397s] Level 5:colcon.colcon_core.verb:set package 'tiago_rgbd_sensors' build argument 'cmake_target' from command line to 'None'
[0.397s] Level 5:colcon.colcon_core.verb:set package 'tiago_rgbd_sensors' build argument 'cmake_target_skip_unavailable' from command line to 'False'
[0.398s] Level 5:colcon.colcon_core.verb:set package 'tiago_rgbd_sensors' build argument 'cmake_clean_cache' from command line to 'False'
[0.398s] Level 5:colcon.colcon_core.verb:set package 'tiago_rgbd_sensors' build argument 'cmake_clean_first' from command line to 'False'
[0.398s] Level 5:colcon.colcon_core.verb:set package 'tiago_rgbd_sensors' build argument 'cmake_force_configure' from command line to 'False'
[0.398s] Level 5:colcon.colcon_core.verb:set package 'tiago_rgbd_sensors' build argument 'ament_cmake_args' from command line to 'None'
[0.398s] Level 5:colcon.colcon_core.verb:set package 'tiago_rgbd_sensors' build argument 'catkin_cmake_args' from command line to 'None'
[0.398s] Level 5:colcon.colcon_core.verb:set package 'tiago_rgbd_sensors' build argument 'catkin_skip_building_tests' from command line to 'False'
[0.398s] DEBUG:colcon.colcon_core.verb:Building package 'tiago_rgbd_sensors' with the following arguments: {'ament_cmake_args': None, 'build_base': '/workspaces/TIAgo_humble/build/tiago_rgbd_sensors', 'catkin_cmake_args': None, 'catkin_skip_building_tests': False, 'cmake_args': ['-DCMAKE_BUILD_TYPE=Release'], 'cmake_clean_cache': False, 'cmake_clean_first': False, 'cmake_force_configure': False, 'cmake_target': None, 'cmake_target_skip_unavailable': False, 'install_base': '/workspaces/TIAgo_humble/install/tiago_rgbd_sensors', 'merge_install': False, 'path': '/workspaces/TIAgo_humble/ros2_ws/src/tiago_navigation/tiago_rgbd_sensors', 'symlink_install': True, 'test_result_base': None}
[0.398s] Level 5:colcon.colcon_core.verb:set package 'omni_base_description' build argument 'cmake_args' from command line to '['-DCMAKE_BUILD_TYPE=Release']'
[0.398s] Level 5:colcon.colcon_core.verb:set package 'omni_base_description' build argument 'cmake_target' from command line to 'None'
[0.398s] Level 5:colcon.colcon_core.verb:set package 'omni_base_description' build argument 'cmake_target_skip_unavailable' from command line to 'False'
[0.398s] Level 5:colcon.colcon_core.verb:set package 'omni_base_description' build argument 'cmake_clean_cache' from command line to 'False'
[0.398s] Level 5:colcon.colcon_core.verb:set package 'omni_base_description' build argument 'cmake_clean_first' from command line to 'False'
[0.398s] Level 5:colcon.colcon_core.verb:set package 'omni_base_description' build argument 'cmake_force_configure' from command line to 'False'
[0.398s] Level 5:colcon.colcon_core.verb:set package 'omni_base_description' build argument 'ament_cmake_args' from command line to 'None'
[0.398s] Level 5:colcon.colcon_core.verb:set package 'omni_base_description' build argument 'catkin_cmake_args' from command line to 'None'
[0.398s] Level 5:colcon.colcon_core.verb:set package 'omni_base_description' build argument 'catkin_skip_building_tests' from command line to 'False'
[0.398s] DEBUG:colcon.colcon_core.verb:Building package 'omni_base_description' with the following arguments: {'ament_cmake_args': None, 'build_base': '/workspaces/TIAgo_humble/build/omni_base_description', 'catkin_cmake_args': None, 'catkin_skip_building_tests': False, 'cmake_args': ['-DCMAKE_BUILD_TYPE=Release'], 'cmake_clean_cache': False, 'cmake_clean_first': False, 'cmake_force_configure': False, 'cmake_target': None, 'cmake_target_skip_unavailable': False, 'install_base': '/workspaces/TIAgo_humble/install/omni_base_description', 'merge_install': False, 'path': '/workspaces/TIAgo_humble/ros2_ws/src/omni_base_robot/omni_base_description', 'symlink_install': True, 'test_result_base': None}
[0.398s] Level 5:colcon.colcon_core.verb:set package 'pal_gazebo_worlds' build argument 'cmake_args' from command line to '['-DCMAKE_BUILD_TYPE=Release']'
[0.398s] Level 5:colcon.colcon_core.verb:set package 'pal_gazebo_worlds' build argument 'cmake_target' from command line to 'None'
[0.398s] Level 5:colcon.colcon_core.verb:set package 'pal_gazebo_worlds' build argument 'cmake_target_skip_unavailable' from command line to 'False'
[0.398s] Level 5:colcon.colcon_core.verb:set package 'pal_gazebo_worlds' build argument 'cmake_clean_cache' from command line to 'False'
[0.398s] Level 5:colcon.colcon_core.verb:set package 'pal_gazebo_worlds' build argument 'cmake_clean_first' from command line to 'False'
[0.398s] Level 5:colcon.colcon_core.verb:set package 'pal_gazebo_worlds' build argument 'cmake_force_configure' from command line to 'False'
[0.398s] Level 5:colcon.colcon_core.verb:set package 'pal_gazebo_worlds' build argument 'ament_cmake_args' from command line to 'None'
[0.398s] Level 5:colcon.colcon_core.verb:set package 'pal_gazebo_worlds' build argument 'catkin_cmake_args' from command line to 'None'
[0.398s] Level 5:colcon.colcon_core.verb:set package 'pal_gazebo_worlds' build argument 'catkin_skip_building_tests' from command line to 'False'
[0.398s] DEBUG:colcon.colcon_core.verb:Building package 'pal_gazebo_worlds' with the following arguments: {'ament_cmake_args': None, 'build_base': '/workspaces/TIAgo_humble/build/pal_gazebo_worlds', 'catkin_cmake_args': None, 'catkin_skip_building_tests': False, 'cmake_args': ['-DCMAKE_BUILD_TYPE=Release'], 'cmake_clean_cache': False, 'cmake_clean_first': False, 'cmake_force_configure': False, 'cmake_target': None, 'cmake_target_skip_unavailable': False, 'install_base': '/workspaces/TIAgo_humble/install/pal_gazebo_worlds', 'merge_install': False, 'path': '/workspaces/TIAgo_humble/ros2_ws/src/pal_gazebo_worlds', 'symlink_install': True, 'test_result_base': None}
[0.399s] Level 5:colcon.colcon_core.verb:set package 'pal_gripper_description' build argument 'cmake_args' from command line to '['-DCMAKE_BUILD_TYPE=Release']'
[0.399s] Level 5:colcon.colcon_core.verb:set package 'pal_gripper_description' build argument 'cmake_target' from command line to 'None'
[0.399s] Level 5:colcon.colcon_core.verb:set package 'pal_gripper_description' build argument 'cmake_target_skip_unavailable' from command line to 'False'
[0.399s] Level 5:colcon.colcon_core.verb:set package 'pal_gripper_description' build argument 'cmake_clean_cache' from command line to 'False'
[0.399s] Level 5:colcon.colcon_core.verb:set package 'pal_gripper_description' build argument 'cmake_clean_first' from command line to 'False'
[0.399s] Level 5:colcon.colcon_core.verb:set package 'pal_gripper_description' build argument 'cmake_force_configure' from command line to 'False'
[0.399s] Level 5:colcon.colcon_core.verb:set package 'pal_gripper_description' build argument 'ament_cmake_args' from command line to 'None'
[0.399s] Level 5:colcon.colcon_core.verb:set package 'pal_gripper_description' build argument 'catkin_cmake_args' from command line to 'None'
[0.399s] Level 5:colcon.colcon_core.verb:set package 'pal_gripper_description' build argument 'catkin_skip_building_tests' from command line to 'False'
[0.399s] DEBUG:colcon.colcon_core.verb:Building package 'pal_gripper_description' with the following arguments: {'ament_cmake_args': None, 'build_base': '/workspaces/TIAgo_humble/build/pal_gripper_description', 'catkin_cmake_args': None, 'catkin_skip_building_tests': False, 'cmake_args': ['-DCMAKE_BUILD_TYPE=Release'], 'cmake_clean_cache': False, 'cmake_clean_first': False, 'cmake_force_configure': False, 'cmake_target': None, 'cmake_target_skip_unavailable': False, 'install_base': '/workspaces/TIAgo_humble/install/pal_gripper_description', 'merge_install': False, 'path': '/workspaces/TIAgo_humble/ros2_ws/src/pal_gripper/pal_gripper_description', 'symlink_install': True, 'test_result_base': None}
[0.399s] Level 5:colcon.colcon_core.verb:set package 'pal_hey5_description' build argument 'cmake_args' from command line to '['-DCMAKE_BUILD_TYPE=Release']'
[0.399s] Level 5:colcon.colcon_core.verb:set package 'pal_hey5_description' build argument 'cmake_target' from command line to 'None'
[0.399s] Level 5:colcon.colcon_core.verb:set package 'pal_hey5_description' build argument 'cmake_target_skip_unavailable' from command line to 'False'
[0.399s] Level 5:colcon.colcon_core.verb:set package 'pal_hey5_description' build argument 'cmake_clean_cache' from command line to 'False'
[0.399s] Level 5:colcon.colcon_core.verb:set package 'pal_hey5_description' build argument 'cmake_clean_first' from command line to 'False'
[0.399s] Level 5:colcon.colcon_core.verb:set package 'pal_hey5_description' build argument 'cmake_force_configure' from command line to 'False'
[0.399s] Level 5:colcon.colcon_core.verb:set package 'pal_hey5_description' build argument 'ament_cmake_args' from command line to 'None'
[0.399s] Level 5:colcon.colcon_core.verb:set package 'pal_hey5_description' build argument 'catkin_cmake_args' from command line to 'None'
[0.399s] Level 5:colcon.colcon_core.verb:set package 'pal_hey5_description' build argument 'catkin_skip_building_tests' from command line to 'False'
[0.399s] DEBUG:colcon.colcon_core.verb:Building package 'pal_hey5_description' with the following arguments: {'ament_cmake_args': None, 'build_base': '/workspaces/TIAgo_humble/build/pal_hey5_description', 'catkin_cmake_args': None, 'catkin_skip_building_tests': False, 'cmake_args': ['-DCMAKE_BUILD_TYPE=Release'], 'cmake_clean_cache': False, 'cmake_clean_first': False, 'cmake_force_configure': False, 'cmake_target': None, 'cmake_target_skip_unavailable': False, 'install_base': '/workspaces/TIAgo_humble/install/pal_hey5_description', 'merge_install': False, 'path': '/workspaces/TIAgo_humble/ros2_ws/src/pal_hey5/pal_hey5_description', 'symlink_install': True, 'test_result_base': None}
[0.399s] Level 5:colcon.colcon_core.verb:set package 'pal_robotiq_gripper' build argument 'cmake_args' from command line to '['-DCMAKE_BUILD_TYPE=Release']'
[0.399s] Level 5:colcon.colcon_core.verb:set package 'pal_robotiq_gripper' build argument 'cmake_target' from command line to 'None'
[0.399s] Level 5:colcon.colcon_core.verb:set package 'pal_robotiq_gripper' build argument 'cmake_target_skip_unavailable' from command line to 'False'
[0.399s] Level 5:colcon.colcon_core.verb:set package 'pal_robotiq_gripper' build argument 'cmake_clean_cache' from command line to 'False'
[0.399s] Level 5:colcon.colcon_core.verb:set package 'pal_robotiq_gripper' build argument 'cmake_clean_first' from command line to 'False'
[0.399s] Level 5:colcon.colcon_core.verb:set package 'pal_robotiq_gripper' build argument 'cmake_force_configure' from command line to 'False'
[0.399s] Level 5:colcon.colcon_core.verb:set package 'pal_robotiq_gripper' build argument 'ament_cmake_args' from command line to 'None'
[0.399s] Level 5:colcon.colcon_core.verb:set package 'pal_robotiq_gripper' build argument 'catkin_cmake_args' from command line to 'None'
[0.399s] Level 5:colcon.colcon_core.verb:set package 'pal_robotiq_gripper' build argument 'catkin_skip_building_tests' from command line to 'False'
[0.399s] DEBUG:colcon.colcon_core.verb:Building package 'pal_robotiq_gripper' with the following arguments: {'ament_cmake_args': None, 'build_base': '/workspaces/TIAgo_humble/build/pal_robotiq_gripper', 'catkin_cmake_args': None, 'catkin_skip_building_tests': False, 'cmake_args': ['-DCMAKE_BUILD_TYPE=Release'], 'cmake_clean_cache': False, 'cmake_clean_first': False, 'cmake_force_configure': False, 'cmake_target': None, 'cmake_target_skip_unavailable': False, 'install_base': '/workspaces/TIAgo_humble/install/pal_robotiq_gripper', 'merge_install': False, 'path': '/workspaces/TIAgo_humble/ros2_ws/src/pal_robotiq_gripper/pal_robotiq_gripper', 'symlink_install': True, 'test_result_base': None}
[0.400s] Level 5:colcon.colcon_core.verb:set package 'play_motion2' build argument 'cmake_args' from command line to '['-DCMAKE_BUILD_TYPE=Release']'
[0.400s] Level 5:colcon.colcon_core.verb:set package 'play_motion2' build argument 'cmake_target' from command line to 'None'
[0.400s] Level 5:colcon.colcon_core.verb:set package 'play_motion2' build argument 'cmake_target_skip_unavailable' from command line to 'False'
[0.400s] Level 5:colcon.colcon_core.verb:set package 'play_motion2' build argument 'cmake_clean_cache' from command line to 'False'
[0.400s] Level 5:colcon.colcon_core.verb:set package 'play_motion2' build argument 'cmake_clean_first' from command line to 'False'
[0.400s] Level 5:colcon.colcon_core.verb:set package 'play_motion2' build argument 'cmake_force_configure' from command line to 'False'
[0.400s] Level 5:colcon.colcon_core.verb:set package 'play_motion2' build argument 'ament_cmake_args' from command line to 'None'
[0.400s] Level 5:colcon.colcon_core.verb:set package 'play_motion2' build argument 'catkin_cmake_args' from command line to 'None'
[0.400s] Level 5:colcon.colcon_core.verb:set package 'play_motion2' build argument 'catkin_skip_building_tests' from command line to 'False'
[0.400s] DEBUG:colcon.colcon_core.verb:Building package 'play_motion2' with the following arguments: {'ament_cmake_args': None, 'build_base': '/workspaces/TIAgo_humble/build/play_motion2', 'catkin_cmake_args': None, 'catkin_skip_building_tests': False, 'cmake_args': ['-DCMAKE_BUILD_TYPE=Release'], 'cmake_clean_cache': False, 'cmake_clean_first': False, 'cmake_force_configure': False, 'cmake_target': None, 'cmake_target_skip_unavailable': False, 'install_base': '/workspaces/TIAgo_humble/install/play_motion2', 'merge_install': False, 'path': '/workspaces/TIAgo_humble/ros2_ws/src/play_motion2/play_motion2', 'symlink_install': True, 'test_result_base': None}
[0.400s] Level 5:colcon.colcon_core.verb:set package 'pmb2_2dnav' build argument 'cmake_args' from command line to '['-DCMAKE_BUILD_TYPE=Release']'
[0.400s] Level 5:colcon.colcon_core.verb:set package 'pmb2_2dnav' build argument 'cmake_target' from command line to 'None'
[0.400s] Level 5:colcon.colcon_core.verb:set package 'pmb2_2dnav' build argument 'cmake_target_skip_unavailable' from command line to 'False'
[0.400s] Level 5:colcon.colcon_core.verb:set package 'pmb2_2dnav' build argument 'cmake_clean_cache' from command line to 'False'
[0.400s] Level 5:colcon.colcon_core.verb:set package 'pmb2_2dnav' build argument 'cmake_clean_first' from command line to 'False'
[0.400s] Level 5:colcon.colcon_core.verb:set package 'pmb2_2dnav' build argument 'cmake_force_configure' from command line to 'False'
[0.400s] Level 5:colcon.colcon_core.verb:set package 'pmb2_2dnav' build argument 'ament_cmake_args' from command line to 'None'
[0.400s] Level 5:colcon.colcon_core.verb:set package 'pmb2_2dnav' build argument 'catkin_cmake_args' from command line to 'None'
[0.400s] Level 5:colcon.colcon_core.verb:set package 'pmb2_2dnav' build argument 'catkin_skip_building_tests' from command line to 'False'
[0.400s] DEBUG:colcon.colcon_core.verb:Building package 'pmb2_2dnav' with the following arguments: {'ament_cmake_args': None, 'build_base': '/workspaces/TIAgo_humble/build/pmb2_2dnav', 'catkin_cmake_args': None, 'catkin_skip_building_tests': False, 'cmake_args': ['-DCMAKE_BUILD_TYPE=Release'], 'cmake_clean_cache': False, 'cmake_clean_first': False, 'cmake_force_configure': False, 'cmake_target': None, 'cmake_target_skip_unavailable': False, 'install_base': '/workspaces/TIAgo_humble/install/pmb2_2dnav', 'merge_install': False, 'path': '/workspaces/TIAgo_humble/ros2_ws/src/pmb2_navigation/pmb2_2dnav', 'symlink_install': True, 'test_result_base': None}
[0.400s] Level 5:colcon.colcon_core.verb:set package 'pmb2_controller_configuration' build argument 'cmake_args' from command line to '['-DCMAKE_BUILD_TYPE=Release']'
[0.400s] Level 5:colcon.colcon_core.verb:set package 'pmb2_controller_configuration' build argument 'cmake_target' from command line to 'None'
[0.400s] Level 5:colcon.colcon_core.verb:set package 'pmb2_controller_configuration' build argument 'cmake_target_skip_unavailable' from command line to 'False'
[0.400s] Level 5:colcon.colcon_core.verb:set package 'pmb2_controller_configuration' build argument 'cmake_clean_cache' from command line to 'False'
[0.400s] Level 5:colcon.colcon_core.verb:set package 'pmb2_controller_configuration' build argument 'cmake_clean_first' from command line to 'False'
[0.400s] Level 5:colcon.colcon_core.verb:set package 'pmb2_controller_configuration' build argument 'cmake_force_configure' from command line to 'False'
[0.400s] Level 5:colcon.colcon_core.verb:set package 'pmb2_controller_configuration' build argument 'ament_cmake_args' from command line to 'None'
[0.400s] Level 5:colcon.colcon_core.verb:set package 'pmb2_controller_configuration' build argument 'catkin_cmake_args' from command line to 'None'
[0.400s] Level 5:colcon.colcon_core.verb:set package 'pmb2_controller_configuration' build argument 'catkin_skip_building_tests' from command line to 'False'
[0.400s] DEBUG:colcon.colcon_core.verb:Building package 'pmb2_controller_configuration' with the following arguments: {'ament_cmake_args': None, 'build_base': '/workspaces/TIAgo_humble/build/pmb2_controller_configuration', 'catkin_cmake_args': None, 'catkin_skip_building_tests': False, 'cmake_args': ['-DCMAKE_BUILD_TYPE=Release'], 'cmake_clean_cache': False, 'cmake_clean_first': False, 'cmake_force_configure': False, 'cmake_target': None, 'cmake_target_skip_unavailable': False, 'install_base': '/workspaces/TIAgo_humble/install/pmb2_controller_configuration', 'merge_install': False, 'path': '/workspaces/TIAgo_humble/ros2_ws/src/pmb2_robot/pmb2_controller_configuration', 'symlink_install': True, 'test_result_base': None}
[0.401s] Level 5:colcon.colcon_core.verb:set package 'pmb2_description' build argument 'cmake_args' from command line to '['-DCMAKE_BUILD_TYPE=Release']'
[0.401s] Level 5:colcon.colcon_core.verb:set package 'pmb2_description' build argument 'cmake_target' from command line to 'None'
[0.401s] Level 5:colcon.colcon_core.verb:set package 'pmb2_description' build argument 'cmake_target_skip_unavailable' from command line to 'False'
[0.401s] Level 5:colcon.colcon_core.verb:set package 'pmb2_description' build argument 'cmake_clean_cache' from command line to 'False'
[0.401s] Level 5:colcon.colcon_core.verb:set package 'pmb2_description' build argument 'cmake_clean_first' from command line to 'False'
[0.401s] Level 5:colcon.colcon_core.verb:set package 'pmb2_description' build argument 'cmake_force_configure' from command line to 'False'
[0.401s] Level 5:colcon.colcon_core.verb:set package 'pmb2_description' build argument 'ament_cmake_args' from command line to 'None'
[0.401s] Level 5:colcon.colcon_core.verb:set package 'pmb2_description' build argument 'catkin_cmake_args' from command line to 'None'
[0.401s] Level 5:colcon.colcon_core.verb:set package 'pmb2_description' build argument 'catkin_skip_building_tests' from command line to 'False'
[0.401s] DEBUG:colcon.colcon_core.verb:Building package 'pmb2_description' with the following arguments: {'ament_cmake_args': None, 'build_base': '/workspaces/TIAgo_humble/build/pmb2_description', 'catkin_cmake_args': None, 'catkin_skip_building_tests': False, 'cmake_args': ['-DCMAKE_BUILD_TYPE=Release'], 'cmake_clean_cache': False, 'cmake_clean_first': False, 'cmake_force_configure': False, 'cmake_target': None, 'cmake_target_skip_unavailable': False, 'install_base': '/workspaces/TIAgo_humble/install/pmb2_description', 'merge_install': False, 'path': '/workspaces/TIAgo_humble/ros2_ws/src/pmb2_robot/pmb2_description', 'symlink_install': True, 'test_result_base': None}
[0.401s] Level 5:colcon.colcon_core.verb:set package 'pmb2_rgbd_sensors' build argument 'cmake_args' from command line to '['-DCMAKE_BUILD_TYPE=Release']'
[0.401s] Level 5:colcon.colcon_core.verb:set package 'pmb2_rgbd_sensors' build argument 'cmake_target' from command line to 'None'
[0.401s] Level 5:colcon.colcon_core.verb:set package 'pmb2_rgbd_sensors' build argument 'cmake_target_skip_unavailable' from command line to 'False'
[0.401s] Level 5:colcon.colcon_core.verb:set package 'pmb2_rgbd_sensors' build argument 'cmake_clean_cache' from command line to 'False'
[0.401s] Level 5:colcon.colcon_core.verb:set package 'pmb2_rgbd_sensors' build argument 'cmake_clean_first' from command line to 'False'
[0.401s] Level 5:colcon.colcon_core.verb:set package 'pmb2_rgbd_sensors' build argument 'cmake_force_configure' from command line to 'False'
[0.401s] Level 5:colcon.colcon_core.verb:set package 'pmb2_rgbd_sensors' build argument 'ament_cmake_args' from command line to 'None'
[0.401s] Level 5:colcon.colcon_core.verb:set package 'pmb2_rgbd_sensors' build argument 'catkin_cmake_args' from command line to 'None'
[0.401s] Level 5:colcon.colcon_core.verb:set package 'pmb2_rgbd_sensors' build argument 'catkin_skip_building_tests' from command line to 'False'
[0.401s] DEBUG:colcon.colcon_core.verb:Building package 'pmb2_rgbd_sensors' with the following arguments: {'ament_cmake_args': None, 'build_base': '/workspaces/TIAgo_humble/build/pmb2_rgbd_sensors', 'catkin_cmake_args': None, 'catkin_skip_building_tests': False, 'cmake_args': ['-DCMAKE_BUILD_TYPE=Release'], 'cmake_clean_cache': False, 'cmake_clean_first': False, 'cmake_force_configure': False, 'cmake_target': None, 'cmake_target_skip_unavailable': False, 'install_base': '/workspaces/TIAgo_humble/install/pmb2_rgbd_sensors', 'merge_install': False, 'path': '/workspaces/TIAgo_humble/ros2_ws/src/pmb2_navigation/pmb2_rgbd_sensors', 'symlink_install': True, 'test_result_base': None}
[0.401s] Level 5:colcon.colcon_core.verb:set package 'tiago_laser_sensors' build argument 'cmake_args' from command line to '['-DCMAKE_BUILD_TYPE=Release']'
[0.402s] Level 5:colcon.colcon_core.verb:set package 'tiago_laser_sensors' build argument 'cmake_target' from command line to 'None'
[0.402s] Level 5:colcon.colcon_core.verb:set package 'tiago_laser_sensors' build argument 'cmake_target_skip_unavailable' from command line to 'False'
[0.402s] Level 5:colcon.colcon_core.verb:set package 'tiago_laser_sensors' build argument 'cmake_clean_cache' from command line to 'False'
[0.402s] Level 5:colcon.colcon_core.verb:set package 'tiago_laser_sensors' build argument 'cmake_clean_first' from command line to 'False'
[0.402s] Level 5:colcon.colcon_core.verb:set package 'tiago_laser_sensors' build argument 'cmake_force_configure' from command line to 'False'
[0.402s] Level 5:colcon.colcon_core.verb:set package 'tiago_laser_sensors' build argument 'ament_cmake_args' from command line to 'None'
[0.402s] Level 5:colcon.colcon_core.verb:set package 'tiago_laser_sensors' build argument 'catkin_cmake_args' from command line to 'None'
[0.402s] Level 5:colcon.colcon_core.verb:set package 'tiago_laser_sensors' build argument 'catkin_skip_building_tests' from command line to 'False'
[0.402s] DEBUG:colcon.colcon_core.verb:Building package 'tiago_laser_sensors' with the following arguments: {'ament_cmake_args': None, 'build_base': '/workspaces/TIAgo_humble/build/tiago_laser_sensors', 'catkin_cmake_args': None, 'catkin_skip_building_tests': False, 'cmake_args': ['-DCMAKE_BUILD_TYPE=Release'], 'cmake_clean_cache': False, 'cmake_clean_first': False, 'cmake_force_configure': False, 'cmake_target': None, 'cmake_target_skip_unavailable': False, 'install_base': '/workspaces/TIAgo_humble/install/tiago_laser_sensors', 'merge_install': False, 'path': '/workspaces/TIAgo_humble/ros2_ws/src/tiago_navigation/tiago_laser_sensors', 'symlink_install': True, 'test_result_base': None}
[0.402s] Level 5:colcon.colcon_core.verb:set package 'omni_base_bringup' build argument 'cmake_args' from command line to '['-DCMAKE_BUILD_TYPE=Release']'
[0.402s] Level 5:colcon.colcon_core.verb:set package 'omni_base_bringup' build argument 'cmake_target' from command line to 'None'
[0.402s] Level 5:colcon.colcon_core.verb:set package 'omni_base_bringup' build argument 'cmake_target_skip_unavailable' from command line to 'False'
[0.402s] Level 5:colcon.colcon_core.verb:set package 'omni_base_bringup' build argument 'cmake_clean_cache' from command line to 'False'
[0.402s] Level 5:colcon.colcon_core.verb:set package 'omni_base_bringup' build argument 'cmake_clean_first' from command line to 'False'
[0.402s] Level 5:colcon.colcon_core.verb:set package 'omni_base_bringup' build argument 'cmake_force_configure' from command line to 'False'
[0.402s] Level 5:colcon.colcon_core.verb:set package 'omni_base_bringup' build argument 'ament_cmake_args' from command line to 'None'
[0.402s] Level 5:colcon.colcon_core.verb:set package 'omni_base_bringup' build argument 'catkin_cmake_args' from command line to 'None'
[0.402s] Level 5:colcon.colcon_core.verb:set package 'omni_base_bringup' build argument 'catkin_skip_building_tests' from command line to 'False'
[0.402s] DEBUG:colcon.colcon_core.verb:Building package 'omni_base_bringup' with the following arguments: {'ament_cmake_args': None, 'build_base': '/workspaces/TIAgo_humble/build/omni_base_bringup', 'catkin_cmake_args': None, 'catkin_skip_building_tests': False, 'cmake_args': ['-DCMAKE_BUILD_TYPE=Release'], 'cmake_clean_cache': False, 'cmake_clean_first': False, 'cmake_force_configure': False, 'cmake_target': None, 'cmake_target_skip_unavailable': False, 'install_base': '/workspaces/TIAgo_humble/install/omni_base_bringup', 'merge_install': False, 'path': '/workspaces/TIAgo_humble/ros2_ws/src/omni_base_robot/omni_base_bringup', 'symlink_install': True, 'test_result_base': None}
[0.402s] Level 5:colcon.colcon_core.verb:set package 'pal_gripper' build argument 'cmake_args' from command line to '['-DCMAKE_BUILD_TYPE=Release']'
[0.402s] Level 5:colcon.colcon_core.verb:set package 'pal_gripper' build argument 'cmake_target' from command line to 'None'
[0.402s] Level 5:colcon.colcon_core.verb:set package 'pal_gripper' build argument 'cmake_target_skip_unavailable' from command line to 'False'
[0.402s] Level 5:colcon.colcon_core.verb:set package 'pal_gripper' build argument 'cmake_clean_cache' from command line to 'False'
[0.402s] Level 5:colcon.colcon_core.verb:set package 'pal_gripper' build argument 'cmake_clean_first' from command line to 'False'
[0.402s] Level 5:colcon.colcon_core.verb:set package 'pal_gripper' build argument 'cmake_force_configure' from command line to 'False'
[0.402s] Level 5:colcon.colcon_core.verb:set package 'pal_gripper' build argument 'ament_cmake_args' from command line to 'None'
[0.402s] Level 5:colcon.colcon_core.verb:set package 'pal_gripper' build argument 'catkin_cmake_args' from command line to 'None'
[0.402s] Level 5:colcon.colcon_core.verb:set package 'pal_gripper' build argument 'catkin_skip_building_tests' from command line to 'False'
[0.402s] DEBUG:colcon.colcon_core.verb:Building package 'pal_gripper' with the following arguments: {'ament_cmake_args': None, 'build_base': '/workspaces/TIAgo_humble/build/pal_gripper', 'catkin_cmake_args': None, 'catkin_skip_building_tests': False, 'cmake_args': ['-DCMAKE_BUILD_TYPE=Release'], 'cmake_clean_cache': False, 'cmake_clean_first': False, 'cmake_force_configure': False, 'cmake_target': None, 'cmake_target_skip_unavailable': False, 'install_base': '/workspaces/TIAgo_humble/install/pal_gripper', 'merge_install': False, 'path': '/workspaces/TIAgo_humble/ros2_ws/src/pal_gripper/pal_gripper', 'symlink_install': True, 'test_result_base': None}
[0.403s] Level 5:colcon.colcon_core.verb:set package 'pal_gripper_simulation' build argument 'cmake_args' from command line to '['-DCMAKE_BUILD_TYPE=Release']'
[0.403s] Level 5:colcon.colcon_core.verb:set package 'pal_gripper_simulation' build argument 'cmake_target' from command line to 'None'
[0.403s] Level 5:colcon.colcon_core.verb:set package 'pal_gripper_simulation' build argument 'cmake_target_skip_unavailable' from command line to 'False'
[0.403s] Level 5:colcon.colcon_core.verb:set package 'pal_gripper_simulation' build argument 'cmake_clean_cache' from command line to 'False'
[0.403s] Level 5:colcon.colcon_core.verb:set package 'pal_gripper_simulation' build argument 'cmake_clean_first' from command line to 'False'
[0.403s] Level 5:colcon.colcon_core.verb:set package 'pal_gripper_simulation' build argument 'cmake_force_configure' from command line to 'False'
[0.403s] Level 5:colcon.colcon_core.verb:set package 'pal_gripper_simulation' build argument 'ament_cmake_args' from command line to 'None'
[0.403s] Level 5:colcon.colcon_core.verb:set package 'pal_gripper_simulation' build argument 'catkin_cmake_args' from command line to 'None'
[0.403s] Level 5:colcon.colcon_core.verb:set package 'pal_gripper_simulation' build argument 'catkin_skip_building_tests' from command line to 'False'
[0.403s] DEBUG:colcon.colcon_core.verb:Building package 'pal_gripper_simulation' with the following arguments: {'ament_cmake_args': None, 'build_base': '/workspaces/TIAgo_humble/build/pal_gripper_simulation', 'catkin_cmake_args': None, 'catkin_skip_building_tests': False, 'cmake_args': ['-DCMAKE_BUILD_TYPE=Release'], 'cmake_clean_cache': False, 'cmake_clean_first': False, 'cmake_force_configure': False, 'cmake_target': None, 'cmake_target_skip_unavailable': False, 'install_base': '/workspaces/TIAgo_humble/install/pal_gripper_simulation', 'merge_install': False, 'path': '/workspaces/TIAgo_humble/ros2_ws/src/pal_gripper/pal_gripper_simulation', 'symlink_install': True, 'test_result_base': None}
[0.403s] Level 5:colcon.colcon_core.verb:set package 'pal_hey5' build argument 'cmake_args' from command line to '['-DCMAKE_BUILD_TYPE=Release']'
[0.403s] Level 5:colcon.colcon_core.verb:set package 'pal_hey5' build argument 'cmake_target' from command line to 'None'
[0.403s] Level 5:colcon.colcon_core.verb:set package 'pal_hey5' build argument 'cmake_target_skip_unavailable' from command line to 'False'
[0.403s] Level 5:colcon.colcon_core.verb:set package 'pal_hey5' build argument 'cmake_clean_cache' from command line to 'False'
[0.403s] Level 5:colcon.colcon_core.verb:set package 'pal_hey5' build argument 'cmake_clean_first' from command line to 'False'
[0.403s] Level 5:colcon.colcon_core.verb:set package 'pal_hey5' build argument 'cmake_force_configure' from command line to 'False'
[0.403s] Level 5:colcon.colcon_core.verb:set package 'pal_hey5' build argument 'ament_cmake_args' from command line to 'None'
[0.403s] Level 5:colcon.colcon_core.verb:set package 'pal_hey5' build argument 'catkin_cmake_args' from command line to 'None'
[0.403s] Level 5:colcon.colcon_core.verb:set package 'pal_hey5' build argument 'catkin_skip_building_tests' from command line to 'False'
[0.403s] DEBUG:colcon.colcon_core.verb:Building package 'pal_hey5' with the following arguments: {'ament_cmake_args': None, 'build_base': '/workspaces/TIAgo_humble/build/pal_hey5', 'catkin_cmake_args': None, 'catkin_skip_building_tests': False, 'cmake_args': ['-DCMAKE_BUILD_TYPE=Release'], 'cmake_clean_cache': False, 'cmake_clean_first': False, 'cmake_force_configure': False, 'cmake_target': None, 'cmake_target_skip_unavailable': False, 'install_base': '/workspaces/TIAgo_humble/install/pal_hey5', 'merge_install': False, 'path': '/workspaces/TIAgo_humble/ros2_ws/src/pal_hey5/pal_hey5', 'symlink_install': True, 'test_result_base': None}
[0.403s] Level 5:colcon.colcon_core.verb:set package 'play_motion2_cli' build argument 'cmake_args' from command line to '['-DCMAKE_BUILD_TYPE=Release']'
[0.403s] Level 5:colcon.colcon_core.verb:set package 'play_motion2_cli' build argument 'cmake_target' from command line to 'None'
[0.403s] Level 5:colcon.colcon_core.verb:set package 'play_motion2_cli' build argument 'cmake_target_skip_unavailable' from command line to 'False'
[0.403s] Level 5:colcon.colcon_core.verb:set package 'play_motion2_cli' build argument 'cmake_clean_cache' from command line to 'False'
[0.403s] Level 5:colcon.colcon_core.verb:set package 'play_motion2_cli' build argument 'cmake_clean_first' from command line to 'False'
[0.403s] Level 5:colcon.colcon_core.verb:set package 'play_motion2_cli' build argument 'cmake_force_configure' from command line to 'False'
[0.403s] Level 5:colcon.colcon_core.verb:set package 'play_motion2_cli' build argument 'ament_cmake_args' from command line to 'None'
[0.403s] Level 5:colcon.colcon_core.verb:set package 'play_motion2_cli' build argument 'catkin_cmake_args' from command line to 'None'
[0.403s] Level 5:colcon.colcon_core.verb:set package 'play_motion2_cli' build argument 'catkin_skip_building_tests' from command line to 'False'
[0.403s] DEBUG:colcon.colcon_core.verb:Building package 'play_motion2_cli' with the following arguments: {'ament_cmake_args': None, 'build_base': '/workspaces/TIAgo_humble/build/play_motion2_cli', 'catkin_cmake_args': None, 'catkin_skip_building_tests': False, 'cmake_args': ['-DCMAKE_BUILD_TYPE=Release'], 'cmake_clean_cache': False, 'cmake_clean_first': False, 'cmake_force_configure': False, 'cmake_target': None, 'cmake_target_skip_unavailable': False, 'install_base': '/workspaces/TIAgo_humble/install/play_motion2_cli', 'merge_install': False, 'path': '/workspaces/TIAgo_humble/ros2_ws/src/play_motion2/play_motion2_cli', 'symlink_install': True, 'test_result_base': None}
[0.404s] Level 5:colcon.colcon_core.verb:set package 'pmb2_bringup' build argument 'cmake_args' from command line to '['-DCMAKE_BUILD_TYPE=Release']'
[0.404s] Level 5:colcon.colcon_core.verb:set package 'pmb2_bringup' build argument 'cmake_target' from command line to 'None'
[0.404s] Level 5:colcon.colcon_core.verb:set package 'pmb2_bringup' build argument 'cmake_target_skip_unavailable' from command line to 'False'
[0.404s] Level 5:colcon.colcon_core.verb:set package 'pmb2_bringup' build argument 'cmake_clean_cache' from command line to 'False'
[0.404s] Level 5:colcon.colcon_core.verb:set package 'pmb2_bringup' build argument 'cmake_clean_first' from command line to 'False'
[0.404s] Level 5:colcon.colcon_core.verb:set package 'pmb2_bringup' build argument 'cmake_force_configure' from command line to 'False'
[0.404s] Level 5:colcon.colcon_core.verb:set package 'pmb2_bringup' build argument 'ament_cmake_args' from command line to 'None'
[0.404s] Level 5:colcon.colcon_core.verb:set package 'pmb2_bringup' build argument 'catkin_cmake_args' from command line to 'None'
[0.404s] Level 5:colcon.colcon_core.verb:set package 'pmb2_bringup' build argument 'catkin_skip_building_tests' from command line to 'False'
[0.404s] DEBUG:colcon.colcon_core.verb:Building package 'pmb2_bringup' with the following arguments: {'ament_cmake_args': None, 'build_base': '/workspaces/TIAgo_humble/build/pmb2_bringup', 'catkin_cmake_args': None, 'catkin_skip_building_tests': False, 'cmake_args': ['-DCMAKE_BUILD_TYPE=Release'], 'cmake_clean_cache': False, 'cmake_clean_first': False, 'cmake_force_configure': False, 'cmake_target': None, 'cmake_target_skip_unavailable': False, 'install_base': '/workspaces/TIAgo_humble/install/pmb2_bringup', 'merge_install': False, 'path': '/workspaces/TIAgo_humble/ros2_ws/src/pmb2_robot/pmb2_bringup', 'symlink_install': True, 'test_result_base': None}
[0.404s] Level 5:colcon.colcon_core.verb:set package 'pmb2_navigation' build argument 'cmake_args' from command line to '['-DCMAKE_BUILD_TYPE=Release']'
[0.404s] Level 5:colcon.colcon_core.verb:set package 'pmb2_navigation' build argument 'cmake_target' from command line to 'None'
[0.404s] Level 5:colcon.colcon_core.verb:set package 'pmb2_navigation' build argument 'cmake_target_skip_unavailable' from command line to 'False'
[0.404s] Level 5:colcon.colcon_core.verb:set package 'pmb2_navigation' build argument 'cmake_clean_cache' from command line to 'False'
[0.404s] Level 5:colcon.colcon_core.verb:set package 'pmb2_navigation' build argument 'cmake_clean_first' from command line to 'False'
[0.404s] Level 5:colcon.colcon_core.verb:set package 'pmb2_navigation' build argument 'cmake_force_configure' from command line to 'False'
[0.404s] Level 5:colcon.colcon_core.verb:set package 'pmb2_navigation' build argument 'ament_cmake_args' from command line to 'None'
[0.404s] Level 5:colcon.colcon_core.verb:set package 'pmb2_navigation' build argument 'catkin_cmake_args' from command line to 'None'
[0.404s] Level 5:colcon.colcon_core.verb:set package 'pmb2_navigation' build argument 'catkin_skip_building_tests' from command line to 'False'
[0.404s] DEBUG:colcon.colcon_core.verb:Building package 'pmb2_navigation' with the following arguments: {'ament_cmake_args': None, 'build_base': '/workspaces/TIAgo_humble/build/pmb2_navigation', 'catkin_cmake_args': None, 'catkin_skip_building_tests': False, 'cmake_args': ['-DCMAKE_BUILD_TYPE=Release'], 'cmake_clean_cache': False, 'cmake_clean_first': False, 'cmake_force_configure': False, 'cmake_target': None, 'cmake_target_skip_unavailable': False, 'install_base': '/workspaces/TIAgo_humble/install/pmb2_navigation', 'merge_install': False, 'path': '/workspaces/TIAgo_humble/ros2_ws/src/pmb2_navigation/pmb2_navigation', 'symlink_install': True, 'test_result_base': None}
[0.404s] Level 5:colcon.colcon_core.verb:set package 'tiago_2dnav' build argument 'cmake_args' from command line to '['-DCMAKE_BUILD_TYPE=Release']'
[0.404s] Level 5:colcon.colcon_core.verb:set package 'tiago_2dnav' build argument 'cmake_target' from command line to 'None'
[0.404s] Level 5:colcon.colcon_core.verb:set package 'tiago_2dnav' build argument 'cmake_target_skip_unavailable' from command line to 'False'
[0.404s] Level 5:colcon.colcon_core.verb:set package 'tiago_2dnav' build argument 'cmake_clean_cache' from command line to 'False'
[0.404s] Level 5:colcon.colcon_core.verb:set package 'tiago_2dnav' build argument 'cmake_clean_first' from command line to 'False'
[0.404s] Level 5:colcon.colcon_core.verb:set package 'tiago_2dnav' build argument 'cmake_force_configure' from command line to 'False'
[0.404s] Level 5:colcon.colcon_core.verb:set package 'tiago_2dnav' build argument 'ament_cmake_args' from command line to 'None'
[0.404s] Level 5:colcon.colcon_core.verb:set package 'tiago_2dnav' build argument 'catkin_cmake_args' from command line to 'None'
[0.404s] Level 5:colcon.colcon_core.verb:set package 'tiago_2dnav' build argument 'catkin_skip_building_tests' from command line to 'False'
[0.404s] DEBUG:colcon.colcon_core.verb:Building package 'tiago_2dnav' with the following arguments: {'ament_cmake_args': None, 'build_base': '/workspaces/TIAgo_humble/build/tiago_2dnav', 'catkin_cmake_args': None, 'catkin_skip_building_tests': False, 'cmake_args': ['-DCMAKE_BUILD_TYPE=Release'], 'cmake_clean_cache': False, 'cmake_clean_first': False, 'cmake_force_configure': False, 'cmake_target': None, 'cmake_target_skip_unavailable': False, 'install_base': '/workspaces/TIAgo_humble/install/tiago_2dnav', 'merge_install': False, 'path': '/workspaces/TIAgo_humble/ros2_ws/src/tiago_navigation/tiago_2dnav', 'symlink_install': True, 'test_result_base': None}
[0.404s] Level 5:colcon.colcon_core.verb:set package 'tiago_controller_configuration' build argument 'cmake_args' from command line to '['-DCMAKE_BUILD_TYPE=Release']'
[0.404s] Level 5:colcon.colcon_core.verb:set package 'tiago_controller_configuration' build argument 'cmake_target' from command line to 'None'
[0.405s] Level 5:colcon.colcon_core.verb:set package 'tiago_controller_configuration' build argument 'cmake_target_skip_unavailable' from command line to 'False'
[0.405s] Level 5:colcon.colcon_core.verb:set package 'tiago_controller_configuration' build argument 'cmake_clean_cache' from command line to 'False'
[0.405s] Level 5:colcon.colcon_core.verb:set package 'tiago_controller_configuration' build argument 'cmake_clean_first' from command line to 'False'
[0.405s] Level 5:colcon.colcon_core.verb:set package 'tiago_controller_configuration' build argument 'cmake_force_configure' from command line to 'False'
[0.405s] Level 5:colcon.colcon_core.verb:set package 'tiago_controller_configuration' build argument 'ament_cmake_args' from command line to 'None'
[0.405s] Level 5:colcon.colcon_core.verb:set package 'tiago_controller_configuration' build argument 'catkin_cmake_args' from command line to 'None'
[0.405s] Level 5:colcon.colcon_core.verb:set package 'tiago_controller_configuration' build argument 'catkin_skip_building_tests' from command line to 'False'
[0.405s] DEBUG:colcon.colcon_core.verb:Building package 'tiago_controller_configuration' with the following arguments: {'ament_cmake_args': None, 'build_base': '/workspaces/TIAgo_humble/build/tiago_controller_configuration', 'catkin_cmake_args': None, 'catkin_skip_building_tests': False, 'cmake_args': ['-DCMAKE_BUILD_TYPE=Release'], 'cmake_clean_cache': False, 'cmake_clean_first': False, 'cmake_force_configure': False, 'cmake_target': None, 'cmake_target_skip_unavailable': False, 'install_base': '/workspaces/TIAgo_humble/install/tiago_controller_configuration', 'merge_install': False, 'path': '/workspaces/TIAgo_humble/ros2_ws/src/tiago_robot/tiago_controller_configuration', 'symlink_install': True, 'test_result_base': None}
[0.405s] Level 5:colcon.colcon_core.verb:set package 'tiago_description' build argument 'cmake_args' from command line to '['-DCMAKE_BUILD_TYPE=Release']'
[0.405s] Level 5:colcon.colcon_core.verb:set package 'tiago_description' build argument 'cmake_target' from command line to 'None'
[0.405s] Level 5:colcon.colcon_core.verb:set package 'tiago_description' build argument 'cmake_target_skip_unavailable' from command line to 'False'
[0.405s] Level 5:colcon.colcon_core.verb:set package 'tiago_description' build argument 'cmake_clean_cache' from command line to 'False'
[0.405s] Level 5:colcon.colcon_core.verb:set package 'tiago_description' build argument 'cmake_clean_first' from command line to 'False'
[0.405s] Level 5:colcon.colcon_core.verb:set package 'tiago_description' build argument 'cmake_force_configure' from command line to 'False'
[0.405s] Level 5:colcon.colcon_core.verb:set package 'tiago_description' build argument 'ament_cmake_args' from command line to 'None'
[0.405s] Level 5:colcon.colcon_core.verb:set package 'tiago_description' build argument 'catkin_cmake_args' from command line to 'None'
[0.405s] Level 5:colcon.colcon_core.verb:set package 'tiago_description' build argument 'catkin_skip_building_tests' from command line to 'False'
[0.405s] DEBUG:colcon.colcon_core.verb:Building package 'tiago_description' with the following arguments: {'ament_cmake_args': None, 'build_base': '/workspaces/TIAgo_humble/build/tiago_description', 'catkin_cmake_args': None, 'catkin_skip_building_tests': False, 'cmake_args': ['-DCMAKE_BUILD_TYPE=Release'], 'cmake_clean_cache': False, 'cmake_clean_first': False, 'cmake_force_configure': False, 'cmake_target': None, 'cmake_target_skip_unavailable': False, 'install_base': '/workspaces/TIAgo_humble/install/tiago_description', 'merge_install': False, 'path': '/workspaces/TIAgo_humble/ros2_ws/src/tiago_robot/tiago_description', 'symlink_install': True, 'test_result_base': None}
[0.405s] Level 5:colcon.colcon_core.verb:set package 'omni_base_robot' build argument 'cmake_args' from command line to '['-DCMAKE_BUILD_TYPE=Release']'
[0.405s] Level 5:colcon.colcon_core.verb:set package 'omni_base_robot' build argument 'cmake_target' from command line to 'None'
[0.405s] Level 5:colcon.colcon_core.verb:set package 'omni_base_robot' build argument 'cmake_target_skip_unavailable' from command line to 'False'
[0.405s] Level 5:colcon.colcon_core.verb:set package 'omni_base_robot' build argument 'cmake_clean_cache' from command line to 'False'
[0.405s] Level 5:colcon.colcon_core.verb:set package 'omni_base_robot' build argument 'cmake_clean_first' from command line to 'False'
[0.405s] Level 5:colcon.colcon_core.verb:set package 'omni_base_robot' build argument 'cmake_force_configure' from command line to 'False'
[0.405s] Level 5:colcon.colcon_core.verb:set package 'omni_base_robot' build argument 'ament_cmake_args' from command line to 'None'
[0.405s] Level 5:colcon.colcon_core.verb:set package 'omni_base_robot' build argument 'catkin_cmake_args' from command line to 'None'
[0.405s] Level 5:colcon.colcon_core.verb:set package 'omni_base_robot' build argument 'catkin_skip_building_tests' from command line to 'False'
[0.405s] DEBUG:colcon.colcon_core.verb:Building package 'omni_base_robot' with the following arguments: {'ament_cmake_args': None, 'build_base': '/workspaces/TIAgo_humble/build/omni_base_robot', 'catkin_cmake_args': None, 'catkin_skip_building_tests': False, 'cmake_args': ['-DCMAKE_BUILD_TYPE=Release'], 'cmake_clean_cache': False, 'cmake_clean_first': False, 'cmake_force_configure': False, 'cmake_target': None, 'cmake_target_skip_unavailable': False, 'install_base': '/workspaces/TIAgo_humble/install/omni_base_robot', 'merge_install': False, 'path': '/workspaces/TIAgo_humble/ros2_ws/src/omni_base_robot/omni_base_robot', 'symlink_install': True, 'test_result_base': None}
[0.405s] Level 5:colcon.colcon_core.verb:set package 'pmb2_robot' build argument 'cmake_args' from command line to '['-DCMAKE_BUILD_TYPE=Release']'
[0.405s] Level 5:colcon.colcon_core.verb:set package 'pmb2_robot' build argument 'cmake_target' from command line to 'None'
[0.405s] Level 5:colcon.colcon_core.verb:set package 'pmb2_robot' build argument 'cmake_target_skip_unavailable' from command line to 'False'
[0.405s] Level 5:colcon.colcon_core.verb:set package 'pmb2_robot' build argument 'cmake_clean_cache' from command line to 'False'
[0.405s] Level 5:colcon.colcon_core.verb:set package 'pmb2_robot' build argument 'cmake_clean_first' from command line to 'False'
[0.405s] Level 5:colcon.colcon_core.verb:set package 'pmb2_robot' build argument 'cmake_force_configure' from command line to 'False'
[0.405s] Level 5:colcon.colcon_core.verb:set package 'pmb2_robot' build argument 'ament_cmake_args' from command line to 'None'
[0.405s] Level 5:colcon.colcon_core.verb:set package 'pmb2_robot' build argument 'catkin_cmake_args' from command line to 'None'
[0.405s] Level 5:colcon.colcon_core.verb:set package 'pmb2_robot' build argument 'catkin_skip_building_tests' from command line to 'False'
[0.405s] DEBUG:colcon.colcon_core.verb:Building package 'pmb2_robot' with the following arguments: {'ament_cmake_args': None, 'build_base': '/workspaces/TIAgo_humble/build/pmb2_robot', 'catkin_cmake_args': None, 'catkin_skip_building_tests': False, 'cmake_args': ['-DCMAKE_BUILD_TYPE=Release'], 'cmake_clean_cache': False, 'cmake_clean_first': False, 'cmake_force_configure': False, 'cmake_target': None, 'cmake_target_skip_unavailable': False, 'install_base': '/workspaces/TIAgo_humble/install/pmb2_robot', 'merge_install': False, 'path': '/workspaces/TIAgo_humble/ros2_ws/src/pmb2_robot/pmb2_robot', 'symlink_install': True, 'test_result_base': None}
[0.406s] Level 5:colcon.colcon_core.verb:set package 'tiago_bringup' build argument 'cmake_args' from command line to '['-DCMAKE_BUILD_TYPE=Release']'
[0.406s] Level 5:colcon.colcon_core.verb:set package 'tiago_bringup' build argument 'cmake_target' from command line to 'None'
[0.406s] Level 5:colcon.colcon_core.verb:set package 'tiago_bringup' build argument 'cmake_target_skip_unavailable' from command line to 'False'
[0.406s] Level 5:colcon.colcon_core.verb:set package 'tiago_bringup' build argument 'cmake_clean_cache' from command line to 'False'
[0.406s] Level 5:colcon.colcon_core.verb:set package 'tiago_bringup' build argument 'cmake_clean_first' from command line to 'False'
[0.406s] Level 5:colcon.colcon_core.verb:set package 'tiago_bringup' build argument 'cmake_force_configure' from command line to 'False'
[0.406s] Level 5:colcon.colcon_core.verb:set package 'tiago_bringup' build argument 'ament_cmake_args' from command line to 'None'
[0.406s] Level 5:colcon.colcon_core.verb:set package 'tiago_bringup' build argument 'catkin_cmake_args' from command line to 'None'
[0.406s] Level 5:colcon.colcon_core.verb:set package 'tiago_bringup' build argument 'catkin_skip_building_tests' from command line to 'False'
[0.406s] DEBUG:colcon.colcon_core.verb:Building package 'tiago_bringup' with the following arguments: {'ament_cmake_args': None, 'build_base': '/workspaces/TIAgo_humble/build/tiago_bringup', 'catkin_cmake_args': None, 'catkin_skip_building_tests': False, 'cmake_args': ['-DCMAKE_BUILD_TYPE=Release'], 'cmake_clean_cache': False, 'cmake_clean_first': False, 'cmake_force_configure': False, 'cmake_target': None, 'cmake_target_skip_unavailable': False, 'install_base': '/workspaces/TIAgo_humble/install/tiago_bringup', 'merge_install': False, 'path': '/workspaces/TIAgo_humble/ros2_ws/src/tiago_robot/tiago_bringup', 'symlink_install': True, 'test_result_base': None}
[0.406s] Level 5:colcon.colcon_core.verb:set package 'tiago_moveit_config' build argument 'cmake_args' from command line to '['-DCMAKE_BUILD_TYPE=Release']'
[0.406s] Level 5:colcon.colcon_core.verb:set package 'tiago_moveit_config' build argument 'cmake_target' from command line to 'None'
[0.406s] Level 5:colcon.colcon_core.verb:set package 'tiago_moveit_config' build argument 'cmake_target_skip_unavailable' from command line to 'False'
[0.406s] Level 5:colcon.colcon_core.verb:set package 'tiago_moveit_config' build argument 'cmake_clean_cache' from command line to 'False'
[0.406s] Level 5:colcon.colcon_core.verb:set package 'tiago_moveit_config' build argument 'cmake_clean_first' from command line to 'False'
[0.406s] Level 5:colcon.colcon_core.verb:set package 'tiago_moveit_config' build argument 'cmake_force_configure' from command line to 'False'
[0.406s] Level 5:colcon.colcon_core.verb:set package 'tiago_moveit_config' build argument 'ament_cmake_args' from command line to 'None'
[0.406s] Level 5:colcon.colcon_core.verb:set package 'tiago_moveit_config' build argument 'catkin_cmake_args' from command line to 'None'
[0.406s] Level 5:colcon.colcon_core.verb:set package 'tiago_moveit_config' build argument 'catkin_skip_building_tests' from command line to 'False'
[0.406s] DEBUG:colcon.colcon_core.verb:Building package 'tiago_moveit_config' with the following arguments: {'ament_cmake_args': None, 'build_base': '/workspaces/TIAgo_humble/build/tiago_moveit_config', 'catkin_cmake_args': None, 'catkin_skip_building_tests': False, 'cmake_args': ['-DCMAKE_BUILD_TYPE=Release'], 'cmake_clean_cache': False, 'cmake_clean_first': False, 'cmake_force_configure': False, 'cmake_target': None, 'cmake_target_skip_unavailable': False, 'install_base': '/workspaces/TIAgo_humble/install/tiago_moveit_config', 'merge_install': False, 'path': '/workspaces/TIAgo_humble/ros2_ws/src/tiago_moveit_config', 'symlink_install': True, 'test_result_base': None}
[0.406s] Level 5:colcon.colcon_core.verb:set package 'tiago_navigation' build argument 'cmake_args' from command line to '['-DCMAKE_BUILD_TYPE=Release']'
[0.406s] Level 5:colcon.colcon_core.verb:set package 'tiago_navigation' build argument 'cmake_target' from command line to 'None'
[0.406s] Level 5:colcon.colcon_core.verb:set package 'tiago_navigation' build argument 'cmake_target_skip_unavailable' from command line to 'False'
[0.406s] Level 5:colcon.colcon_core.verb:set package 'tiago_navigation' build argument 'cmake_clean_cache' from command line to 'False'
[0.406s] Level 5:colcon.colcon_core.verb:set package 'tiago_navigation' build argument 'cmake_clean_first' from command line to 'False'
[0.406s] Level 5:colcon.colcon_core.verb:set package 'tiago_navigation' build argument 'cmake_force_configure' from command line to 'False'
[0.406s] Level 5:colcon.colcon_core.verb:set package 'tiago_navigation' build argument 'ament_cmake_args' from command line to 'None'
[0.406s] Level 5:colcon.colcon_core.verb:set package 'tiago_navigation' build argument 'catkin_cmake_args' from command line to 'None'
[0.406s] Level 5:colcon.colcon_core.verb:set package 'tiago_navigation' build argument 'catkin_skip_building_tests' from command line to 'False'
[0.406s] DEBUG:colcon.colcon_core.verb:Building package 'tiago_navigation' with the following arguments: {'ament_cmake_args': None, 'build_base': '/workspaces/TIAgo_humble/build/tiago_navigation', 'catkin_cmake_args': None, 'catkin_skip_building_tests': False, 'cmake_args': ['-DCMAKE_BUILD_TYPE=Release'], 'cmake_clean_cache': False, 'cmake_clean_first': False, 'cmake_force_configure': False, 'cmake_target': None, 'cmake_target_skip_unavailable': False, 'install_base': '/workspaces/TIAgo_humble/install/tiago_navigation', 'merge_install': False, 'path': '/workspaces/TIAgo_humble/ros2_ws/src/tiago_navigation/tiago_navigation', 'symlink_install': True, 'test_result_base': None}
[0.406s] Level 5:colcon.colcon_core.verb:set package 'tiago_gazebo' build argument 'cmake_args' from command line to '['-DCMAKE_BUILD_TYPE=Release']'
[0.406s] Level 5:colcon.colcon_core.verb:set package 'tiago_gazebo' build argument 'cmake_target' from command line to 'None'
[0.406s] Level 5:colcon.colcon_core.verb:set package 'tiago_gazebo' build argument 'cmake_target_skip_unavailable' from command line to 'False'
[0.406s] Level 5:colcon.colcon_core.verb:set package 'tiago_gazebo' build argument 'cmake_clean_cache' from command line to 'False'
[0.406s] Level 5:colcon.colcon_core.verb:set package 'tiago_gazebo' build argument 'cmake_clean_first' from command line to 'False'
[0.406s] Level 5:colcon.colcon_core.verb:set package 'tiago_gazebo' build argument 'cmake_force_configure' from command line to 'False'
[0.406s] Level 5:colcon.colcon_core.verb:set package 'tiago_gazebo' build argument 'ament_cmake_args' from command line to 'None'
[0.406s] Level 5:colcon.colcon_core.verb:set package 'tiago_gazebo' build argument 'catkin_cmake_args' from command line to 'None'
[0.406s] Level 5:colcon.colcon_core.verb:set package 'tiago_gazebo' build argument 'catkin_skip_building_tests' from command line to 'False'
[0.406s] DEBUG:colcon.colcon_core.verb:Building package 'tiago_gazebo' with the following arguments: {'ament_cmake_args': None, 'build_base': '/workspaces/TIAgo_humble/build/tiago_gazebo', 'catkin_cmake_args': None, 'catkin_skip_building_tests': False, 'cmake_args': ['-DCMAKE_BUILD_TYPE=Release'], 'cmake_clean_cache': False, 'cmake_clean_first': False, 'cmake_force_configure': False, 'cmake_target': None, 'cmake_target_skip_unavailable': False, 'install_base': '/workspaces/TIAgo_humble/install/tiago_gazebo', 'merge_install': False, 'path': '/workspaces/TIAgo_humble/ros2_ws/src/tiago_simulation/tiago_gazebo', 'symlink_install': True, 'test_result_base': None}
[0.407s] Level 5:colcon.colcon_core.verb:set package 'tiago_robot' build argument 'cmake_args' from command line to '['-DCMAKE_BUILD_TYPE=Release']'
[0.407s] Level 5:colcon.colcon_core.verb:set package 'tiago_robot' build argument 'cmake_target' from command line to 'None'
[0.407s] Level 5:colcon.colcon_core.verb:set package 'tiago_robot' build argument 'cmake_target_skip_unavailable' from command line to 'False'
[0.407s] Level 5:colcon.colcon_core.verb:set package 'tiago_robot' build argument 'cmake_clean_cache' from command line to 'False'
[0.407s] Level 5:colcon.colcon_core.verb:set package 'tiago_robot' build argument 'cmake_clean_first' from command line to 'False'
[0.407s] Level 5:colcon.colcon_core.verb:set package 'tiago_robot' build argument 'cmake_force_configure' from command line to 'False'
[0.407s] Level 5:colcon.colcon_core.verb:set package 'tiago_robot' build argument 'ament_cmake_args' from command line to 'None'
[0.407s] Level 5:colcon.colcon_core.verb:set package 'tiago_robot' build argument 'catkin_cmake_args' from command line to 'None'
[0.407s] Level 5:colcon.colcon_core.verb:set package 'tiago_robot' build argument 'catkin_skip_building_tests' from command line to 'False'
[0.407s] DEBUG:colcon.colcon_core.verb:Building package 'tiago_robot' with the following arguments: {'ament_cmake_args': None, 'build_base': '/workspaces/TIAgo_humble/build/tiago_robot', 'catkin_cmake_args': None, 'catkin_skip_building_tests': False, 'cmake_args': ['-DCMAKE_BUILD_TYPE=Release'], 'cmake_clean_cache': False, 'cmake_clean_first': False, 'cmake_force_configure': False, 'cmake_target': None, 'cmake_target_skip_unavailable': False, 'install_base': '/workspaces/TIAgo_humble/install/tiago_robot', 'merge_install': False, 'path': '/workspaces/TIAgo_humble/ros2_ws/src/tiago_robot/tiago_robot', 'symlink_install': True, 'test_result_base': None}
[0.407s] Level 5:colcon.colcon_core.verb:set package 'tiago_simulation' build argument 'cmake_args' from command line to '['-DCMAKE_BUILD_TYPE=Release']'
[0.407s] Level 5:colcon.colcon_core.verb:set package 'tiago_simulation' build argument 'cmake_target' from command line to 'None'
[0.407s] Level 5:colcon.colcon_core.verb:set package 'tiago_simulation' build argument 'cmake_target_skip_unavailable' from command line to 'False'
[0.407s] Level 5:colcon.colcon_core.verb:set package 'tiago_simulation' build argument 'cmake_clean_cache' from command line to 'False'
[0.407s] Level 5:colcon.colcon_core.verb:set package 'tiago_simulation' build argument 'cmake_clean_first' from command line to 'False'
[0.407s] Level 5:colcon.colcon_core.verb:set package 'tiago_simulation' build argument 'cmake_force_configure' from command line to 'False'
[0.407s] Level 5:colcon.colcon_core.verb:set package 'tiago_simulation' build argument 'ament_cmake_args' from command line to 'None'
[0.407s] Level 5:colcon.colcon_core.verb:set package 'tiago_simulation' build argument 'catkin_cmake_args' from command line to 'None'
[0.407s] Level 5:colcon.colcon_core.verb:set package 'tiago_simulation' build argument 'catkin_skip_building_tests' from command line to 'False'
[0.407s] DEBUG:colcon.colcon_core.verb:Building package 'tiago_simulation' with the following arguments: {'ament_cmake_args': None, 'build_base': '/workspaces/TIAgo_humble/build/tiago_simulation', 'catkin_cmake_args': None, 'catkin_skip_building_tests': False, 'cmake_args': ['-DCMAKE_BUILD_TYPE=Release'], 'cmake_clean_cache': False, 'cmake_clean_first': False, 'cmake_force_configure': False, 'cmake_target': None, 'cmake_target_skip_unavailable': False, 'install_base': '/workspaces/TIAgo_humble/install/tiago_simulation', 'merge_install': False, 'path': '/workspaces/TIAgo_humble/ros2_ws/src/tiago_simulation/tiago_simulation', 'symlink_install': True, 'test_result_base': None}
[0.407s] INFO:colcon.colcon_core.executor:Executing jobs using 'parallel' executor
[0.409s] DEBUG:colcon.colcon_parallel_executor.executor.parallel:run_until_complete
[0.409s] INFO:colcon.colcon_ros.task.ament_python.build:Building ROS package in '/workspaces/TIAgo_humble/ros2_ws/src/launch_pal' with build type 'ament_python'
[0.409s] Level 1:colcon.colcon_core.shell:create_environment_hook('launch_pal', 'ament_prefix_path')
[0.414s] INFO:colcon.colcon_core.plugin_system:Skipping extension 'colcon_core.shell.bat': Not used on non-Windows systems
[0.415s] INFO:colcon.colcon_core.shell:Creating environment hook '/workspaces/TIAgo_humble/install/launch_pal/share/launch_pal/hook/ament_prefix_path.ps1'
[0.419s] INFO:colcon.colcon_core.shell:Creating environment descriptor '/workspaces/TIAgo_humble/install/launch_pal/share/launch_pal/hook/ament_prefix_path.dsv'
[0.419s] INFO:colcon.colcon_core.shell:Creating environment hook '/workspaces/TIAgo_humble/install/launch_pal/share/launch_pal/hook/ament_prefix_path.sh'
[0.420s] INFO:colcon.colcon_core.shell:Skip shell extension 'powershell' for command environment: Not usable outside of PowerShell
[0.420s] DEBUG:colcon.colcon_core.shell:Skip shell extension 'dsv' for command environment
[0.426s] INFO:colcon.colcon_ros.task.ament_cmake.build:Building ROS package in '/workspaces/TIAgo_humble/ros2_ws/src/pal_urdf_utils' with build type 'ament_cmake'
[0.426s] INFO:colcon.colcon_cmake.task.cmake.build:Building CMake package in '/workspaces/TIAgo_humble/ros2_ws/src/pal_urdf_utils'
[0.426s] INFO:colcon.colcon_core.shell:Skip shell extension 'powershell' for command environment: Not usable outside of PowerShell
[0.426s] DEBUG:colcon.colcon_core.shell:Skip shell extension 'dsv' for command environment
[0.428s] INFO:colcon.colcon_ros.task.ament_cmake.build:Building ROS package in '/workspaces/TIAgo_humble/ros2_ws/src/omni_base_robot/omni_base_controller_configuration' with build type 'ament_cmake'
[0.428s] INFO:colcon.colcon_cmake.task.cmake.build:Building CMake package in '/workspaces/TIAgo_humble/ros2_ws/src/omni_base_robot/omni_base_controller_configuration'
[0.428s] INFO:colcon.colcon_core.shell:Skip shell extension 'powershell' for command environment: Not usable outside of PowerShell
[0.429s] DEBUG:colcon.colcon_core.shell:Skip shell extension 'dsv' for command environment
[0.430s] INFO:colcon.colcon_ros.task.ament_cmake.build:Building ROS package in '/workspaces/TIAgo_humble/ros2_ws/src/pal_gripper/pal_gripper_controller_configuration' with build type 'ament_cmake'
[0.431s] INFO:colcon.colcon_cmake.task.cmake.build:Building CMake package in '/workspaces/TIAgo_humble/ros2_ws/src/pal_gripper/pal_gripper_controller_configuration'
[0.431s] INFO:colcon.colcon_core.shell:Skip shell extension 'powershell' for command environment: Not usable outside of PowerShell
[0.431s] DEBUG:colcon.colcon_core.shell:Skip shell extension 'dsv' for command environment
[0.433s] INFO:colcon.colcon_ros.task.ament_cmake.build:Building ROS package in '/workspaces/TIAgo_humble/ros2_ws/src/pal_robotiq_gripper/pal_robotiq_description' with build type 'ament_cmake'
[0.433s] INFO:colcon.colcon_cmake.task.cmake.build:Building CMake package in '/workspaces/TIAgo_humble/ros2_ws/src/pal_robotiq_gripper/pal_robotiq_description'
[0.433s] INFO:colcon.colcon_core.shell:Skip shell extension 'powershell' for command environment: Not usable outside of PowerShell
[0.433s] DEBUG:colcon.colcon_core.shell:Skip shell extension 'dsv' for command environment
[0.435s] INFO:colcon.colcon_ros.task.ament_cmake.build:Building ROS package in '/workspaces/TIAgo_humble/ros2_ws/src/pal_hey5/pal_hey5_controller_configuration' with build type 'ament_cmake'
[0.435s] INFO:colcon.colcon_cmake.task.cmake.build:Building CMake package in '/workspaces/TIAgo_humble/ros2_ws/src/pal_hey5/pal_hey5_controller_configuration'
[0.435s] INFO:colcon.colcon_core.shell:Skip shell extension 'powershell' for command environment: Not usable outside of PowerShell
[0.435s] DEBUG:colcon.colcon_core.shell:Skip shell extension 'dsv' for command environment
[0.437s] INFO:colcon.colcon_ros.task.ament_cmake.build:Building ROS package in '/workspaces/TIAgo_humble/ros2_ws/src/pal_maps' with build type 'ament_cmake'
[0.437s] INFO:colcon.colcon_cmake.task.cmake.build:Building CMake package in '/workspaces/TIAgo_humble/ros2_ws/src/pal_maps'
[0.437s] INFO:colcon.colcon_core.shell:Skip shell extension 'powershell' for command environment: Not usable outside of PowerShell
[0.437s] DEBUG:colcon.colcon_core.shell:Skip shell extension 'dsv' for command environment
[0.439s] INFO:colcon.colcon_ros.task.ament_cmake.build:Building ROS package in '/workspaces/TIAgo_humble/ros2_ws/src/pal_robotiq_gripper/pal_robotiq_controller_configuration' with build type 'ament_cmake'
[0.439s] INFO:colcon.colcon_cmake.task.cmake.build:Building CMake package in '/workspaces/TIAgo_humble/ros2_ws/src/pal_robotiq_gripper/pal_robotiq_controller_configuration'
[0.439s] INFO:colcon.colcon_core.shell:Skip shell extension 'powershell' for command environment: Not usable outside of PowerShell
[0.440s] DEBUG:colcon.colcon_core.shell:Skip shell extension 'dsv' for command environment
[0.441s] INFO:colcon.colcon_ros.task.ament_cmake.build:Building ROS package in '/workspaces/TIAgo_humble/ros2_ws/src/play_motion2/play_motion2_msgs' with build type 'ament_cmake'
[0.441s] INFO:colcon.colcon_cmake.task.cmake.build:Building CMake package in '/workspaces/TIAgo_humble/ros2_ws/src/play_motion2/play_motion2_msgs'
[0.442s] INFO:colcon.colcon_core.shell:Skip shell extension 'powershell' for command environment: Not usable outside of PowerShell
[0.442s] DEBUG:colcon.colcon_core.shell:Skip shell extension 'dsv' for command environment
[0.444s] INFO:colcon.colcon_ros.task.ament_cmake.build:Building ROS package in '/workspaces/TIAgo_humble/ros2_ws/src/pmb2_navigation/pmb2_laser_sensors' with build type 'ament_cmake'
[0.444s] INFO:colcon.colcon_cmake.task.cmake.build:Building CMake package in '/workspaces/TIAgo_humble/ros2_ws/src/pmb2_navigation/pmb2_laser_sensors'
[0.444s] INFO:colcon.colcon_core.shell:Skip shell extension 'powershell' for command environment: Not usable outside of PowerShell
[0.444s] DEBUG:colcon.colcon_core.shell:Skip shell extension 'dsv' for command environment
[0.446s] INFO:colcon.colcon_ros.task.ament_cmake.build:Building ROS package in '/workspaces/TIAgo_humble/ros2_ws/src/moveit_ros_control_interface' with build type 'ament_cmake'
[0.446s] INFO:colcon.colcon_cmake.task.cmake.build:Building CMake package in '/workspaces/TIAgo_humble/ros2_ws/src/moveit_ros_control_interface'
[0.446s] INFO:colcon.colcon_core.shell:Skip shell extension 'powershell' for command environment: Not usable outside of PowerShell
[0.446s] DEBUG:colcon.colcon_core.shell:Skip shell extension 'dsv' for command environment
[0.448s] INFO:colcon.colcon_ros.task.ament_cmake.build:Building ROS package in '/workspaces/TIAgo_humble/ros2_ws/src/tiago_navigation/tiago_rgbd_sensors' with build type 'ament_cmake'
[0.448s] INFO:colcon.colcon_cmake.task.cmake.build:Building CMake package in '/workspaces/TIAgo_humble/ros2_ws/src/tiago_navigation/tiago_rgbd_sensors'
[0.448s] INFO:colcon.colcon_core.shell:Skip shell extension 'powershell' for command environment: Not usable outside of PowerShell
[0.448s] DEBUG:colcon.colcon_core.shell:Skip shell extension 'dsv' for command environment
[0.450s] INFO:colcon.colcon_ros.task.ament_cmake.build:Building ROS package in '/workspaces/TIAgo_humble/ros2_ws/src/pal_gazebo_plugins' with build type 'ament_cmake'
[0.450s] INFO:colcon.colcon_cmake.task.cmake.build:Building CMake package in '/workspaces/TIAgo_humble/ros2_ws/src/pal_gazebo_plugins'
[0.450s] INFO:colcon.colcon_core.shell:Skip shell extension 'powershell' for command environment: Not usable outside of PowerShell
[0.450s] DEBUG:colcon.colcon_core.shell:Skip shell extension 'dsv' for command environment
[0.452s] INFO:colcon.colcon_ros.task.ament_cmake.build:Building ROS package in '/workspaces/TIAgo_humble/ros2_ws/src/pal_msgs/pal_device_msgs' with build type 'ament_cmake'
[0.452s] INFO:colcon.colcon_cmake.task.cmake.build:Building CMake package in '/workspaces/TIAgo_humble/ros2_ws/src/pal_msgs/pal_device_msgs'
[0.452s] INFO:colcon.colcon_core.shell:Skip shell extension 'powershell' for command environment: Not usable outside of PowerShell
[0.452s] DEBUG:colcon.colcon_core.shell:Skip shell extension 'dsv' for command environment
[0.625s] INFO:colcon.colcon_core.task.python.build:Building Python package in '/workspaces/TIAgo_humble/ros2_ws/src/launch_pal'
[0.625s] INFO:colcon.colcon_core.shell:Skip shell extension 'powershell' for command environment: Not usable outside of PowerShell
[0.625s] DEBUG:colcon.colcon_core.shell:Skip shell extension 'dsv' for command environment
[0.629s] DEBUG:colcon.colcon_core.event_handler.log_command:Invoking command in '/workspaces/TIAgo_humble/build/pal_urdf_utils': CMAKE_PREFIX_PATH=/opt/ros/humble /usr/bin/cmake /workspaces/TIAgo_humble/ros2_ws/src/pal_urdf_utils -DCMAKE_BUILD_TYPE=Release -DAMENT_CMAKE_SYMLINK_INSTALL=1 -DCMAKE_INSTALL_PREFIX=/workspaces/TIAgo_humble/install/pal_urdf_utils
[0.631s] DEBUG:colcon.colcon_core.event_handler.log_command:Invoking command in '/workspaces/TIAgo_humble/build/omni_base_controller_configuration': CMAKE_PREFIX_PATH=/opt/ros/humble /usr/bin/cmake /workspaces/TIAgo_humble/ros2_ws/src/omni_base_robot/omni_base_controller_configuration -DCMAKE_BUILD_TYPE=Release -DAMENT_CMAKE_SYMLINK_INSTALL=1 -DCMAKE_INSTALL_PREFIX=/workspaces/TIAgo_humble/install/omni_base_controller_configuration
[0.632s] DEBUG:colcon.colcon_core.event_handler.log_command:Invoking command in '/workspaces/TIAgo_humble/build/pal_gripper_controller_configuration': CMAKE_PREFIX_PATH=/opt/ros/humble /usr/bin/cmake /workspaces/TIAgo_humble/ros2_ws/src/pal_gripper/pal_gripper_controller_configuration -DCMAKE_BUILD_TYPE=Release -DAMENT_CMAKE_SYMLINK_INSTALL=1 -DCMAKE_INSTALL_PREFIX=/workspaces/TIAgo_humble/install/pal_gripper_controller_configuration
[0.634s] DEBUG:colcon.colcon_core.event_handler.log_command:Invoking command in '/workspaces/TIAgo_humble/build/pal_robotiq_description': CMAKE_PREFIX_PATH=/opt/ros/humble /usr/bin/cmake /workspaces/TIAgo_humble/ros2_ws/src/pal_robotiq_gripper/pal_robotiq_description -DCMAKE_BUILD_TYPE=Release -DAMENT_CMAKE_SYMLINK_INSTALL=1 -DCMAKE_INSTALL_PREFIX=/workspaces/TIAgo_humble/install/pal_robotiq_description
[0.635s] DEBUG:colcon.colcon_core.event_handler.log_command:Invoking command in '/workspaces/TIAgo_humble/build/pal_hey5_controller_configuration': CMAKE_PREFIX_PATH=/opt/ros/humble /usr/bin/cmake /workspaces/TIAgo_humble/ros2_ws/src/pal_hey5/pal_hey5_controller_configuration -DCMAKE_BUILD_TYPE=Release -DAMENT_CMAKE_SYMLINK_INSTALL=1 -DCMAKE_INSTALL_PREFIX=/workspaces/TIAgo_humble/install/pal_hey5_controller_configuration
[0.652s] DEBUG:colcon.colcon_core.event_handler.log_command:Invoking command in '/workspaces/TIAgo_humble/build/pal_maps': CMAKE_PREFIX_PATH=/opt/ros/humble /usr/bin/cmake /workspaces/TIAgo_humble/ros2_ws/src/pal_maps -DCMAKE_BUILD_TYPE=Release -DAMENT_CMAKE_SYMLINK_INSTALL=1 -DCMAKE_INSTALL_PREFIX=/workspaces/TIAgo_humble/install/pal_maps
[0.652s] DEBUG:colcon.colcon_core.event_handler.log_command:Invoking command in '/workspaces/TIAgo_humble/build/pal_robotiq_controller_configuration': CMAKE_PREFIX_PATH=/opt/ros/humble /usr/bin/cmake /workspaces/TIAgo_humble/ros2_ws/src/pal_robotiq_gripper/pal_robotiq_controller_configuration -DCMAKE_BUILD_TYPE=Release -DAMENT_CMAKE_SYMLINK_INSTALL=1 -DCMAKE_INSTALL_PREFIX=/workspaces/TIAgo_humble/install/pal_robotiq_controller_configuration
[0.654s] DEBUG:colcon.colcon_core.event_handler.log_command:Invoking command in '/workspaces/TIAgo_humble/build/play_motion2_msgs': CMAKE_PREFIX_PATH=/opt/ros/humble /usr/bin/cmake /workspaces/TIAgo_humble/ros2_ws/src/play_motion2/play_motion2_msgs -DCMAKE_BUILD_TYPE=Release -DAMENT_CMAKE_SYMLINK_INSTALL=1 -DCMAKE_INSTALL_PREFIX=/workspaces/TIAgo_humble/install/play_motion2_msgs
[0.655s] DEBUG:colcon.colcon_core.event_handler.log_command:Invoking command in '/workspaces/TIAgo_humble/build/pmb2_laser_sensors': CMAKE_PREFIX_PATH=/opt/ros/humble /usr/bin/cmake /workspaces/TIAgo_humble/ros2_ws/src/pmb2_navigation/pmb2_laser_sensors -DCMAKE_BUILD_TYPE=Release -DAMENT_CMAKE_SYMLINK_INSTALL=1 -DCMAKE_INSTALL_PREFIX=/workspaces/TIAgo_humble/install/pmb2_laser_sensors
[0.657s] DEBUG:colcon.colcon_core.event_handler.log_command:Invoking command in '/workspaces/TIAgo_humble/build/moveit_ros_control_interface': CMAKE_PREFIX_PATH=/opt/ros/humble /usr/bin/cmake /workspaces/TIAgo_humble/ros2_ws/src/moveit_ros_control_interface -DCMAKE_BUILD_TYPE=Release -DAMENT_CMAKE_SYMLINK_INSTALL=1 -DCMAKE_INSTALL_PREFIX=/workspaces/TIAgo_humble/install/moveit_ros_control_interface
[0.659s] DEBUG:colcon.colcon_core.event_handler.log_command:Invoking command in '/workspaces/TIAgo_humble/build/tiago_rgbd_sensors': CMAKE_PREFIX_PATH=/opt/ros/humble /usr/bin/cmake /workspaces/TIAgo_humble/ros2_ws/src/tiago_navigation/tiago_rgbd_sensors -DCMAKE_BUILD_TYPE=Release -DAMENT_CMAKE_SYMLINK_INSTALL=1 -DCMAKE_INSTALL_PREFIX=/workspaces/TIAgo_humble/install/tiago_rgbd_sensors
[0.660s] DEBUG:colcon.colcon_core.event_handler.log_command:Invoking command in '/workspaces/TIAgo_humble/build/pal_gazebo_plugins': CMAKE_PREFIX_PATH=/opt/ros/humble /usr/bin/cmake /workspaces/TIAgo_humble/ros2_ws/src/pal_gazebo_plugins -DCMAKE_BUILD_TYPE=Release -DAMENT_CMAKE_SYMLINK_INSTALL=1 -DCMAKE_INSTALL_PREFIX=/workspaces/TIAgo_humble/install/pal_gazebo_plugins
[0.665s] DEBUG:colcon.colcon_core.event_handler.log_command:Invoking command in '/workspaces/TIAgo_humble/build/pal_device_msgs': CMAKE_PREFIX_PATH=/opt/ros/humble /usr/bin/cmake /workspaces/TIAgo_humble/ros2_ws/src/pal_msgs/pal_device_msgs -DCMAKE_BUILD_TYPE=Release -DAMENT_CMAKE_SYMLINK_INSTALL=1 -DCMAKE_INSTALL_PREFIX=/workspaces/TIAgo_humble/install/pal_device_msgs
[1.193s] DEBUG:colcon.colcon_core.task.python.build:Available setuptools commands: register, build, init_catalog, upload, rotate, dist_info, saveopts, setopt, build_py, bdist_dumb, bdist_rpm, develop, install_lib, bdist_egg, build_ext, easy_install, build_clib, build_scripts, alias, bdist, install_headers, install_egg_info, symlink_data, install, bdist_wheel, update_catalog, install_scripts, extract_messages, compile_catalog, egg_info, install_data, check, sdist, clean, test, upload_docs
[1.492s] DEBUG:colcon.colcon_core.task.python.build:Available setuptools 'develop' options: --install-dir, --record, --always-copy, --dry-run, --exclude-scripts, --editable, --find-links, --no-user-cfg, --egg-path, --no-find-links, --local-snapshots-ok, --upgrade, --site-dirs, --verbose, --always-unzip, --user, --no-deps, --optimize, --version, --script-dir, --prefix, --force-installation-into-system-dir, --build-directory, --index-url, --install-layout, --help, --uninstall, --quiet, --zip-ok, --allow-hosts, --multi-version
[1.495s] DEBUG:colcon.colcon_core.event_handler.log_command:Invoking command in '/workspaces/TIAgo_humble/build/launch_pal': PYTHONPATH=/workspaces/TIAgo_humble/build/launch_pal/prefix_override:/usr/lib/python3/dist-packages/colcon_core/task/python/colcon_distutils_commands:/workspaces/TIAgo_humble/install/launch_pal/lib/python3.10/site-packages:${PYTHONPATH} /usr/bin/python3 -W ignore:setup.py install is deprecated -W ignore:easy_install command is deprecated setup.py develop --editable --build-directory /workspaces/TIAgo_humble/build/launch_pal/build --no-deps symlink_data
[1.575s] DEBUG:colcon.colcon_core.event_handler.log_command:Invoked command in '/workspaces/TIAgo_humble/build/pal_maps' returned '0': CMAKE_PREFIX_PATH=/opt/ros/humble /usr/bin/cmake /workspaces/TIAgo_humble/ros2_ws/src/pal_maps -DCMAKE_BUILD_TYPE=Release -DAMENT_CMAKE_SYMLINK_INSTALL=1 -DCMAKE_INSTALL_PREFIX=/workspaces/TIAgo_humble/install/pal_maps
[1.576s] DEBUG:colcon.colcon_core.event_handler.log_command:Invoking command in '/workspaces/TIAgo_humble/build/pal_maps': CMAKE_PREFIX_PATH=/opt/ros/humble /usr/bin/cmake --build /workspaces/TIAgo_humble/build/pal_maps -- -j24 -l24
[1.618s] DEBUG:colcon.colcon_core.event_handler.log_command:Invoked command in '/workspaces/TIAgo_humble/build/pal_hey5_controller_configuration' returned '0': CMAKE_PREFIX_PATH=/opt/ros/humble /usr/bin/cmake /workspaces/TIAgo_humble/ros2_ws/src/pal_hey5/pal_hey5_controller_configuration -DCMAKE_BUILD_TYPE=Release -DAMENT_CMAKE_SYMLINK_INSTALL=1 -DCMAKE_INSTALL_PREFIX=/workspaces/TIAgo_humble/install/pal_hey5_controller_configuration
[1.619s] DEBUG:colcon.colcon_core.event_handler.log_command:Invoking command in '/workspaces/TIAgo_humble/build/pal_hey5_controller_configuration': CMAKE_PREFIX_PATH=/opt/ros/humble /usr/bin/cmake --build /workspaces/TIAgo_humble/build/pal_hey5_controller_configuration -- -j24 -l24
[1.621s] DEBUG:colcon.colcon_core.event_handler.log_command:Invoked command in '/workspaces/TIAgo_humble/build/pal_maps' returned '0': CMAKE_PREFIX_PATH=/opt/ros/humble /usr/bin/cmake --build /workspaces/TIAgo_humble/build/pal_maps -- -j24 -l24
[1.635s] DEBUG:colcon.colcon_core.event_handler.log_command:Invoking command in '/workspaces/TIAgo_humble/build/pal_maps': CMAKE_PREFIX_PATH=/opt/ros/humble /usr/bin/cmake --install /workspaces/TIAgo_humble/build/pal_maps
[1.637s] DEBUG:colcon.colcon_core.event_handler.log_command:Invoked command in '/workspaces/TIAgo_humble/build/pal_urdf_utils' returned '0': CMAKE_PREFIX_PATH=/opt/ros/humble /usr/bin/cmake /workspaces/TIAgo_humble/ros2_ws/src/pal_urdf_utils -DCMAKE_BUILD_TYPE=Release -DAMENT_CMAKE_SYMLINK_INSTALL=1 -DCMAKE_INSTALL_PREFIX=/workspaces/TIAgo_humble/install/pal_urdf_utils
[1.639s] DEBUG:colcon.colcon_core.event_handler.log_command:Invoking command in '/workspaces/TIAgo_humble/build/pal_urdf_utils': CMAKE_PREFIX_PATH=/opt/ros/humble /usr/bin/cmake --build /workspaces/TIAgo_humble/build/pal_urdf_utils -- -j24 -l24
[1.641s] DEBUG:colcon.colcon_core.event_handler.log_command:Invoked command in '/workspaces/TIAgo_humble/build/pmb2_laser_sensors' returned '0': CMAKE_PREFIX_PATH=/opt/ros/humble /usr/bin/cmake /workspaces/TIAgo_humble/ros2_ws/src/pmb2_navigation/pmb2_laser_sensors -DCMAKE_BUILD_TYPE=Release -DAMENT_CMAKE_SYMLINK_INSTALL=1 -DCMAKE_INSTALL_PREFIX=/workspaces/TIAgo_humble/install/pmb2_laser_sensors
[1.642s] DEBUG:colcon.colcon_core.event_handler.log_command:Invoking command in '/workspaces/TIAgo_humble/build/pmb2_laser_sensors': CMAKE_PREFIX_PATH=/opt/ros/humble /usr/bin/cmake --build /workspaces/TIAgo_humble/build/pmb2_laser_sensors -- -j24 -l24
[1.643s] DEBUG:colcon.colcon_core.event_handler.log_command:Invoked command in '/workspaces/TIAgo_humble/build/omni_base_controller_configuration' returned '0': CMAKE_PREFIX_PATH=/opt/ros/humble /usr/bin/cmake /workspaces/TIAgo_humble/ros2_ws/src/omni_base_robot/omni_base_controller_configuration -DCMAKE_BUILD_TYPE=Release -DAMENT_CMAKE_SYMLINK_INSTALL=1 -DCMAKE_INSTALL_PREFIX=/workspaces/TIAgo_humble/install/omni_base_controller_configuration
[1.644s] DEBUG:colcon.colcon_core.event_handler.log_command:Invoking command in '/workspaces/TIAgo_humble/build/omni_base_controller_configuration': CMAKE_PREFIX_PATH=/opt/ros/humble /usr/bin/cmake --build /workspaces/TIAgo_humble/build/omni_base_controller_configuration -- -j24 -l24
[1.659s] DEBUG:colcon.colcon_core.event_handler.log_command:Invoked command in '/workspaces/TIAgo_humble/build/pal_robotiq_description' returned '0': CMAKE_PREFIX_PATH=/opt/ros/humble /usr/bin/cmake /workspaces/TIAgo_humble/ros2_ws/src/pal_robotiq_gripper/pal_robotiq_description -DCMAKE_BUILD_TYPE=Release -DAMENT_CMAKE_SYMLINK_INSTALL=1 -DCMAKE_INSTALL_PREFIX=/workspaces/TIAgo_humble/install/pal_robotiq_description
[1.661s] DEBUG:colcon.colcon_core.event_handler.log_command:Invoking command in '/workspaces/TIAgo_humble/build/pal_robotiq_description': CMAKE_PREFIX_PATH=/opt/ros/humble /usr/bin/cmake --build /workspaces/TIAgo_humble/build/pal_robotiq_description -- -j24 -l24
[1.665s] DEBUG:colcon.colcon_core.event_handler.log_command:Invoked command in '/workspaces/TIAgo_humble/build/pal_hey5_controller_configuration' returned '0': CMAKE_PREFIX_PATH=/opt/ros/humble /usr/bin/cmake --build /workspaces/TIAgo_humble/build/pal_hey5_controller_configuration -- -j24 -l24
[1.667s] DEBUG:colcon.colcon_core.event_handler.log_command:Invoking command in '/workspaces/TIAgo_humble/build/pal_hey5_controller_configuration': CMAKE_PREFIX_PATH=/opt/ros/humble /usr/bin/cmake --install /workspaces/TIAgo_humble/build/pal_hey5_controller_configuration
[1.673s] DEBUG:colcon.colcon_core.event_handler.log_command:Invoked command in '/workspaces/TIAgo_humble/build/pal_gripper_controller_configuration' returned '0': CMAKE_PREFIX_PATH=/opt/ros/humble /usr/bin/cmake /workspaces/TIAgo_humble/ros2_ws/src/pal_gripper/pal_gripper_controller_configuration -DCMAKE_BUILD_TYPE=Release -DAMENT_CMAKE_SYMLINK_INSTALL=1 -DCMAKE_INSTALL_PREFIX=/workspaces/TIAgo_humble/install/pal_gripper_controller_configuration
[1.674s] DEBUG:colcon.colcon_core.event_handler.log_command:Invoking command in '/workspaces/TIAgo_humble/build/pal_gripper_controller_configuration': CMAKE_PREFIX_PATH=/opt/ros/humble /usr/bin/cmake --build /workspaces/TIAgo_humble/build/pal_gripper_controller_configuration -- -j24 -l24
[1.682s] DEBUG:colcon.colcon_core.event_handler.log_command:Invoked command in '/workspaces/TIAgo_humble/build/pal_urdf_utils' returned '0': CMAKE_PREFIX_PATH=/opt/ros/humble /usr/bin/cmake --build /workspaces/TIAgo_humble/build/pal_urdf_utils -- -j24 -l24
[1.686s] DEBUG:colcon.colcon_core.event_handler.log_command:Invoking command in '/workspaces/TIAgo_humble/build/pal_urdf_utils': CMAKE_PREFIX_PATH=/opt/ros/humble /usr/bin/cmake --install /workspaces/TIAgo_humble/build/pal_urdf_utils
[1.688s] DEBUG:colcon.colcon_core.event_handler.log_command:Invoked command in '/workspaces/TIAgo_humble/build/omni_base_controller_configuration' returned '0': CMAKE_PREFIX_PATH=/opt/ros/humble /usr/bin/cmake --build /workspaces/TIAgo_humble/build/omni_base_controller_configuration -- -j24 -l24
[1.691s] DEBUG:colcon.colcon_core.event_handler.log_command:Invoking command in '/workspaces/TIAgo_humble/build/omni_base_controller_configuration': CMAKE_PREFIX_PATH=/opt/ros/humble /usr/bin/cmake --install /workspaces/TIAgo_humble/build/omni_base_controller_configuration
[1.692s] DEBUG:colcon.colcon_core.event_handler.log_command:Invoked command in '/workspaces/TIAgo_humble/build/pmb2_laser_sensors' returned '0': CMAKE_PREFIX_PATH=/opt/ros/humble /usr/bin/cmake --build /workspaces/TIAgo_humble/build/pmb2_laser_sensors -- -j24 -l24
[1.695s] DEBUG:colcon.colcon_core.event_handler.log_command:Invoking command in '/workspaces/TIAgo_humble/build/pmb2_laser_sensors': CMAKE_PREFIX_PATH=/opt/ros/humble /usr/bin/cmake --install /workspaces/TIAgo_humble/build/pmb2_laser_sensors
[1.698s] DEBUG:colcon.colcon_core.event_handler.log_command:Invoked command in '/workspaces/TIAgo_humble/build/pal_robotiq_controller_configuration' returned '0': CMAKE_PREFIX_PATH=/opt/ros/humble /usr/bin/cmake /workspaces/TIAgo_humble/ros2_ws/src/pal_robotiq_gripper/pal_robotiq_controller_configuration -DCMAKE_BUILD_TYPE=Release -DAMENT_CMAKE_SYMLINK_INSTALL=1 -DCMAKE_INSTALL_PREFIX=/workspaces/TIAgo_humble/install/pal_robotiq_controller_configuration
[1.699s] DEBUG:colcon.colcon_core.event_handler.log_command:Invoking command in '/workspaces/TIAgo_humble/build/pal_robotiq_controller_configuration': CMAKE_PREFIX_PATH=/opt/ros/humble /usr/bin/cmake --build /workspaces/TIAgo_humble/build/pal_robotiq_controller_configuration -- -j24 -l24
[1.700s] DEBUG:colcon.colcon_core.event_handler.log_command:Invoked command in '/workspaces/TIAgo_humble/build/tiago_rgbd_sensors' returned '0': CMAKE_PREFIX_PATH=/opt/ros/humble /usr/bin/cmake /workspaces/TIAgo_humble/ros2_ws/src/tiago_navigation/tiago_rgbd_sensors -DCMAKE_BUILD_TYPE=Release -DAMENT_CMAKE_SYMLINK_INSTALL=1 -DCMAKE_INSTALL_PREFIX=/workspaces/TIAgo_humble/install/tiago_rgbd_sensors
[1.703s] DEBUG:colcon.colcon_core.event_handler.log_command:Invoking command in '/workspaces/TIAgo_humble/build/tiago_rgbd_sensors': CMAKE_PREFIX_PATH=/opt/ros/humble /usr/bin/cmake --build /workspaces/TIAgo_humble/build/tiago_rgbd_sensors -- -j24 -l24
[1.709s] DEBUG:colcon.colcon_core.event_handler.log_command:Invoked command in '/workspaces/TIAgo_humble/build/pal_robotiq_description' returned '0': CMAKE_PREFIX_PATH=/opt/ros/humble /usr/bin/cmake --build /workspaces/TIAgo_humble/build/pal_robotiq_description -- -j24 -l24
[1.711s] DEBUG:colcon.colcon_core.event_handler.log_command:Invoking command in '/workspaces/TIAgo_humble/build/pal_robotiq_description': CMAKE_PREFIX_PATH=/opt/ros/humble /usr/bin/cmake --install /workspaces/TIAgo_humble/build/pal_robotiq_description
[1.725s] DEBUG:colcon.colcon_core.event_handler.log_command:Invoked command in '/workspaces/TIAgo_humble/build/pal_gripper_controller_configuration' returned '0': CMAKE_PREFIX_PATH=/opt/ros/humble /usr/bin/cmake --build /workspaces/TIAgo_humble/build/pal_gripper_controller_configuration -- -j24 -l24
[1.727s] DEBUG:colcon.colcon_core.event_handler.log_command:Invoking command in '/workspaces/TIAgo_humble/build/pal_gripper_controller_configuration': CMAKE_PREFIX_PATH=/opt/ros/humble /usr/bin/cmake --install /workspaces/TIAgo_humble/build/pal_gripper_controller_configuration
[1.744s] DEBUG:colcon.colcon_core.event_handler.log_command:Invoked command in '/workspaces/TIAgo_humble/build/pal_robotiq_controller_configuration' returned '0': CMAKE_PREFIX_PATH=/opt/ros/humble /usr/bin/cmake --build /workspaces/TIAgo_humble/build/pal_robotiq_controller_configuration -- -j24 -l24
[1.746s] DEBUG:colcon.colcon_core.event_handler.log_command:Invoking command in '/workspaces/TIAgo_humble/build/pal_robotiq_controller_configuration': CMAKE_PREFIX_PATH=/opt/ros/humble /usr/bin/cmake --install /workspaces/TIAgo_humble/build/pal_robotiq_controller_configuration
[1.750s] DEBUG:colcon.colcon_core.event_handler.log_command:Invoked command in '/workspaces/TIAgo_humble/build/tiago_rgbd_sensors' returned '0': CMAKE_PREFIX_PATH=/opt/ros/humble /usr/bin/cmake --build /workspaces/TIAgo_humble/build/tiago_rgbd_sensors -- -j24 -l24
[1.753s] DEBUG:colcon.colcon_core.event_handler.log_command:Invoking command in '/workspaces/TIAgo_humble/build/tiago_rgbd_sensors': CMAKE_PREFIX_PATH=/opt/ros/humble /usr/bin/cmake --install /workspaces/TIAgo_humble/build/tiago_rgbd_sensors
[1.859s] Level 1:colcon.colcon_core.environment:create_environment_scripts_only(pal_hey5_controller_configuration)
[1.860s] DEBUG:colcon.colcon_core.event_handler.log_command:Invoked command in '/workspaces/TIAgo_humble/build/pal_hey5_controller_configuration' returned '0': CMAKE_PREFIX_PATH=/opt/ros/humble /usr/bin/cmake --install /workspaces/TIAgo_humble/build/pal_hey5_controller_configuration
[1.867s] Level 1:colcon.colcon_core.environment:checking '/workspaces/TIAgo_humble/install/pal_hey5_controller_configuration' for CMake module files
[1.869s] Level 1:colcon.colcon_core.environment:checking '/workspaces/TIAgo_humble/install/pal_hey5_controller_configuration' for CMake config files
[1.869s] Level 1:colcon.colcon_core.shell:create_environment_hook('pal_hey5_controller_configuration', 'cmake_prefix_path')
[1.869s] INFO:colcon.colcon_core.shell:Creating environment hook '/workspaces/TIAgo_humble/install/pal_hey5_controller_configuration/share/pal_hey5_controller_configuration/hook/cmake_prefix_path.ps1'
[1.870s] INFO:colcon.colcon_core.shell:Creating environment descriptor '/workspaces/TIAgo_humble/install/pal_hey5_controller_configuration/share/pal_hey5_controller_configuration/hook/cmake_prefix_path.dsv'
[1.870s] INFO:colcon.colcon_core.shell:Creating environment hook '/workspaces/TIAgo_humble/install/pal_hey5_controller_configuration/share/pal_hey5_controller_configuration/hook/cmake_prefix_path.sh'
[1.871s] Level 1:colcon.colcon_core.environment:checking '/workspaces/TIAgo_humble/install/pal_hey5_controller_configuration/bin'
[1.871s] Level 1:colcon.colcon_core.environment:checking '/workspaces/TIAgo_humble/install/pal_hey5_controller_configuration/lib/pkgconfig/pal_hey5_controller_configuration.pc'
[1.871s] Level 1:colcon.colcon_core.environment:checking '/workspaces/TIAgo_humble/install/pal_hey5_controller_configuration/lib/python3.10/site-packages'
[1.872s] Level 1:colcon.colcon_core.environment:checking '/workspaces/TIAgo_humble/install/pal_hey5_controller_configuration/bin'
[1.872s] INFO:colcon.colcon_core.shell:Creating package script '/workspaces/TIAgo_humble/install/pal_hey5_controller_configuration/share/pal_hey5_controller_configuration/package.ps1'
[1.874s] INFO:colcon.colcon_core.shell:Creating package descriptor '/workspaces/TIAgo_humble/install/pal_hey5_controller_configuration/share/pal_hey5_controller_configuration/package.dsv'
[1.876s] INFO:colcon.colcon_core.shell:Creating package script '/workspaces/TIAgo_humble/install/pal_hey5_controller_configuration/share/pal_hey5_controller_configuration/package.sh'
[1.877s] INFO:colcon.colcon_core.shell:Creating package script '/workspaces/TIAgo_humble/install/pal_hey5_controller_configuration/share/pal_hey5_controller_configuration/package.bash'
[1.878s] INFO:colcon.colcon_core.shell:Creating package script '/workspaces/TIAgo_humble/install/pal_hey5_controller_configuration/share/pal_hey5_controller_configuration/package.zsh'
[1.880s] Level 1:colcon.colcon_core.environment:create_file_with_runtime_dependencies(/workspaces/TIAgo_humble/install/pal_hey5_controller_configuration/share/colcon-core/packages/pal_hey5_controller_configuration)
[1.881s] Level 1:colcon.colcon_core.environment:create_environment_scripts_only(pal_hey5_controller_configuration)
[1.882s] Level 1:colcon.colcon_core.environment:checking '/workspaces/TIAgo_humble/install/pal_hey5_controller_configuration' for CMake module files
[1.884s] Level 1:colcon.colcon_core.environment:checking '/workspaces/TIAgo_humble/install/pal_hey5_controller_configuration' for CMake config files
[1.884s] Level 1:colcon.colcon_core.shell:create_environment_hook('pal_hey5_controller_configuration', 'cmake_prefix_path')
[1.885s] INFO:colcon.colcon_core.shell:Creating environment hook '/workspaces/TIAgo_humble/install/pal_hey5_controller_configuration/share/pal_hey5_controller_configuration/hook/cmake_prefix_path.ps1'
[1.885s] INFO:colcon.colcon_core.shell:Creating environment descriptor '/workspaces/TIAgo_humble/install/pal_hey5_controller_configuration/share/pal_hey5_controller_configuration/hook/cmake_prefix_path.dsv'
[1.886s] INFO:colcon.colcon_core.shell:Creating environment hook '/workspaces/TIAgo_humble/install/pal_hey5_controller_configuration/share/pal_hey5_controller_configuration/hook/cmake_prefix_path.sh'
[1.887s] Level 1:colcon.colcon_core.environment:checking '/workspaces/TIAgo_humble/install/pal_hey5_controller_configuration/bin'
[1.887s] Level 1:colcon.colcon_core.environment:checking '/workspaces/TIAgo_humble/install/pal_hey5_controller_configuration/lib/pkgconfig/pal_hey5_controller_configuration.pc'
[1.888s] Level 1:colcon.colcon_core.environment:checking '/workspaces/TIAgo_humble/install/pal_hey5_controller_configuration/lib/python3.10/site-packages'
[1.889s] Level 1:colcon.colcon_core.environment:checking '/workspaces/TIAgo_humble/install/pal_hey5_controller_configuration/bin'
[1.889s] INFO:colcon.colcon_core.shell:Creating package script '/workspaces/TIAgo_humble/install/pal_hey5_controller_configuration/share/pal_hey5_controller_configuration/package.ps1'
[1.891s] INFO:colcon.colcon_core.shell:Creating package descriptor '/workspaces/TIAgo_humble/install/pal_hey5_controller_configuration/share/pal_hey5_controller_configuration/package.dsv'
[1.892s] INFO:colcon.colcon_core.shell:Creating package script '/workspaces/TIAgo_humble/install/pal_hey5_controller_configuration/share/pal_hey5_controller_configuration/package.sh'
[1.893s] INFO:colcon.colcon_core.shell:Creating package script '/workspaces/TIAgo_humble/install/pal_hey5_controller_configuration/share/pal_hey5_controller_configuration/package.bash'
[1.894s] INFO:colcon.colcon_core.shell:Creating package script '/workspaces/TIAgo_humble/install/pal_hey5_controller_configuration/share/pal_hey5_controller_configuration/package.zsh'
[1.894s] Level 1:colcon.colcon_core.environment:create_file_with_runtime_dependencies(/workspaces/TIAgo_humble/install/pal_hey5_controller_configuration/share/colcon-core/packages/pal_hey5_controller_configuration)
[1.916s] Level 1:colcon.colcon_core.shell:create_environment_hook('launch_pal', 'pythonpath_develop')
[1.916s] INFO:colcon.colcon_core.shell:Creating environment hook '/workspaces/TIAgo_humble/build/launch_pal/share/launch_pal/hook/pythonpath_develop.ps1'
[1.918s] INFO:colcon.colcon_core.shell:Creating environment descriptor '/workspaces/TIAgo_humble/build/launch_pal/share/launch_pal/hook/pythonpath_develop.dsv'
[1.918s] DEBUG:colcon.colcon_core.event_handler.log_command:Invoked command in '/workspaces/TIAgo_humble/build/launch_pal' returned '0': PYTHONPATH=/workspaces/TIAgo_humble/build/launch_pal/prefix_override:/usr/lib/python3/dist-packages/colcon_core/task/python/colcon_distutils_commands:/workspaces/TIAgo_humble/install/launch_pal/lib/python3.10/site-packages:${PYTHONPATH} /usr/bin/python3 -W ignore:setup.py install is deprecated -W ignore:easy_install command is deprecated setup.py develop --editable --build-directory /workspaces/TIAgo_humble/build/launch_pal/build --no-deps symlink_data
[1.919s] INFO:colcon.colcon_core.shell:Creating environment hook '/workspaces/TIAgo_humble/build/launch_pal/share/launch_pal/hook/pythonpath_develop.sh'
[1.920s] Level 1:colcon.colcon_core.environment:checking '/workspaces/TIAgo_humble/install/launch_pal' for CMake module files
[1.921s] Level 1:colcon.colcon_core.environment:checking '/workspaces/TIAgo_humble/install/launch_pal' for CMake config files
[1.921s] Level 1:colcon.colcon_core.environment:checking '/workspaces/TIAgo_humble/install/launch_pal/lib'
[1.922s] Level 1:colcon.colcon_core.environment:checking '/workspaces/TIAgo_humble/install/launch_pal/bin'
[1.922s] Level 1:colcon.colcon_core.environment:checking '/workspaces/TIAgo_humble/install/launch_pal/lib/pkgconfig/launch_pal.pc'
[1.922s] Level 1:colcon.colcon_core.environment:checking '/workspaces/TIAgo_humble/install/launch_pal/lib/python3.10/site-packages'
[1.922s] Level 1:colcon.colcon_core.shell:create_environment_hook('launch_pal', 'pythonpath')
[1.922s] INFO:colcon.colcon_core.shell:Creating environment hook '/workspaces/TIAgo_humble/install/launch_pal/share/launch_pal/hook/pythonpath.ps1'
[1.924s] INFO:colcon.colcon_core.shell:Creating environment descriptor '/workspaces/TIAgo_humble/install/launch_pal/share/launch_pal/hook/pythonpath.dsv'
[1.924s] INFO:colcon.colcon_core.shell:Creating environment hook '/workspaces/TIAgo_humble/install/launch_pal/share/launch_pal/hook/pythonpath.sh'
[1.925s] Level 1:colcon.colcon_core.environment:checking '/workspaces/TIAgo_humble/install/launch_pal/bin'
[1.925s] Level 1:colcon.colcon_core.environment:create_environment_scripts_only(launch_pal)
[1.926s] INFO:colcon.colcon_core.shell:Creating package script '/workspaces/TIAgo_humble/install/launch_pal/share/launch_pal/package.ps1'
[1.927s] INFO:colcon.colcon_core.shell:Creating package descriptor '/workspaces/TIAgo_humble/install/launch_pal/share/launch_pal/package.dsv'
[1.927s] INFO:colcon.colcon_core.shell:Creating package script '/workspaces/TIAgo_humble/install/launch_pal/share/launch_pal/package.sh'
[1.927s] INFO:colcon.colcon_core.shell:Creating package script '/workspaces/TIAgo_humble/install/launch_pal/share/launch_pal/package.bash'
[1.928s] INFO:colcon.colcon_core.shell:Creating package script '/workspaces/TIAgo_humble/install/launch_pal/share/launch_pal/package.zsh'
[1.928s] Level 1:colcon.colcon_core.environment:create_file_with_runtime_dependencies(/workspaces/TIAgo_humble/install/launch_pal/share/colcon-core/packages/launch_pal)
[1.929s] INFO:colcon.colcon_ros.task.ament_cmake.build:Building ROS package in '/workspaces/TIAgo_humble/ros2_ws/src/pmb2_robot/pmb2_controller_configuration' with build type 'ament_cmake'
[1.929s] INFO:colcon.colcon_cmake.task.cmake.build:Building CMake package in '/workspaces/TIAgo_humble/ros2_ws/src/pmb2_robot/pmb2_controller_configuration'
[1.929s] INFO:colcon.colcon_core.shell:Skip shell extension 'powershell' for command environment: Not usable outside of PowerShell
[1.929s] DEBUG:colcon.colcon_core.shell:Skip shell extension 'dsv' for command environment
[1.935s] INFO:colcon.colcon_ros.task.ament_cmake.build:Building ROS package in '/workspaces/TIAgo_humble/ros2_ws/src/pal_gazebo_worlds' with build type 'ament_cmake'
[1.935s] INFO:colcon.colcon_cmake.task.cmake.build:Building CMake package in '/workspaces/TIAgo_humble/ros2_ws/src/pal_gazebo_worlds'
[1.936s] INFO:colcon.colcon_core.shell:Skip shell extension 'powershell' for command environment: Not usable outside of PowerShell
[1.936s] DEBUG:colcon.colcon_core.shell:Skip shell extension 'dsv' for command environment
[1.940s] INFO:colcon.colcon_ros.task.ament_cmake.build:Building ROS package in '/workspaces/TIAgo_humble/ros2_ws/src/pmb2_navigation/pmb2_rgbd_sensors' with build type 'ament_cmake'
[1.940s] INFO:colcon.colcon_cmake.task.cmake.build:Building CMake package in '/workspaces/TIAgo_humble/ros2_ws/src/pmb2_navigation/pmb2_rgbd_sensors'
[1.940s] INFO:colcon.colcon_core.shell:Skip shell extension 'powershell' for command environment: Not usable outside of PowerShell
[1.940s] DEBUG:colcon.colcon_core.shell:Skip shell extension 'dsv' for command environment
[1.948s] Level 1:colcon.colcon_core.environment:create_environment_scripts_only(pmb2_laser_sensors)
[1.948s] DEBUG:colcon.colcon_core.event_handler.log_command:Invoked command in '/workspaces/TIAgo_humble/build/pmb2_laser_sensors' returned '0': CMAKE_PREFIX_PATH=/opt/ros/humble /usr/bin/cmake --install /workspaces/TIAgo_humble/build/pmb2_laser_sensors
[1.949s] Level 1:colcon.colcon_core.environment:checking '/workspaces/TIAgo_humble/install/pmb2_laser_sensors' for CMake module files
[1.950s] Level 1:colcon.colcon_core.environment:checking '/workspaces/TIAgo_humble/install/pmb2_laser_sensors' for CMake config files
[1.950s] Level 1:colcon.colcon_core.shell:create_environment_hook('pmb2_laser_sensors', 'cmake_prefix_path')
[1.950s] INFO:colcon.colcon_core.shell:Creating environment hook '/workspaces/TIAgo_humble/install/pmb2_laser_sensors/share/pmb2_laser_sensors/hook/cmake_prefix_path.ps1'
[1.951s] INFO:colcon.colcon_core.shell:Creating environment descriptor '/workspaces/TIAgo_humble/install/pmb2_laser_sensors/share/pmb2_laser_sensors/hook/cmake_prefix_path.dsv'
[1.952s] INFO:colcon.colcon_core.shell:Creating environment hook '/workspaces/TIAgo_humble/install/pmb2_laser_sensors/share/pmb2_laser_sensors/hook/cmake_prefix_path.sh'
[1.953s] Level 1:colcon.colcon_core.environment:checking '/workspaces/TIAgo_humble/install/pmb2_laser_sensors/bin'
[1.953s] Level 1:colcon.colcon_core.environment:checking '/workspaces/TIAgo_humble/install/pmb2_laser_sensors/lib/pkgconfig/pmb2_laser_sensors.pc'
[1.954s] Level 1:colcon.colcon_core.environment:checking '/workspaces/TIAgo_humble/install/pmb2_laser_sensors/lib/python3.10/site-packages'
[1.954s] Level 1:colcon.colcon_core.environment:checking '/workspaces/TIAgo_humble/install/pmb2_laser_sensors/bin'
[1.955s] INFO:colcon.colcon_core.shell:Creating package script '/workspaces/TIAgo_humble/install/pmb2_laser_sensors/share/pmb2_laser_sensors/package.ps1'
[1.956s] INFO:colcon.colcon_core.shell:Creating package descriptor '/workspaces/TIAgo_humble/install/pmb2_laser_sensors/share/pmb2_laser_sensors/package.dsv'
[1.957s] INFO:colcon.colcon_core.shell:Creating package script '/workspaces/TIAgo_humble/install/pmb2_laser_sensors/share/pmb2_laser_sensors/package.sh'
[1.957s] INFO:colcon.colcon_core.shell:Creating package script '/workspaces/TIAgo_humble/install/pmb2_laser_sensors/share/pmb2_laser_sensors/package.bash'
[1.958s] INFO:colcon.colcon_core.shell:Creating package script '/workspaces/TIAgo_humble/install/pmb2_laser_sensors/share/pmb2_laser_sensors/package.zsh'
[1.958s] Level 1:colcon.colcon_core.environment:create_file_with_runtime_dependencies(/workspaces/TIAgo_humble/install/pmb2_laser_sensors/share/colcon-core/packages/pmb2_laser_sensors)
[1.959s] Level 1:colcon.colcon_core.environment:create_environment_scripts_only(pmb2_laser_sensors)
[1.960s] Level 1:colcon.colcon_core.environment:checking '/workspaces/TIAgo_humble/install/pmb2_laser_sensors' for CMake module files
[1.960s] Level 1:colcon.colcon_core.environment:checking '/workspaces/TIAgo_humble/install/pmb2_laser_sensors' for CMake config files
[1.961s] Level 1:colcon.colcon_core.shell:create_environment_hook('pmb2_laser_sensors', 'cmake_prefix_path')
[1.961s] INFO:colcon.colcon_core.shell:Creating environment hook '/workspaces/TIAgo_humble/install/pmb2_laser_sensors/share/pmb2_laser_sensors/hook/cmake_prefix_path.ps1'
[1.962s] INFO:colcon.colcon_core.shell:Creating environment descriptor '/workspaces/TIAgo_humble/install/pmb2_laser_sensors/share/pmb2_laser_sensors/hook/cmake_prefix_path.dsv'
[1.963s] INFO:colcon.colcon_core.shell:Creating environment hook '/workspaces/TIAgo_humble/install/pmb2_laser_sensors/share/pmb2_laser_sensors/hook/cmake_prefix_path.sh'
[1.964s] Level 1:colcon.colcon_core.environment:checking '/workspaces/TIAgo_humble/install/pmb2_laser_sensors/bin'
[1.964s] Level 1:colcon.colcon_core.environment:checking '/workspaces/TIAgo_humble/install/pmb2_laser_sensors/lib/pkgconfig/pmb2_laser_sensors.pc'
[1.964s] Level 1:colcon.colcon_core.environment:checking '/workspaces/TIAgo_humble/install/pmb2_laser_sensors/lib/python3.10/site-packages'
[1.965s] Level 1:colcon.colcon_core.environment:checking '/workspaces/TIAgo_humble/install/pmb2_laser_sensors/bin'
[1.965s] INFO:colcon.colcon_core.shell:Creating package script '/workspaces/TIAgo_humble/install/pmb2_laser_sensors/share/pmb2_laser_sensors/package.ps1'
[1.967s] INFO:colcon.colcon_core.shell:Creating package descriptor '/workspaces/TIAgo_humble/install/pmb2_laser_sensors/share/pmb2_laser_sensors/package.dsv'
[1.967s] INFO:colcon.colcon_core.shell:Creating package script '/workspaces/TIAgo_humble/install/pmb2_laser_sensors/share/pmb2_laser_sensors/package.sh'
[1.968s] INFO:colcon.colcon_core.shell:Creating package script '/workspaces/TIAgo_humble/install/pmb2_laser_sensors/share/pmb2_laser_sensors/package.bash'
[1.968s] INFO:colcon.colcon_core.shell:Creating package script '/workspaces/TIAgo_humble/install/pmb2_laser_sensors/share/pmb2_laser_sensors/package.zsh'
[1.969s] Level 1:colcon.colcon_core.environment:create_file_with_runtime_dependencies(/workspaces/TIAgo_humble/install/pmb2_laser_sensors/share/colcon-core/packages/pmb2_laser_sensors)
[1.969s] Level 1:colcon.colcon_core.environment:create_environment_scripts_only(omni_base_controller_configuration)
[1.969s] Level 1:colcon.colcon_core.environment:checking '/workspaces/TIAgo_humble/install/omni_base_controller_configuration' for CMake module files
[1.970s] DEBUG:colcon.colcon_core.event_handler.log_command:Invoked command in '/workspaces/TIAgo_humble/build/omni_base_controller_configuration' returned '0': CMAKE_PREFIX_PATH=/opt/ros/humble /usr/bin/cmake --install /workspaces/TIAgo_humble/build/omni_base_controller_configuration
[1.970s] Level 1:colcon.colcon_core.environment:checking '/workspaces/TIAgo_humble/install/omni_base_controller_configuration' for CMake config files
[1.971s] Level 1:colcon.colcon_core.shell:create_environment_hook('omni_base_controller_configuration', 'cmake_prefix_path')
[1.971s] INFO:colcon.colcon_core.shell:Creating environment hook '/workspaces/TIAgo_humble/install/omni_base_controller_configuration/share/omni_base_controller_configuration/hook/cmake_prefix_path.ps1'
[1.972s] INFO:colcon.colcon_core.shell:Creating environment descriptor '/workspaces/TIAgo_humble/install/omni_base_controller_configuration/share/omni_base_controller_configuration/hook/cmake_prefix_path.dsv'
[1.973s] INFO:colcon.colcon_core.shell:Creating environment hook '/workspaces/TIAgo_humble/install/omni_base_controller_configuration/share/omni_base_controller_configuration/hook/cmake_prefix_path.sh'
[1.973s] Level 1:colcon.colcon_core.environment:checking '/workspaces/TIAgo_humble/install/omni_base_controller_configuration/bin'
[1.974s] Level 1:colcon.colcon_core.environment:checking '/workspaces/TIAgo_humble/install/omni_base_controller_configuration/lib/pkgconfig/omni_base_controller_configuration.pc'
[1.974s] Level 1:colcon.colcon_core.environment:checking '/workspaces/TIAgo_humble/install/omni_base_controller_configuration/lib/python3.10/site-packages'
[1.974s] Level 1:colcon.colcon_core.environment:checking '/workspaces/TIAgo_humble/install/omni_base_controller_configuration/bin'
[1.975s] INFO:colcon.colcon_core.shell:Creating package script '/workspaces/TIAgo_humble/install/omni_base_controller_configuration/share/omni_base_controller_configuration/package.ps1'
[1.976s] INFO:colcon.colcon_core.shell:Creating package descriptor '/workspaces/TIAgo_humble/install/omni_base_controller_configuration/share/omni_base_controller_configuration/package.dsv'
[1.977s] INFO:colcon.colcon_core.shell:Creating package script '/workspaces/TIAgo_humble/install/omni_base_controller_configuration/share/omni_base_controller_configuration/package.sh'
[1.978s] INFO:colcon.colcon_core.shell:Creating package script '/workspaces/TIAgo_humble/install/omni_base_controller_configuration/share/omni_base_controller_configuration/package.bash'
[1.978s] INFO:colcon.colcon_core.shell:Creating package script '/workspaces/TIAgo_humble/install/omni_base_controller_configuration/share/omni_base_controller_configuration/package.zsh'
[1.979s] Level 1:colcon.colcon_core.environment:create_file_with_runtime_dependencies(/workspaces/TIAgo_humble/install/omni_base_controller_configuration/share/colcon-core/packages/omni_base_controller_configuration)
[1.980s] Level 1:colcon.colcon_core.environment:create_environment_scripts_only(omni_base_controller_configuration)
[1.980s] Level 1:colcon.colcon_core.environment:checking '/workspaces/TIAgo_humble/install/omni_base_controller_configuration' for CMake module files
[1.980s] Level 1:colcon.colcon_core.environment:checking '/workspaces/TIAgo_humble/install/omni_base_controller_configuration' for CMake config files
[1.981s] Level 1:colcon.colcon_core.shell:create_environment_hook('omni_base_controller_configuration', 'cmake_prefix_path')
[1.981s] INFO:colcon.colcon_core.shell:Creating environment hook '/workspaces/TIAgo_humble/install/omni_base_controller_configuration/share/omni_base_controller_configuration/hook/cmake_prefix_path.ps1'
[1.982s] INFO:colcon.colcon_core.shell:Creating environment descriptor '/workspaces/TIAgo_humble/install/omni_base_controller_configuration/share/omni_base_controller_configuration/hook/cmake_prefix_path.dsv'
[1.982s] INFO:colcon.colcon_core.shell:Creating environment hook '/workspaces/TIAgo_humble/install/omni_base_controller_configuration/share/omni_base_controller_configuration/hook/cmake_prefix_path.sh'
[1.983s] Level 1:colcon.colcon_core.environment:checking '/workspaces/TIAgo_humble/install/omni_base_controller_configuration/bin'
[1.983s] Level 1:colcon.colcon_core.environment:checking '/workspaces/TIAgo_humble/install/omni_base_controller_configuration/lib/pkgconfig/omni_base_controller_configuration.pc'
[1.983s] Level 1:colcon.colcon_core.environment:checking '/workspaces/TIAgo_humble/install/omni_base_controller_configuration/lib/python3.10/site-packages'
[1.984s] Level 1:colcon.colcon_core.environment:checking '/workspaces/TIAgo_humble/install/omni_base_controller_configuration/bin'
[1.984s] INFO:colcon.colcon_core.shell:Creating package script '/workspaces/TIAgo_humble/install/omni_base_controller_configuration/share/omni_base_controller_configuration/package.ps1'
[1.985s] INFO:colcon.colcon_core.shell:Creating package descriptor '/workspaces/TIAgo_humble/install/omni_base_controller_configuration/share/omni_base_controller_configuration/package.dsv'
[1.986s] INFO:colcon.colcon_core.shell:Creating package script '/workspaces/TIAgo_humble/install/omni_base_controller_configuration/share/omni_base_controller_configuration/package.sh'
[1.986s] INFO:colcon.colcon_core.shell:Creating package script '/workspaces/TIAgo_humble/install/omni_base_controller_configuration/share/omni_base_controller_configuration/package.bash'
[1.987s] INFO:colcon.colcon_core.shell:Creating package script '/workspaces/TIAgo_humble/install/omni_base_controller_configuration/share/omni_base_controller_configuration/package.zsh'
[1.988s] Level 1:colcon.colcon_core.environment:create_file_with_runtime_dependencies(/workspaces/TIAgo_humble/install/omni_base_controller_configuration/share/colcon-core/packages/omni_base_controller_configuration)
[1.988s] Level 1:colcon.colcon_core.environment:create_environment_scripts_only(pal_robotiq_controller_configuration)
[1.989s] Level 1:colcon.colcon_core.environment:checking '/workspaces/TIAgo_humble/install/pal_robotiq_controller_configuration' for CMake module files
[1.989s] DEBUG:colcon.colcon_core.event_handler.log_command:Invoked command in '/workspaces/TIAgo_humble/build/pal_robotiq_controller_configuration' returned '0': CMAKE_PREFIX_PATH=/opt/ros/humble /usr/bin/cmake --install /workspaces/TIAgo_humble/build/pal_robotiq_controller_configuration
[1.989s] Level 1:colcon.colcon_core.environment:checking '/workspaces/TIAgo_humble/install/pal_robotiq_controller_configuration' for CMake config files
[1.990s] Level 1:colcon.colcon_core.shell:create_environment_hook('pal_robotiq_controller_configuration', 'cmake_prefix_path')
[1.990s] INFO:colcon.colcon_core.shell:Creating environment hook '/workspaces/TIAgo_humble/install/pal_robotiq_controller_configuration/share/pal_robotiq_controller_configuration/hook/cmake_prefix_path.ps1'
[1.990s] INFO:colcon.colcon_core.shell:Creating environment descriptor '/workspaces/TIAgo_humble/install/pal_robotiq_controller_configuration/share/pal_robotiq_controller_configuration/hook/cmake_prefix_path.dsv'
[1.991s] INFO:colcon.colcon_core.shell:Creating environment hook '/workspaces/TIAgo_humble/install/pal_robotiq_controller_configuration/share/pal_robotiq_controller_configuration/hook/cmake_prefix_path.sh'
[1.991s] Level 1:colcon.colcon_core.environment:checking '/workspaces/TIAgo_humble/install/pal_robotiq_controller_configuration/bin'
[1.991s] Level 1:colcon.colcon_core.environment:checking '/workspaces/TIAgo_humble/install/pal_robotiq_controller_configuration/lib/pkgconfig/pal_robotiq_controller_configuration.pc'
[1.991s] Level 1:colcon.colcon_core.environment:checking '/workspaces/TIAgo_humble/install/pal_robotiq_controller_configuration/lib/python3.10/site-packages'
[1.992s] Level 1:colcon.colcon_core.environment:checking '/workspaces/TIAgo_humble/install/pal_robotiq_controller_configuration/bin'
[1.992s] INFO:colcon.colcon_core.shell:Creating package script '/workspaces/TIAgo_humble/install/pal_robotiq_controller_configuration/share/pal_robotiq_controller_configuration/package.ps1'
[1.993s] INFO:colcon.colcon_core.shell:Creating package descriptor '/workspaces/TIAgo_humble/install/pal_robotiq_controller_configuration/share/pal_robotiq_controller_configuration/package.dsv'
[1.993s] INFO:colcon.colcon_core.shell:Creating package script '/workspaces/TIAgo_humble/install/pal_robotiq_controller_configuration/share/pal_robotiq_controller_configuration/package.sh'
[1.994s] INFO:colcon.colcon_core.shell:Creating package script '/workspaces/TIAgo_humble/install/pal_robotiq_controller_configuration/share/pal_robotiq_controller_configuration/package.bash'
[1.995s] INFO:colcon.colcon_core.shell:Creating package script '/workspaces/TIAgo_humble/install/pal_robotiq_controller_configuration/share/pal_robotiq_controller_configuration/package.zsh'
[1.995s] Level 1:colcon.colcon_core.environment:create_file_with_runtime_dependencies(/workspaces/TIAgo_humble/install/pal_robotiq_controller_configuration/share/colcon-core/packages/pal_robotiq_controller_configuration)
[1.996s] Level 1:colcon.colcon_core.environment:create_environment_scripts_only(pal_robotiq_controller_configuration)
[1.996s] Level 1:colcon.colcon_core.environment:checking '/workspaces/TIAgo_humble/install/pal_robotiq_controller_configuration' for CMake module files
[1.997s] Level 1:colcon.colcon_core.environment:checking '/workspaces/TIAgo_humble/install/pal_robotiq_controller_configuration' for CMake config files
[1.997s] Level 1:colcon.colcon_core.shell:create_environment_hook('pal_robotiq_controller_configuration', 'cmake_prefix_path')
[1.998s] INFO:colcon.colcon_core.shell:Creating environment hook '/workspaces/TIAgo_humble/install/pal_robotiq_controller_configuration/share/pal_robotiq_controller_configuration/hook/cmake_prefix_path.ps1'
[1.998s] INFO:colcon.colcon_core.shell:Creating environment descriptor '/workspaces/TIAgo_humble/install/pal_robotiq_controller_configuration/share/pal_robotiq_controller_configuration/hook/cmake_prefix_path.dsv'
[1.999s] INFO:colcon.colcon_core.shell:Creating environment hook '/workspaces/TIAgo_humble/install/pal_robotiq_controller_configuration/share/pal_robotiq_controller_configuration/hook/cmake_prefix_path.sh'
[1.999s] Level 1:colcon.colcon_core.environment:checking '/workspaces/TIAgo_humble/install/pal_robotiq_controller_configuration/bin'
[1.999s] Level 1:colcon.colcon_core.environment:checking '/workspaces/TIAgo_humble/install/pal_robotiq_controller_configuration/lib/pkgconfig/pal_robotiq_controller_configuration.pc'
[2.000s] Level 1:colcon.colcon_core.environment:checking '/workspaces/TIAgo_humble/install/pal_robotiq_controller_configuration/lib/python3.10/site-packages'
[2.000s] Level 1:colcon.colcon_core.environment:checking '/workspaces/TIAgo_humble/install/pal_robotiq_controller_configuration/bin'
[2.000s] INFO:colcon.colcon_core.shell:Creating package script '/workspaces/TIAgo_humble/install/pal_robotiq_controller_configuration/share/pal_robotiq_controller_configuration/package.ps1'
[2.001s] INFO:colcon.colcon_core.shell:Creating package descriptor '/workspaces/TIAgo_humble/install/pal_robotiq_controller_configuration/share/pal_robotiq_controller_configuration/package.dsv'
[2.001s] INFO:colcon.colcon_core.shell:Creating package script '/workspaces/TIAgo_humble/install/pal_robotiq_controller_configuration/share/pal_robotiq_controller_configuration/package.sh'
[2.002s] INFO:colcon.colcon_core.shell:Creating package script '/workspaces/TIAgo_humble/install/pal_robotiq_controller_configuration/share/pal_robotiq_controller_configuration/package.bash'
[2.002s] INFO:colcon.colcon_core.shell:Creating package script '/workspaces/TIAgo_humble/install/pal_robotiq_controller_configuration/share/pal_robotiq_controller_configuration/package.zsh'
[2.003s] Level 1:colcon.colcon_core.environment:create_file_with_runtime_dependencies(/workspaces/TIAgo_humble/install/pal_robotiq_controller_configuration/share/colcon-core/packages/pal_robotiq_controller_configuration)
[2.005s] INFO:colcon.colcon_ros.task.ament_cmake.build:Building ROS package in '/workspaces/TIAgo_humble/ros2_ws/src/tiago_navigation/tiago_laser_sensors' with build type 'ament_cmake'
[2.005s] INFO:colcon.colcon_cmake.task.cmake.build:Building CMake package in '/workspaces/TIAgo_humble/ros2_ws/src/tiago_navigation/tiago_laser_sensors'
[2.005s] INFO:colcon.colcon_core.shell:Skip shell extension 'powershell' for command environment: Not usable outside of PowerShell
[2.005s] DEBUG:colcon.colcon_core.shell:Skip shell extension 'dsv' for command environment
[2.011s] DEBUG:colcon.colcon_core.event_handler.log_command:Invoking command in '/workspaces/TIAgo_humble/build/pmb2_controller_configuration': AMENT_PREFIX_PATH=/workspaces/TIAgo_humble/install/launch_pal:${AMENT_PREFIX_PATH} CMAKE_PREFIX_PATH=/opt/ros/humble PYTHONPATH=/workspaces/TIAgo_humble/build/launch_pal:/workspaces/TIAgo_humble/install/launch_pal/lib/python3.10/site-packages:${PYTHONPATH} /usr/bin/cmake /workspaces/TIAgo_humble/ros2_ws/src/pmb2_robot/pmb2_controller_configuration -DCMAKE_BUILD_TYPE=Release -DAMENT_CMAKE_SYMLINK_INSTALL=1 -DCMAKE_INSTALL_PREFIX=/workspaces/TIAgo_humble/install/pmb2_controller_configuration
[2.020s] DEBUG:colcon.colcon_core.event_handler.log_command:Invoking command in '/workspaces/TIAgo_humble/build/pal_gazebo_worlds': AMENT_PREFIX_PATH=/workspaces/TIAgo_humble/install/launch_pal:${AMENT_PREFIX_PATH} CMAKE_PREFIX_PATH=/opt/ros/humble PYTHONPATH=/workspaces/TIAgo_humble/build/launch_pal:/workspaces/TIAgo_humble/install/launch_pal/lib/python3.10/site-packages:${PYTHONPATH} /usr/bin/cmake /workspaces/TIAgo_humble/ros2_ws/src/pal_gazebo_worlds -DCMAKE_BUILD_TYPE=Release -DAMENT_CMAKE_SYMLINK_INSTALL=1 -DCMAKE_INSTALL_PREFIX=/workspaces/TIAgo_humble/install/pal_gazebo_worlds
[2.023s] Level 1:colcon.colcon_core.environment:create_environment_scripts_only(tiago_rgbd_sensors)
[2.024s] Level 1:colcon.colcon_core.environment:checking '/workspaces/TIAgo_humble/install/tiago_rgbd_sensors' for CMake module files
[2.025s] Level 1:colcon.colcon_core.environment:checking '/workspaces/TIAgo_humble/install/tiago_rgbd_sensors' for CMake config files
[2.027s] Level 1:colcon.colcon_core.shell:create_environment_hook('tiago_rgbd_sensors', 'cmake_prefix_path')
[2.028s] INFO:colcon.colcon_core.shell:Creating environment hook '/workspaces/TIAgo_humble/install/tiago_rgbd_sensors/share/tiago_rgbd_sensors/hook/cmake_prefix_path.ps1'
[2.029s] INFO:colcon.colcon_core.shell:Creating environment descriptor '/workspaces/TIAgo_humble/install/tiago_rgbd_sensors/share/tiago_rgbd_sensors/hook/cmake_prefix_path.dsv'
[2.029s] INFO:colcon.colcon_core.shell:Creating environment hook '/workspaces/TIAgo_humble/install/tiago_rgbd_sensors/share/tiago_rgbd_sensors/hook/cmake_prefix_path.sh'
[2.030s] Level 1:colcon.colcon_core.environment:checking '/workspaces/TIAgo_humble/install/tiago_rgbd_sensors/bin'
[2.030s] Level 1:colcon.colcon_core.environment:checking '/workspaces/TIAgo_humble/install/tiago_rgbd_sensors/lib/pkgconfig/tiago_rgbd_sensors.pc'
[2.030s] Level 1:colcon.colcon_core.environment:checking '/workspaces/TIAgo_humble/install/tiago_rgbd_sensors/lib/python3.10/site-packages'
[2.030s] Level 1:colcon.colcon_core.environment:checking '/workspaces/TIAgo_humble/install/tiago_rgbd_sensors/bin'
[2.031s] INFO:colcon.colcon_core.shell:Creating package script '/workspaces/TIAgo_humble/install/tiago_rgbd_sensors/share/tiago_rgbd_sensors/package.ps1'
[2.031s] INFO:colcon.colcon_core.shell:Creating package descriptor '/workspaces/TIAgo_humble/install/tiago_rgbd_sensors/share/tiago_rgbd_sensors/package.dsv'
[2.033s] DEBUG:colcon.colcon_core.event_handler.log_command:Invoking command in '/workspaces/TIAgo_humble/build/pmb2_rgbd_sensors': AMENT_PREFIX_PATH=/workspaces/TIAgo_humble/install/launch_pal:${AMENT_PREFIX_PATH} CMAKE_PREFIX_PATH=/opt/ros/humble PYTHONPATH=/workspaces/TIAgo_humble/build/launch_pal:/workspaces/TIAgo_humble/install/launch_pal/lib/python3.10/site-packages:${PYTHONPATH} /usr/bin/cmake /workspaces/TIAgo_humble/ros2_ws/src/pmb2_navigation/pmb2_rgbd_sensors -DCMAKE_BUILD_TYPE=Release -DAMENT_CMAKE_SYMLINK_INSTALL=1 -DCMAKE_INSTALL_PREFIX=/workspaces/TIAgo_humble/install/pmb2_rgbd_sensors
[2.033s] INFO:colcon.colcon_core.shell:Creating package script '/workspaces/TIAgo_humble/install/tiago_rgbd_sensors/share/tiago_rgbd_sensors/package.sh'
[2.034s] DEBUG:colcon.colcon_core.event_handler.log_command:Invoked command in '/workspaces/TIAgo_humble/build/tiago_rgbd_sensors' returned '0': CMAKE_PREFIX_PATH=/opt/ros/humble /usr/bin/cmake --install /workspaces/TIAgo_humble/build/tiago_rgbd_sensors
[2.035s] INFO:colcon.colcon_core.shell:Creating package script '/workspaces/TIAgo_humble/install/tiago_rgbd_sensors/share/tiago_rgbd_sensors/package.bash'
[2.036s] INFO:colcon.colcon_core.shell:Creating package script '/workspaces/TIAgo_humble/install/tiago_rgbd_sensors/share/tiago_rgbd_sensors/package.zsh'
[2.036s] Level 1:colcon.colcon_core.environment:create_file_with_runtime_dependencies(/workspaces/TIAgo_humble/install/tiago_rgbd_sensors/share/colcon-core/packages/tiago_rgbd_sensors)
[2.037s] Level 1:colcon.colcon_core.environment:create_environment_scripts_only(tiago_rgbd_sensors)
[2.038s] Level 1:colcon.colcon_core.environment:checking '/workspaces/TIAgo_humble/install/tiago_rgbd_sensors' for CMake module files
[2.038s] Level 1:colcon.colcon_core.environment:checking '/workspaces/TIAgo_humble/install/tiago_rgbd_sensors' for CMake config files
[2.039s] Level 1:colcon.colcon_core.shell:create_environment_hook('tiago_rgbd_sensors', 'cmake_prefix_path')
[2.039s] INFO:colcon.colcon_core.shell:Creating environment hook '/workspaces/TIAgo_humble/install/tiago_rgbd_sensors/share/tiago_rgbd_sensors/hook/cmake_prefix_path.ps1'
[2.040s] INFO:colcon.colcon_core.shell:Creating environment descriptor '/workspaces/TIAgo_humble/install/tiago_rgbd_sensors/share/tiago_rgbd_sensors/hook/cmake_prefix_path.dsv'
[2.040s] INFO:colcon.colcon_core.shell:Creating environment hook '/workspaces/TIAgo_humble/install/tiago_rgbd_sensors/share/tiago_rgbd_sensors/hook/cmake_prefix_path.sh'
[2.042s] Level 1:colcon.colcon_core.environment:checking '/workspaces/TIAgo_humble/install/tiago_rgbd_sensors/bin'
[2.042s] Level 1:colcon.colcon_core.environment:checking '/workspaces/TIAgo_humble/install/tiago_rgbd_sensors/lib/pkgconfig/tiago_rgbd_sensors.pc'
[2.042s] Level 1:colcon.colcon_core.environment:checking '/workspaces/TIAgo_humble/install/tiago_rgbd_sensors/lib/python3.10/site-packages'
[2.043s] Level 1:colcon.colcon_core.environment:checking '/workspaces/TIAgo_humble/install/tiago_rgbd_sensors/bin'
[2.043s] INFO:colcon.colcon_core.shell:Creating package script '/workspaces/TIAgo_humble/install/tiago_rgbd_sensors/share/tiago_rgbd_sensors/package.ps1'
[2.044s] INFO:colcon.colcon_core.shell:Creating package descriptor '/workspaces/TIAgo_humble/install/tiago_rgbd_sensors/share/tiago_rgbd_sensors/package.dsv'
[2.045s] INFO:colcon.colcon_core.shell:Creating package script '/workspaces/TIAgo_humble/install/tiago_rgbd_sensors/share/tiago_rgbd_sensors/package.sh'
[2.046s] INFO:colcon.colcon_core.shell:Creating package script '/workspaces/TIAgo_humble/install/tiago_rgbd_sensors/share/tiago_rgbd_sensors/package.bash'
[2.047s] INFO:colcon.colcon_core.shell:Creating package script '/workspaces/TIAgo_humble/install/tiago_rgbd_sensors/share/tiago_rgbd_sensors/package.zsh'
[2.047s] Level 1:colcon.colcon_core.environment:create_file_with_runtime_dependencies(/workspaces/TIAgo_humble/install/tiago_rgbd_sensors/share/colcon-core/packages/tiago_rgbd_sensors)
[2.051s] Level 1:colcon.colcon_core.environment:create_environment_scripts_only(pal_gripper_controller_configuration)
[2.051s] Level 1:colcon.colcon_core.environment:checking '/workspaces/TIAgo_humble/install/pal_gripper_controller_configuration' for CMake module files
[2.052s] DEBUG:colcon.colcon_core.event_handler.log_command:Invoking command in '/workspaces/TIAgo_humble/build/tiago_laser_sensors': AMENT_PREFIX_PATH=/workspaces/TIAgo_humble/install/pmb2_laser_sensors:${AMENT_PREFIX_PATH} CMAKE_PREFIX_PATH=/workspaces/TIAgo_humble/install/pmb2_laser_sensors:/opt/ros/humble /usr/bin/cmake /workspaces/TIAgo_humble/ros2_ws/src/tiago_navigation/tiago_laser_sensors -DCMAKE_BUILD_TYPE=Release -DAMENT_CMAKE_SYMLINK_INSTALL=1 -DCMAKE_INSTALL_PREFIX=/workspaces/TIAgo_humble/install/tiago_laser_sensors
[2.052s] DEBUG:colcon.colcon_core.event_handler.log_command:Invoked command in '/workspaces/TIAgo_humble/build/pal_gripper_controller_configuration' returned '0': CMAKE_PREFIX_PATH=/opt/ros/humble /usr/bin/cmake --install /workspaces/TIAgo_humble/build/pal_gripper_controller_configuration
[2.052s] Level 1:colcon.colcon_core.environment:checking '/workspaces/TIAgo_humble/install/pal_gripper_controller_configuration' for CMake config files
[2.052s] Level 1:colcon.colcon_core.shell:create_environment_hook('pal_gripper_controller_configuration', 'cmake_prefix_path')
[2.053s] INFO:colcon.colcon_core.shell:Creating environment hook '/workspaces/TIAgo_humble/install/pal_gripper_controller_configuration/share/pal_gripper_controller_configuration/hook/cmake_prefix_path.ps1'
[2.054s] INFO:colcon.colcon_core.shell:Creating environment descriptor '/workspaces/TIAgo_humble/install/pal_gripper_controller_configuration/share/pal_gripper_controller_configuration/hook/cmake_prefix_path.dsv'
[2.054s] INFO:colcon.colcon_core.shell:Creating environment hook '/workspaces/TIAgo_humble/install/pal_gripper_controller_configuration/share/pal_gripper_controller_configuration/hook/cmake_prefix_path.sh'
[2.055s] Level 1:colcon.colcon_core.environment:checking '/workspaces/TIAgo_humble/install/pal_gripper_controller_configuration/bin'
[2.055s] Level 1:colcon.colcon_core.environment:checking '/workspaces/TIAgo_humble/install/pal_gripper_controller_configuration/lib/pkgconfig/pal_gripper_controller_configuration.pc'
[2.056s] Level 1:colcon.colcon_core.environment:checking '/workspaces/TIAgo_humble/install/pal_gripper_controller_configuration/lib/python3.10/site-packages'
[2.056s] Level 1:colcon.colcon_core.environment:checking '/workspaces/TIAgo_humble/install/pal_gripper_controller_configuration/bin'
[2.057s] INFO:colcon.colcon_core.shell:Creating package script '/workspaces/TIAgo_humble/install/pal_gripper_controller_configuration/share/pal_gripper_controller_configuration/package.ps1'
[2.058s] INFO:colcon.colcon_core.shell:Creating package descriptor '/workspaces/TIAgo_humble/install/pal_gripper_controller_configuration/share/pal_gripper_controller_configuration/package.dsv'
[2.059s] INFO:colcon.colcon_core.shell:Creating package script '/workspaces/TIAgo_humble/install/pal_gripper_controller_configuration/share/pal_gripper_controller_configuration/package.sh'
[2.059s] INFO:colcon.colcon_core.shell:Creating package script '/workspaces/TIAgo_humble/install/pal_gripper_controller_configuration/share/pal_gripper_controller_configuration/package.bash'
[2.060s] INFO:colcon.colcon_core.shell:Creating package script '/workspaces/TIAgo_humble/install/pal_gripper_controller_configuration/share/pal_gripper_controller_configuration/package.zsh'
[2.060s] Level 1:colcon.colcon_core.environment:create_file_with_runtime_dependencies(/workspaces/TIAgo_humble/install/pal_gripper_controller_configuration/share/colcon-core/packages/pal_gripper_controller_configuration)
[2.061s] Level 1:colcon.colcon_core.environment:create_environment_scripts_only(pal_gripper_controller_configuration)
[2.061s] Level 1:colcon.colcon_core.environment:checking '/workspaces/TIAgo_humble/install/pal_gripper_controller_configuration' for CMake module files
[2.062s] Level 1:colcon.colcon_core.environment:checking '/workspaces/TIAgo_humble/install/pal_gripper_controller_configuration' for CMake config files
[2.063s] Level 1:colcon.colcon_core.shell:create_environment_hook('pal_gripper_controller_configuration', 'cmake_prefix_path')
[2.063s] INFO:colcon.colcon_core.shell:Creating environment hook '/workspaces/TIAgo_humble/install/pal_gripper_controller_configuration/share/pal_gripper_controller_configuration/hook/cmake_prefix_path.ps1'
[2.063s] INFO:colcon.colcon_core.shell:Creating environment descriptor '/workspaces/TIAgo_humble/install/pal_gripper_controller_configuration/share/pal_gripper_controller_configuration/hook/cmake_prefix_path.dsv'
[2.064s] INFO:colcon.colcon_core.shell:Creating environment hook '/workspaces/TIAgo_humble/install/pal_gripper_controller_configuration/share/pal_gripper_controller_configuration/hook/cmake_prefix_path.sh'
[2.064s] Level 1:colcon.colcon_core.environment:checking '/workspaces/TIAgo_humble/install/pal_gripper_controller_configuration/bin'
[2.064s] Level 1:colcon.colcon_core.environment:checking '/workspaces/TIAgo_humble/install/pal_gripper_controller_configuration/lib/pkgconfig/pal_gripper_controller_configuration.pc'
[2.065s] Level 1:colcon.colcon_core.environment:checking '/workspaces/TIAgo_humble/install/pal_gripper_controller_configuration/lib/python3.10/site-packages'
[2.065s] Level 1:colcon.colcon_core.environment:checking '/workspaces/TIAgo_humble/install/pal_gripper_controller_configuration/bin'
[2.065s] INFO:colcon.colcon_core.shell:Creating package script '/workspaces/TIAgo_humble/install/pal_gripper_controller_configuration/share/pal_gripper_controller_configuration/package.ps1'
[2.067s] INFO:colcon.colcon_core.shell:Creating package descriptor '/workspaces/TIAgo_humble/install/pal_gripper_controller_configuration/share/pal_gripper_controller_configuration/package.dsv'
[2.067s] INFO:colcon.colcon_core.shell:Creating package script '/workspaces/TIAgo_humble/install/pal_gripper_controller_configuration/share/pal_gripper_controller_configuration/package.sh'
[2.068s] INFO:colcon.colcon_core.shell:Creating package script '/workspaces/TIAgo_humble/install/pal_gripper_controller_configuration/share/pal_gripper_controller_configuration/package.bash'
[2.069s] INFO:colcon.colcon_core.shell:Creating package script '/workspaces/TIAgo_humble/install/pal_gripper_controller_configuration/share/pal_gripper_controller_configuration/package.zsh'
[2.070s] Level 1:colcon.colcon_core.environment:create_file_with_runtime_dependencies(/workspaces/TIAgo_humble/install/pal_gripper_controller_configuration/share/colcon-core/packages/pal_gripper_controller_configuration)
[2.145s] Level 1:colcon.colcon_core.environment:create_environment_scripts_only(pal_maps)
[2.146s] Level 1:colcon.colcon_core.environment:checking '/workspaces/TIAgo_humble/install/pal_maps' for CMake module files
[2.146s] DEBUG:colcon.colcon_core.event_handler.log_command:Invoked command in '/workspaces/TIAgo_humble/build/pal_maps' returned '0': CMAKE_PREFIX_PATH=/opt/ros/humble /usr/bin/cmake --install /workspaces/TIAgo_humble/build/pal_maps
[2.147s] Level 1:colcon.colcon_core.environment:checking '/workspaces/TIAgo_humble/install/pal_maps' for CMake config files
[2.147s] Level 1:colcon.colcon_core.shell:create_environment_hook('pal_maps', 'cmake_prefix_path')
[2.148s] INFO:colcon.colcon_core.shell:Creating environment hook '/workspaces/TIAgo_humble/install/pal_maps/share/pal_maps/hook/cmake_prefix_path.ps1'
[2.148s] INFO:colcon.colcon_core.shell:Creating environment descriptor '/workspaces/TIAgo_humble/install/pal_maps/share/pal_maps/hook/cmake_prefix_path.dsv'
[2.148s] INFO:colcon.colcon_core.shell:Creating environment hook '/workspaces/TIAgo_humble/install/pal_maps/share/pal_maps/hook/cmake_prefix_path.sh'
[2.149s] Level 1:colcon.colcon_core.environment:checking '/workspaces/TIAgo_humble/install/pal_maps/bin'
[2.149s] Level 1:colcon.colcon_core.environment:checking '/workspaces/TIAgo_humble/install/pal_maps/lib/pkgconfig/pal_maps.pc'
[2.149s] Level 1:colcon.colcon_core.environment:checking '/workspaces/TIAgo_humble/install/pal_maps/lib/python3.10/site-packages'
[2.150s] Level 1:colcon.colcon_core.environment:checking '/workspaces/TIAgo_humble/install/pal_maps/bin'
[2.150s] INFO:colcon.colcon_core.shell:Creating package script '/workspaces/TIAgo_humble/install/pal_maps/share/pal_maps/package.ps1'
[2.150s] INFO:colcon.colcon_core.shell:Creating package descriptor '/workspaces/TIAgo_humble/install/pal_maps/share/pal_maps/package.dsv'
[2.151s] INFO:colcon.colcon_core.shell:Creating package script '/workspaces/TIAgo_humble/install/pal_maps/share/pal_maps/package.sh'
[2.151s] INFO:colcon.colcon_core.shell:Creating package script '/workspaces/TIAgo_humble/install/pal_maps/share/pal_maps/package.bash'
[2.151s] INFO:colcon.colcon_core.shell:Creating package script '/workspaces/TIAgo_humble/install/pal_maps/share/pal_maps/package.zsh'
[2.152s] Level 1:colcon.colcon_core.environment:create_file_with_runtime_dependencies(/workspaces/TIAgo_humble/install/pal_maps/share/colcon-core/packages/pal_maps)
[2.152s] Level 1:colcon.colcon_core.environment:create_environment_scripts_only(pal_maps)
[2.153s] Level 1:colcon.colcon_core.environment:checking '/workspaces/TIAgo_humble/install/pal_maps' for CMake module files
[2.153s] Level 1:colcon.colcon_core.environment:checking '/workspaces/TIAgo_humble/install/pal_maps' for CMake config files
[2.154s] Level 1:colcon.colcon_core.shell:create_environment_hook('pal_maps', 'cmake_prefix_path')
[2.154s] INFO:colcon.colcon_core.shell:Creating environment hook '/workspaces/TIAgo_humble/install/pal_maps/share/pal_maps/hook/cmake_prefix_path.ps1'
[2.155s] INFO:colcon.colcon_core.shell:Creating environment descriptor '/workspaces/TIAgo_humble/install/pal_maps/share/pal_maps/hook/cmake_prefix_path.dsv'
[2.155s] INFO:colcon.colcon_core.shell:Creating environment hook '/workspaces/TIAgo_humble/install/pal_maps/share/pal_maps/hook/cmake_prefix_path.sh'
[2.156s] Level 1:colcon.colcon_core.environment:checking '/workspaces/TIAgo_humble/install/pal_maps/bin'
[2.157s] Level 1:colcon.colcon_core.environment:checking '/workspaces/TIAgo_humble/install/pal_maps/lib/pkgconfig/pal_maps.pc'
[2.157s] Level 1:colcon.colcon_core.environment:checking '/workspaces/TIAgo_humble/install/pal_maps/lib/python3.10/site-packages'
[2.157s] Level 1:colcon.colcon_core.environment:checking '/workspaces/TIAgo_humble/install/pal_maps/bin'
[2.158s] INFO:colcon.colcon_core.shell:Creating package script '/workspaces/TIAgo_humble/install/pal_maps/share/pal_maps/package.ps1'
[2.159s] INFO:colcon.colcon_core.shell:Creating package descriptor '/workspaces/TIAgo_humble/install/pal_maps/share/pal_maps/package.dsv'
[2.160s] INFO:colcon.colcon_core.shell:Creating package script '/workspaces/TIAgo_humble/install/pal_maps/share/pal_maps/package.sh'
[2.160s] INFO:colcon.colcon_core.shell:Creating package script '/workspaces/TIAgo_humble/install/pal_maps/share/pal_maps/package.bash'
[2.160s] INFO:colcon.colcon_core.shell:Creating package script '/workspaces/TIAgo_humble/install/pal_maps/share/pal_maps/package.zsh'
[2.161s] Level 1:colcon.colcon_core.environment:create_file_with_runtime_dependencies(/workspaces/TIAgo_humble/install/pal_maps/share/colcon-core/packages/pal_maps)
[2.161s] INFO:colcon.colcon_ros.task.ament_cmake.build:Building ROS package in '/workspaces/TIAgo_humble/ros2_ws/src/pmb2_navigation/pmb2_2dnav' with build type 'ament_cmake'
[2.162s] INFO:colcon.colcon_cmake.task.cmake.build:Building CMake package in '/workspaces/TIAgo_humble/ros2_ws/src/pmb2_navigation/pmb2_2dnav'
[2.162s] INFO:colcon.colcon_core.shell:Skip shell extension 'powershell' for command environment: Not usable outside of PowerShell
[2.162s] DEBUG:colcon.colcon_core.shell:Skip shell extension 'dsv' for command environment
[2.174s] DEBUG:colcon.colcon_core.event_handler.log_command:Invoking command in '/workspaces/TIAgo_humble/build/pmb2_2dnav': AMENT_PREFIX_PATH=/workspaces/TIAgo_humble/install/pal_maps:/workspaces/TIAgo_humble/install/launch_pal:${AMENT_PREFIX_PATH} CMAKE_PREFIX_PATH=/workspaces/TIAgo_humble/install/pal_maps:/opt/ros/humble PYTHONPATH=/workspaces/TIAgo_humble/build/launch_pal:/workspaces/TIAgo_humble/install/launch_pal/lib/python3.10/site-packages:${PYTHONPATH} /usr/bin/cmake /workspaces/TIAgo_humble/ros2_ws/src/pmb2_navigation/pmb2_2dnav -DCMAKE_BUILD_TYPE=Release -DAMENT_CMAKE_SYMLINK_INSTALL=1 -DCMAKE_INSTALL_PREFIX=/workspaces/TIAgo_humble/install/pmb2_2dnav
[2.251s] Level 1:colcon.colcon_core.environment:create_environment_scripts_only(pal_robotiq_description)
[2.252s] Level 1:colcon.colcon_core.environment:checking '/workspaces/TIAgo_humble/install/pal_robotiq_description' for CMake module files
[2.252s] DEBUG:colcon.colcon_core.event_handler.log_command:Invoked command in '/workspaces/TIAgo_humble/build/pal_robotiq_description' returned '0': CMAKE_PREFIX_PATH=/opt/ros/humble /usr/bin/cmake --install /workspaces/TIAgo_humble/build/pal_robotiq_description
[2.253s] Level 1:colcon.colcon_core.environment:checking '/workspaces/TIAgo_humble/install/pal_robotiq_description' for CMake config files
[2.253s] Level 1:colcon.colcon_core.shell:create_environment_hook('pal_robotiq_description', 'cmake_prefix_path')
[2.253s] INFO:colcon.colcon_core.shell:Creating environment hook '/workspaces/TIAgo_humble/install/pal_robotiq_description/share/pal_robotiq_description/hook/cmake_prefix_path.ps1'
[2.254s] INFO:colcon.colcon_core.shell:Creating environment descriptor '/workspaces/TIAgo_humble/install/pal_robotiq_description/share/pal_robotiq_description/hook/cmake_prefix_path.dsv'
[2.255s] INFO:colcon.colcon_core.shell:Creating environment hook '/workspaces/TIAgo_humble/install/pal_robotiq_description/share/pal_robotiq_description/hook/cmake_prefix_path.sh'
[2.255s] Level 1:colcon.colcon_core.environment:checking '/workspaces/TIAgo_humble/install/pal_robotiq_description/bin'
[2.256s] Level 1:colcon.colcon_core.environment:checking '/workspaces/TIAgo_humble/install/pal_robotiq_description/lib/pkgconfig/pal_robotiq_description.pc'
[2.256s] Level 1:colcon.colcon_core.environment:checking '/workspaces/TIAgo_humble/install/pal_robotiq_description/lib/python3.10/site-packages'
[2.256s] Level 1:colcon.colcon_core.environment:checking '/workspaces/TIAgo_humble/install/pal_robotiq_description/bin'
[2.257s] INFO:colcon.colcon_core.shell:Creating package script '/workspaces/TIAgo_humble/install/pal_robotiq_description/share/pal_robotiq_description/package.ps1'
[2.259s] INFO:colcon.colcon_core.shell:Creating package descriptor '/workspaces/TIAgo_humble/install/pal_robotiq_description/share/pal_robotiq_description/package.dsv'
[2.259s] INFO:colcon.colcon_core.shell:Creating package script '/workspaces/TIAgo_humble/install/pal_robotiq_description/share/pal_robotiq_description/package.sh'
[2.260s] INFO:colcon.colcon_core.shell:Creating package script '/workspaces/TIAgo_humble/install/pal_robotiq_description/share/pal_robotiq_description/package.bash'
[2.260s] INFO:colcon.colcon_core.shell:Creating package script '/workspaces/TIAgo_humble/install/pal_robotiq_description/share/pal_robotiq_description/package.zsh'
[2.262s] Level 1:colcon.colcon_core.environment:create_file_with_runtime_dependencies(/workspaces/TIAgo_humble/install/pal_robotiq_description/share/colcon-core/packages/pal_robotiq_description)
[2.263s] Level 1:colcon.colcon_core.environment:create_environment_scripts_only(pal_robotiq_description)
[2.263s] Level 1:colcon.colcon_core.environment:checking '/workspaces/TIAgo_humble/install/pal_robotiq_description' for CMake module files
[2.264s] Level 1:colcon.colcon_core.environment:checking '/workspaces/TIAgo_humble/install/pal_robotiq_description' for CMake config files
[2.264s] Level 1:colcon.colcon_core.shell:create_environment_hook('pal_robotiq_description', 'cmake_prefix_path')
[2.264s] INFO:colcon.colcon_core.shell:Creating environment hook '/workspaces/TIAgo_humble/install/pal_robotiq_description/share/pal_robotiq_description/hook/cmake_prefix_path.ps1'
[2.265s] INFO:colcon.colcon_core.shell:Creating environment descriptor '/workspaces/TIAgo_humble/install/pal_robotiq_description/share/pal_robotiq_description/hook/cmake_prefix_path.dsv'
[2.265s] INFO:colcon.colcon_core.shell:Creating environment hook '/workspaces/TIAgo_humble/install/pal_robotiq_description/share/pal_robotiq_description/hook/cmake_prefix_path.sh'
[2.266s] Level 1:colcon.colcon_core.environment:checking '/workspaces/TIAgo_humble/install/pal_robotiq_description/bin'
[2.266s] Level 1:colcon.colcon_core.environment:checking '/workspaces/TIAgo_humble/install/pal_robotiq_description/lib/pkgconfig/pal_robotiq_description.pc'
[2.266s] Level 1:colcon.colcon_core.environment:checking '/workspaces/TIAgo_humble/install/pal_robotiq_description/lib/python3.10/site-packages'
[2.267s] Level 1:colcon.colcon_core.environment:checking '/workspaces/TIAgo_humble/install/pal_robotiq_description/bin'
[2.267s] INFO:colcon.colcon_core.shell:Creating package script '/workspaces/TIAgo_humble/install/pal_robotiq_description/share/pal_robotiq_description/package.ps1'
[2.268s] INFO:colcon.colcon_core.shell:Creating package descriptor '/workspaces/TIAgo_humble/install/pal_robotiq_description/share/pal_robotiq_description/package.dsv'
[2.269s] INFO:colcon.colcon_core.shell:Creating package script '/workspaces/TIAgo_humble/install/pal_robotiq_description/share/pal_robotiq_description/package.sh'
[2.270s] INFO:colcon.colcon_core.shell:Creating package script '/workspaces/TIAgo_humble/install/pal_robotiq_description/share/pal_robotiq_description/package.bash'
[2.271s] INFO:colcon.colcon_core.shell:Creating package script '/workspaces/TIAgo_humble/install/pal_robotiq_description/share/pal_robotiq_description/package.zsh'
[2.271s] Level 1:colcon.colcon_core.environment:create_file_with_runtime_dependencies(/workspaces/TIAgo_humble/install/pal_robotiq_description/share/colcon-core/packages/pal_robotiq_description)
[2.272s] INFO:colcon.colcon_ros.task.ament_cmake.build:Building ROS package in '/workspaces/TIAgo_humble/ros2_ws/src/pal_robotiq_gripper/pal_robotiq_gripper' with build type 'ament_cmake'
[2.272s] INFO:colcon.colcon_cmake.task.cmake.build:Building CMake package in '/workspaces/TIAgo_humble/ros2_ws/src/pal_robotiq_gripper/pal_robotiq_gripper'
[2.273s] INFO:colcon.colcon_core.shell:Skip shell extension 'powershell' for command environment: Not usable outside of PowerShell
[2.273s] DEBUG:colcon.colcon_core.shell:Skip shell extension 'dsv' for command environment
[2.287s] DEBUG:colcon.colcon_core.event_handler.log_command:Invoking command in '/workspaces/TIAgo_humble/build/pal_robotiq_gripper': AMENT_PREFIX_PATH=/workspaces/TIAgo_humble/install/pal_robotiq_description:/workspaces/TIAgo_humble/install/pal_robotiq_controller_configuration:${AMENT_PREFIX_PATH} CMAKE_PREFIX_PATH=/workspaces/TIAgo_humble/install/pal_robotiq_description:/workspaces/TIAgo_humble/install/pal_robotiq_controller_configuration:/opt/ros/humble /usr/bin/cmake /workspaces/TIAgo_humble/ros2_ws/src/pal_robotiq_gripper/pal_robotiq_gripper -DCMAKE_BUILD_TYPE=Release -DAMENT_CMAKE_SYMLINK_INSTALL=1 -DCMAKE_INSTALL_PREFIX=/workspaces/TIAgo_humble/install/pal_robotiq_gripper
[2.634s] Level 1:colcon.colcon_core.environment:create_environment_scripts_only(pal_urdf_utils)
[2.635s] Level 1:colcon.colcon_core.environment:checking '/workspaces/TIAgo_humble/install/pal_urdf_utils' for CMake module files
[2.635s] DEBUG:colcon.colcon_core.event_handler.log_command:Invoked command in '/workspaces/TIAgo_humble/build/pal_urdf_utils' returned '0': CMAKE_PREFIX_PATH=/opt/ros/humble /usr/bin/cmake --install /workspaces/TIAgo_humble/build/pal_urdf_utils
[2.635s] Level 1:colcon.colcon_core.environment:checking '/workspaces/TIAgo_humble/install/pal_urdf_utils' for CMake config files
[2.636s] Level 1:colcon.colcon_core.shell:create_environment_hook('pal_urdf_utils', 'cmake_prefix_path')
[2.636s] INFO:colcon.colcon_core.shell:Creating environment hook '/workspaces/TIAgo_humble/install/pal_urdf_utils/share/pal_urdf_utils/hook/cmake_prefix_path.ps1'
[2.636s] INFO:colcon.colcon_core.shell:Creating environment descriptor '/workspaces/TIAgo_humble/install/pal_urdf_utils/share/pal_urdf_utils/hook/cmake_prefix_path.dsv'
[2.637s] INFO:colcon.colcon_core.shell:Creating environment hook '/workspaces/TIAgo_humble/install/pal_urdf_utils/share/pal_urdf_utils/hook/cmake_prefix_path.sh'
[2.637s] Level 1:colcon.colcon_core.environment:checking '/workspaces/TIAgo_humble/install/pal_urdf_utils/bin'
[2.637s] Level 1:colcon.colcon_core.environment:checking '/workspaces/TIAgo_humble/install/pal_urdf_utils/lib/pkgconfig/pal_urdf_utils.pc'
[2.638s] Level 1:colcon.colcon_core.environment:checking '/workspaces/TIAgo_humble/install/pal_urdf_utils/lib/python3.10/site-packages'
[2.638s] Level 1:colcon.colcon_core.environment:checking '/workspaces/TIAgo_humble/install/pal_urdf_utils/bin'
[2.638s] INFO:colcon.colcon_core.shell:Creating package script '/workspaces/TIAgo_humble/install/pal_urdf_utils/share/pal_urdf_utils/package.ps1'
[2.639s] INFO:colcon.colcon_core.shell:Creating package descriptor '/workspaces/TIAgo_humble/install/pal_urdf_utils/share/pal_urdf_utils/package.dsv'
[2.639s] INFO:colcon.colcon_core.shell:Creating package script '/workspaces/TIAgo_humble/install/pal_urdf_utils/share/pal_urdf_utils/package.sh'
[2.639s] INFO:colcon.colcon_core.shell:Creating package script '/workspaces/TIAgo_humble/install/pal_urdf_utils/share/pal_urdf_utils/package.bash'
[2.640s] INFO:colcon.colcon_core.shell:Creating package script '/workspaces/TIAgo_humble/install/pal_urdf_utils/share/pal_urdf_utils/package.zsh'
[2.640s] Level 1:colcon.colcon_core.environment:create_file_with_runtime_dependencies(/workspaces/TIAgo_humble/install/pal_urdf_utils/share/colcon-core/packages/pal_urdf_utils)
[2.640s] Level 1:colcon.colcon_core.environment:create_environment_scripts_only(pal_urdf_utils)
[2.641s] Level 1:colcon.colcon_core.environment:checking '/workspaces/TIAgo_humble/install/pal_urdf_utils' for CMake module files
[2.641s] Level 1:colcon.colcon_core.environment:checking '/workspaces/TIAgo_humble/install/pal_urdf_utils' for CMake config files
[2.642s] Level 1:colcon.colcon_core.shell:create_environment_hook('pal_urdf_utils', 'cmake_prefix_path')
[2.642s] INFO:colcon.colcon_core.shell:Creating environment hook '/workspaces/TIAgo_humble/install/pal_urdf_utils/share/pal_urdf_utils/hook/cmake_prefix_path.ps1'
[2.642s] INFO:colcon.colcon_core.shell:Creating environment descriptor '/workspaces/TIAgo_humble/install/pal_urdf_utils/share/pal_urdf_utils/hook/cmake_prefix_path.dsv'
[2.642s] INFO:colcon.colcon_core.shell:Creating environment hook '/workspaces/TIAgo_humble/install/pal_urdf_utils/share/pal_urdf_utils/hook/cmake_prefix_path.sh'
[2.643s] Level 1:colcon.colcon_core.environment:checking '/workspaces/TIAgo_humble/install/pal_urdf_utils/bin'
[2.643s] Level 1:colcon.colcon_core.environment:checking '/workspaces/TIAgo_humble/install/pal_urdf_utils/lib/pkgconfig/pal_urdf_utils.pc'
[2.643s] Level 1:colcon.colcon_core.environment:checking '/workspaces/TIAgo_humble/install/pal_urdf_utils/lib/python3.10/site-packages'
[2.644s] Level 1:colcon.colcon_core.environment:checking '/workspaces/TIAgo_humble/install/pal_urdf_utils/bin'
[2.644s] INFO:colcon.colcon_core.shell:Creating package script '/workspaces/TIAgo_humble/install/pal_urdf_utils/share/pal_urdf_utils/package.ps1'
[2.644s] INFO:colcon.colcon_core.shell:Creating package descriptor '/workspaces/TIAgo_humble/install/pal_urdf_utils/share/pal_urdf_utils/package.dsv'
[2.645s] INFO:colcon.colcon_core.shell:Creating package script '/workspaces/TIAgo_humble/install/pal_urdf_utils/share/pal_urdf_utils/package.sh'
[2.645s] INFO:colcon.colcon_core.shell:Creating package script '/workspaces/TIAgo_humble/install/pal_urdf_utils/share/pal_urdf_utils/package.bash'
[2.646s] INFO:colcon.colcon_core.shell:Creating package script '/workspaces/TIAgo_humble/install/pal_urdf_utils/share/pal_urdf_utils/package.zsh'
[2.646s] Level 1:colcon.colcon_core.environment:create_file_with_runtime_dependencies(/workspaces/TIAgo_humble/install/pal_urdf_utils/share/colcon-core/packages/pal_urdf_utils)
[2.647s] INFO:colcon.colcon_ros.task.ament_cmake.build:Building ROS package in '/workspaces/TIAgo_humble/ros2_ws/src/omni_base_robot/omni_base_description' with build type 'ament_cmake'
[2.647s] INFO:colcon.colcon_cmake.task.cmake.build:Building CMake package in '/workspaces/TIAgo_humble/ros2_ws/src/omni_base_robot/omni_base_description'
[2.647s] INFO:colcon.colcon_core.shell:Skip shell extension 'powershell' for command environment: Not usable outside of PowerShell
[2.647s] DEBUG:colcon.colcon_core.shell:Skip shell extension 'dsv' for command environment
[2.652s] INFO:colcon.colcon_ros.task.ament_cmake.build:Building ROS package in '/workspaces/TIAgo_humble/ros2_ws/src/pal_gripper/pal_gripper_description' with build type 'ament_cmake'
[2.652s] INFO:colcon.colcon_cmake.task.cmake.build:Building CMake package in '/workspaces/TIAgo_humble/ros2_ws/src/pal_gripper/pal_gripper_description'
[2.652s] INFO:colcon.colcon_core.shell:Skip shell extension 'powershell' for command environment: Not usable outside of PowerShell
[2.652s] DEBUG:colcon.colcon_core.shell:Skip shell extension 'dsv' for command environment
[2.656s] INFO:colcon.colcon_ros.task.ament_cmake.build:Building ROS package in '/workspaces/TIAgo_humble/ros2_ws/src/pmb2_robot/pmb2_description' with build type 'ament_cmake'
[2.656s] INFO:colcon.colcon_cmake.task.cmake.build:Building CMake package in '/workspaces/TIAgo_humble/ros2_ws/src/pmb2_robot/pmb2_description'
[2.656s] INFO:colcon.colcon_core.shell:Skip shell extension 'powershell' for command environment: Not usable outside of PowerShell
[2.656s] DEBUG:colcon.colcon_core.shell:Skip shell extension 'dsv' for command environment
[2.660s] INFO:colcon.colcon_ros.task.ament_cmake.build:Building ROS package in '/workspaces/TIAgo_humble/ros2_ws/src/pal_hey5/pal_hey5_description' with build type 'ament_cmake'
[2.661s] INFO:colcon.colcon_cmake.task.cmake.build:Building CMake package in '/workspaces/TIAgo_humble/ros2_ws/src/pal_hey5/pal_hey5_description'
[2.661s] INFO:colcon.colcon_core.shell:Skip shell extension 'powershell' for command environment: Not usable outside of PowerShell
[2.661s] DEBUG:colcon.colcon_core.shell:Skip shell extension 'dsv' for command environment
[2.668s] DEBUG:colcon.colcon_core.event_handler.log_command:Invoking command in '/workspaces/TIAgo_humble/build/omni_base_description': AMENT_PREFIX_PATH=/workspaces/TIAgo_humble/install/pal_urdf_utils:/workspaces/TIAgo_humble/install/launch_pal:${AMENT_PREFIX_PATH} CMAKE_PREFIX_PATH=/workspaces/TIAgo_humble/install/pal_urdf_utils:/opt/ros/humble PYTHONPATH=/workspaces/TIAgo_humble/build/launch_pal:/workspaces/TIAgo_humble/install/launch_pal/lib/python3.10/site-packages:${PYTHONPATH} /usr/bin/cmake /workspaces/TIAgo_humble/ros2_ws/src/omni_base_robot/omni_base_description -DCMAKE_BUILD_TYPE=Release -DAMENT_CMAKE_SYMLINK_INSTALL=1 -DCMAKE_INSTALL_PREFIX=/workspaces/TIAgo_humble/install/omni_base_description
[2.670s] DEBUG:colcon.colcon_core.event_handler.log_command:Invoking command in '/workspaces/TIAgo_humble/build/pal_gripper_description': AMENT_PREFIX_PATH=/workspaces/TIAgo_humble/install/pal_urdf_utils:${AMENT_PREFIX_PATH} CMAKE_PREFIX_PATH=/workspaces/TIAgo_humble/install/pal_urdf_utils:/opt/ros/humble /usr/bin/cmake /workspaces/TIAgo_humble/ros2_ws/src/pal_gripper/pal_gripper_description -DCMAKE_BUILD_TYPE=Release -DAMENT_CMAKE_SYMLINK_INSTALL=1 -DCMAKE_INSTALL_PREFIX=/workspaces/TIAgo_humble/install/pal_gripper_description
[2.672s] DEBUG:colcon.colcon_core.event_handler.log_command:Invoking command in '/workspaces/TIAgo_humble/build/pmb2_description': AMENT_PREFIX_PATH=/workspaces/TIAgo_humble/install/pal_urdf_utils:/workspaces/TIAgo_humble/install/launch_pal:${AMENT_PREFIX_PATH} CMAKE_PREFIX_PATH=/workspaces/TIAgo_humble/install/pal_urdf_utils:/opt/ros/humble PYTHONPATH=/workspaces/TIAgo_humble/build/launch_pal:/workspaces/TIAgo_humble/install/launch_pal/lib/python3.10/site-packages:${PYTHONPATH} /usr/bin/cmake /workspaces/TIAgo_humble/ros2_ws/src/pmb2_robot/pmb2_description -DCMAKE_BUILD_TYPE=Release -DAMENT_CMAKE_SYMLINK_INSTALL=1 -DCMAKE_INSTALL_PREFIX=/workspaces/TIAgo_humble/install/pmb2_description
[2.675s] DEBUG:colcon.colcon_core.event_handler.log_command:Invoking command in '/workspaces/TIAgo_humble/build/pal_hey5_description': AMENT_PREFIX_PATH=/workspaces/TIAgo_humble/install/pal_urdf_utils:${AMENT_PREFIX_PATH} CMAKE_PREFIX_PATH=/workspaces/TIAgo_humble/install/pal_urdf_utils:/opt/ros/humble /usr/bin/cmake /workspaces/TIAgo_humble/ros2_ws/src/pal_hey5/pal_hey5_description -DCMAKE_BUILD_TYPE=Release -DAMENT_CMAKE_SYMLINK_INSTALL=1 -DCMAKE_INSTALL_PREFIX=/workspaces/TIAgo_humble/install/pal_hey5_description
[2.837s] DEBUG:colcon.colcon_core.event_handler.log_command:Invoked command in '/workspaces/TIAgo_humble/build/tiago_laser_sensors' returned '0': AMENT_PREFIX_PATH=/workspaces/TIAgo_humble/install/pmb2_laser_sensors:${AMENT_PREFIX_PATH} CMAKE_PREFIX_PATH=/workspaces/TIAgo_humble/install/pmb2_laser_sensors:/opt/ros/humble /usr/bin/cmake /workspaces/TIAgo_humble/ros2_ws/src/tiago_navigation/tiago_laser_sensors -DCMAKE_BUILD_TYPE=Release -DAMENT_CMAKE_SYMLINK_INSTALL=1 -DCMAKE_INSTALL_PREFIX=/workspaces/TIAgo_humble/install/tiago_laser_sensors
[2.839s] DEBUG:colcon.colcon_core.event_handler.log_command:Invoking command in '/workspaces/TIAgo_humble/build/tiago_laser_sensors': AMENT_PREFIX_PATH=/workspaces/TIAgo_humble/install/pmb2_laser_sensors:${AMENT_PREFIX_PATH} CMAKE_PREFIX_PATH=/workspaces/TIAgo_humble/install/pmb2_laser_sensors:/opt/ros/humble /usr/bin/cmake --build /workspaces/TIAgo_humble/build/tiago_laser_sensors -- -j24 -l24
[2.841s] DEBUG:colcon.colcon_core.event_handler.log_command:Invoked command in '/workspaces/TIAgo_humble/build/pmb2_controller_configuration' returned '0': AMENT_PREFIX_PATH=/workspaces/TIAgo_humble/install/launch_pal:${AMENT_PREFIX_PATH} CMAKE_PREFIX_PATH=/opt/ros/humble PYTHONPATH=/workspaces/TIAgo_humble/build/launch_pal:/workspaces/TIAgo_humble/install/launch_pal/lib/python3.10/site-packages:${PYTHONPATH} /usr/bin/cmake /workspaces/TIAgo_humble/ros2_ws/src/pmb2_robot/pmb2_controller_configuration -DCMAKE_BUILD_TYPE=Release -DAMENT_CMAKE_SYMLINK_INSTALL=1 -DCMAKE_INSTALL_PREFIX=/workspaces/TIAgo_humble/install/pmb2_controller_configuration
[2.843s] DEBUG:colcon.colcon_core.event_handler.log_command:Invoking command in '/workspaces/TIAgo_humble/build/pmb2_controller_configuration': AMENT_PREFIX_PATH=/workspaces/TIAgo_humble/install/launch_pal:${AMENT_PREFIX_PATH} CMAKE_PREFIX_PATH=/opt/ros/humble PYTHONPATH=/workspaces/TIAgo_humble/build/launch_pal:/workspaces/TIAgo_humble/install/launch_pal/lib/python3.10/site-packages:${PYTHONPATH} /usr/bin/cmake --build /workspaces/TIAgo_humble/build/pmb2_controller_configuration -- -j24 -l24
[2.853s] DEBUG:colcon.colcon_core.event_handler.log_command:Invoked command in '/workspaces/TIAgo_humble/build/pmb2_rgbd_sensors' returned '0': AMENT_PREFIX_PATH=/workspaces/TIAgo_humble/install/launch_pal:${AMENT_PREFIX_PATH} CMAKE_PREFIX_PATH=/opt/ros/humble PYTHONPATH=/workspaces/TIAgo_humble/build/launch_pal:/workspaces/TIAgo_humble/install/launch_pal/lib/python3.10/site-packages:${PYTHONPATH} /usr/bin/cmake /workspaces/TIAgo_humble/ros2_ws/src/pmb2_navigation/pmb2_rgbd_sensors -DCMAKE_BUILD_TYPE=Release -DAMENT_CMAKE_SYMLINK_INSTALL=1 -DCMAKE_INSTALL_PREFIX=/workspaces/TIAgo_humble/install/pmb2_rgbd_sensors
[2.855s] DEBUG:colcon.colcon_core.event_handler.log_command:Invoking command in '/workspaces/TIAgo_humble/build/pmb2_rgbd_sensors': AMENT_PREFIX_PATH=/workspaces/TIAgo_humble/install/launch_pal:${AMENT_PREFIX_PATH} CMAKE_PREFIX_PATH=/opt/ros/humble PYTHONPATH=/workspaces/TIAgo_humble/build/launch_pal:/workspaces/TIAgo_humble/install/launch_pal/lib/python3.10/site-packages:${PYTHONPATH} /usr/bin/cmake --build /workspaces/TIAgo_humble/build/pmb2_rgbd_sensors -- -j24 -l24
[2.882s] DEBUG:colcon.colcon_core.event_handler.log_command:Invoked command in '/workspaces/TIAgo_humble/build/tiago_laser_sensors' returned '0': AMENT_PREFIX_PATH=/workspaces/TIAgo_humble/install/pmb2_laser_sensors:${AMENT_PREFIX_PATH} CMAKE_PREFIX_PATH=/workspaces/TIAgo_humble/install/pmb2_laser_sensors:/opt/ros/humble /usr/bin/cmake --build /workspaces/TIAgo_humble/build/tiago_laser_sensors -- -j24 -l24
[2.883s] DEBUG:colcon.colcon_core.event_handler.log_command:Invoking command in '/workspaces/TIAgo_humble/build/tiago_laser_sensors': AMENT_PREFIX_PATH=/workspaces/TIAgo_humble/install/pmb2_laser_sensors:${AMENT_PREFIX_PATH} CMAKE_PREFIX_PATH=/workspaces/TIAgo_humble/install/pmb2_laser_sensors:/opt/ros/humble /usr/bin/cmake --install /workspaces/TIAgo_humble/build/tiago_laser_sensors
[2.886s] DEBUG:colcon.colcon_core.event_handler.log_command:Invoked command in '/workspaces/TIAgo_humble/build/pmb2_controller_configuration' returned '0': AMENT_PREFIX_PATH=/workspaces/TIAgo_humble/install/launch_pal:${AMENT_PREFIX_PATH} CMAKE_PREFIX_PATH=/opt/ros/humble PYTHONPATH=/workspaces/TIAgo_humble/build/launch_pal:/workspaces/TIAgo_humble/install/launch_pal/lib/python3.10/site-packages:${PYTHONPATH} /usr/bin/cmake --build /workspaces/TIAgo_humble/build/pmb2_controller_configuration -- -j24 -l24
[2.888s] DEBUG:colcon.colcon_core.event_handler.log_command:Invoking command in '/workspaces/TIAgo_humble/build/pmb2_controller_configuration': AMENT_PREFIX_PATH=/workspaces/TIAgo_humble/install/launch_pal:${AMENT_PREFIX_PATH} CMAKE_PREFIX_PATH=/opt/ros/humble PYTHONPATH=/workspaces/TIAgo_humble/build/launch_pal:/workspaces/TIAgo_humble/install/launch_pal/lib/python3.10/site-packages:${PYTHONPATH} /usr/bin/cmake --install /workspaces/TIAgo_humble/build/pmb2_controller_configuration
[2.899s] DEBUG:colcon.colcon_core.event_handler.log_command:Invoked command in '/workspaces/TIAgo_humble/build/pmb2_rgbd_sensors' returned '0': AMENT_PREFIX_PATH=/workspaces/TIAgo_humble/install/launch_pal:${AMENT_PREFIX_PATH} CMAKE_PREFIX_PATH=/opt/ros/humble PYTHONPATH=/workspaces/TIAgo_humble/build/launch_pal:/workspaces/TIAgo_humble/install/launch_pal/lib/python3.10/site-packages:${PYTHONPATH} /usr/bin/cmake --build /workspaces/TIAgo_humble/build/pmb2_rgbd_sensors -- -j24 -l24
[2.902s] DEBUG:colcon.colcon_core.event_handler.log_command:Invoking command in '/workspaces/TIAgo_humble/build/pmb2_rgbd_sensors': AMENT_PREFIX_PATH=/workspaces/TIAgo_humble/install/launch_pal:${AMENT_PREFIX_PATH} CMAKE_PREFIX_PATH=/opt/ros/humble PYTHONPATH=/workspaces/TIAgo_humble/build/launch_pal:/workspaces/TIAgo_humble/install/launch_pal/lib/python3.10/site-packages:${PYTHONPATH} /usr/bin/cmake --install /workspaces/TIAgo_humble/build/pmb2_rgbd_sensors
[2.951s] DEBUG:colcon.colcon_core.event_handler.log_command:Invoked command in '/workspaces/TIAgo_humble/build/pal_gazebo_worlds' returned '0': AMENT_PREFIX_PATH=/workspaces/TIAgo_humble/install/launch_pal:${AMENT_PREFIX_PATH} CMAKE_PREFIX_PATH=/opt/ros/humble PYTHONPATH=/workspaces/TIAgo_humble/build/launch_pal:/workspaces/TIAgo_humble/install/launch_pal/lib/python3.10/site-packages:${PYTHONPATH} /usr/bin/cmake /workspaces/TIAgo_humble/ros2_ws/src/pal_gazebo_worlds -DCMAKE_BUILD_TYPE=Release -DAMENT_CMAKE_SYMLINK_INSTALL=1 -DCMAKE_INSTALL_PREFIX=/workspaces/TIAgo_humble/install/pal_gazebo_worlds
[2.951s] DEBUG:colcon.colcon_core.event_handler.log_command:Invoking command in '/workspaces/TIAgo_humble/build/pal_gazebo_worlds': AMENT_PREFIX_PATH=/workspaces/TIAgo_humble/install/launch_pal:${AMENT_PREFIX_PATH} CMAKE_PREFIX_PATH=/opt/ros/humble PYTHONPATH=/workspaces/TIAgo_humble/build/launch_pal:/workspaces/TIAgo_humble/install/launch_pal/lib/python3.10/site-packages:${PYTHONPATH} /usr/bin/cmake --build /workspaces/TIAgo_humble/build/pal_gazebo_worlds -- -j24 -l24
[2.997s] DEBUG:colcon.colcon_core.event_handler.log_command:Invoked command in '/workspaces/TIAgo_humble/build/pal_gazebo_worlds' returned '0': AMENT_PREFIX_PATH=/workspaces/TIAgo_humble/install/launch_pal:${AMENT_PREFIX_PATH} CMAKE_PREFIX_PATH=/opt/ros/humble PYTHONPATH=/workspaces/TIAgo_humble/build/launch_pal:/workspaces/TIAgo_humble/install/launch_pal/lib/python3.10/site-packages:${PYTHONPATH} /usr/bin/cmake --build /workspaces/TIAgo_humble/build/pal_gazebo_worlds -- -j24 -l24
[3.000s] DEBUG:colcon.colcon_core.event_handler.log_command:Invoking command in '/workspaces/TIAgo_humble/build/pal_gazebo_worlds': AMENT_PREFIX_PATH=/workspaces/TIAgo_humble/install/launch_pal:${AMENT_PREFIX_PATH} CMAKE_PREFIX_PATH=/opt/ros/humble PYTHONPATH=/workspaces/TIAgo_humble/build/launch_pal:/workspaces/TIAgo_humble/install/launch_pal/lib/python3.10/site-packages:${PYTHONPATH} /usr/bin/cmake --install /workspaces/TIAgo_humble/build/pal_gazebo_worlds
[3.001s] DEBUG:colcon.colcon_core.event_handler.log_command:Invoked command in '/workspaces/TIAgo_humble/build/pmb2_2dnav' returned '0': AMENT_PREFIX_PATH=/workspaces/TIAgo_humble/install/pal_maps:/workspaces/TIAgo_humble/install/launch_pal:${AMENT_PREFIX_PATH} CMAKE_PREFIX_PATH=/workspaces/TIAgo_humble/install/pal_maps:/opt/ros/humble PYTHONPATH=/workspaces/TIAgo_humble/build/launch_pal:/workspaces/TIAgo_humble/install/launch_pal/lib/python3.10/site-packages:${PYTHONPATH} /usr/bin/cmake /workspaces/TIAgo_humble/ros2_ws/src/pmb2_navigation/pmb2_2dnav -DCMAKE_BUILD_TYPE=Release -DAMENT_CMAKE_SYMLINK_INSTALL=1 -DCMAKE_INSTALL_PREFIX=/workspaces/TIAgo_humble/install/pmb2_2dnav
[3.002s] DEBUG:colcon.colcon_core.event_handler.log_command:Invoking command in '/workspaces/TIAgo_humble/build/pmb2_2dnav': AMENT_PREFIX_PATH=/workspaces/TIAgo_humble/install/pal_maps:/workspaces/TIAgo_humble/install/launch_pal:${AMENT_PREFIX_PATH} CMAKE_PREFIX_PATH=/workspaces/TIAgo_humble/install/pal_maps:/opt/ros/humble PYTHONPATH=/workspaces/TIAgo_humble/build/launch_pal:/workspaces/TIAgo_humble/install/launch_pal/lib/python3.10/site-packages:${PYTHONPATH} /usr/bin/cmake --build /workspaces/TIAgo_humble/build/pmb2_2dnav -- -j24 -l24
[3.047s] DEBUG:colcon.colcon_core.event_handler.log_command:Invoked command in '/workspaces/TIAgo_humble/build/pmb2_2dnav' returned '0': AMENT_PREFIX_PATH=/workspaces/TIAgo_humble/install/pal_maps:/workspaces/TIAgo_humble/install/launch_pal:${AMENT_PREFIX_PATH} CMAKE_PREFIX_PATH=/workspaces/TIAgo_humble/install/pal_maps:/opt/ros/humble PYTHONPATH=/workspaces/TIAgo_humble/build/launch_pal:/workspaces/TIAgo_humble/install/launch_pal/lib/python3.10/site-packages:${PYTHONPATH} /usr/bin/cmake --build /workspaces/TIAgo_humble/build/pmb2_2dnav -- -j24 -l24
[3.049s] DEBUG:colcon.colcon_core.event_handler.log_command:Invoking command in '/workspaces/TIAgo_humble/build/pmb2_2dnav': AMENT_PREFIX_PATH=/workspaces/TIAgo_humble/install/pal_maps:/workspaces/TIAgo_humble/install/launch_pal:${AMENT_PREFIX_PATH} CMAKE_PREFIX_PATH=/workspaces/TIAgo_humble/install/pal_maps:/opt/ros/humble PYTHONPATH=/workspaces/TIAgo_humble/build/launch_pal:/workspaces/TIAgo_humble/install/launch_pal/lib/python3.10/site-packages:${PYTHONPATH} /usr/bin/cmake --install /workspaces/TIAgo_humble/build/pmb2_2dnav
[3.050s] Level 1:colcon.colcon_core.environment:create_environment_scripts_only(tiago_laser_sensors)
[3.050s] Level 1:colcon.colcon_core.environment:checking '/workspaces/TIAgo_humble/install/tiago_laser_sensors' for CMake module files
[3.051s] DEBUG:colcon.colcon_core.event_handler.log_command:Invoked command in '/workspaces/TIAgo_humble/build/tiago_laser_sensors' returned '0': AMENT_PREFIX_PATH=/workspaces/TIAgo_humble/install/pmb2_laser_sensors:${AMENT_PREFIX_PATH} CMAKE_PREFIX_PATH=/workspaces/TIAgo_humble/install/pmb2_laser_sensors:/opt/ros/humble /usr/bin/cmake --install /workspaces/TIAgo_humble/build/tiago_laser_sensors
[3.051s] Level 1:colcon.colcon_core.environment:checking '/workspaces/TIAgo_humble/install/tiago_laser_sensors' for CMake config files
[3.051s] Level 1:colcon.colcon_core.shell:create_environment_hook('tiago_laser_sensors', 'cmake_prefix_path')
[3.051s] INFO:colcon.colcon_core.shell:Creating environment hook '/workspaces/TIAgo_humble/install/tiago_laser_sensors/share/tiago_laser_sensors/hook/cmake_prefix_path.ps1'
[3.052s] INFO:colcon.colcon_core.shell:Creating environment descriptor '/workspaces/TIAgo_humble/install/tiago_laser_sensors/share/tiago_laser_sensors/hook/cmake_prefix_path.dsv'
[3.052s] INFO:colcon.colcon_core.shell:Creating environment hook '/workspaces/TIAgo_humble/install/tiago_laser_sensors/share/tiago_laser_sensors/hook/cmake_prefix_path.sh'
[3.053s] Level 1:colcon.colcon_core.environment:checking '/workspaces/TIAgo_humble/install/tiago_laser_sensors/bin'
[3.053s] Level 1:colcon.colcon_core.environment:checking '/workspaces/TIAgo_humble/install/tiago_laser_sensors/lib/pkgconfig/tiago_laser_sensors.pc'
[3.053s] Level 1:colcon.colcon_core.environment:checking '/workspaces/TIAgo_humble/install/tiago_laser_sensors/lib/python3.10/site-packages'
[3.053s] Level 1:colcon.colcon_core.environment:checking '/workspaces/TIAgo_humble/install/tiago_laser_sensors/bin'
[3.054s] INFO:colcon.colcon_core.shell:Creating package script '/workspaces/TIAgo_humble/install/tiago_laser_sensors/share/tiago_laser_sensors/package.ps1'
[3.054s] INFO:colcon.colcon_core.shell:Creating package descriptor '/workspaces/TIAgo_humble/install/tiago_laser_sensors/share/tiago_laser_sensors/package.dsv'
[3.055s] INFO:colcon.colcon_core.shell:Creating package script '/workspaces/TIAgo_humble/install/tiago_laser_sensors/share/tiago_laser_sensors/package.sh'
[3.055s] INFO:colcon.colcon_core.shell:Creating package script '/workspaces/TIAgo_humble/install/tiago_laser_sensors/share/tiago_laser_sensors/package.bash'
[3.056s] INFO:colcon.colcon_core.shell:Creating package script '/workspaces/TIAgo_humble/install/tiago_laser_sensors/share/tiago_laser_sensors/package.zsh'
[3.056s] Level 1:colcon.colcon_core.environment:create_file_with_runtime_dependencies(/workspaces/TIAgo_humble/install/tiago_laser_sensors/share/colcon-core/packages/tiago_laser_sensors)
[3.057s] Level 1:colcon.colcon_core.environment:create_environment_scripts_only(tiago_laser_sensors)
[3.057s] Level 1:colcon.colcon_core.environment:checking '/workspaces/TIAgo_humble/install/tiago_laser_sensors' for CMake module files
[3.058s] Level 1:colcon.colcon_core.environment:checking '/workspaces/TIAgo_humble/install/tiago_laser_sensors' for CMake config files
[3.059s] Level 1:colcon.colcon_core.shell:create_environment_hook('tiago_laser_sensors', 'cmake_prefix_path')
[3.059s] INFO:colcon.colcon_core.shell:Creating environment hook '/workspaces/TIAgo_humble/install/tiago_laser_sensors/share/tiago_laser_sensors/hook/cmake_prefix_path.ps1'
[3.060s] INFO:colcon.colcon_core.shell:Creating environment descriptor '/workspaces/TIAgo_humble/install/tiago_laser_sensors/share/tiago_laser_sensors/hook/cmake_prefix_path.dsv'
[3.060s] INFO:colcon.colcon_core.shell:Creating environment hook '/workspaces/TIAgo_humble/install/tiago_laser_sensors/share/tiago_laser_sensors/hook/cmake_prefix_path.sh'
[3.061s] Level 1:colcon.colcon_core.environment:checking '/workspaces/TIAgo_humble/install/tiago_laser_sensors/bin'
[3.061s] Level 1:colcon.colcon_core.environment:checking '/workspaces/TIAgo_humble/install/tiago_laser_sensors/lib/pkgconfig/tiago_laser_sensors.pc'
[3.061s] Level 1:colcon.colcon_core.environment:checking '/workspaces/TIAgo_humble/install/tiago_laser_sensors/lib/python3.10/site-packages'
[3.061s] Level 1:colcon.colcon_core.environment:checking '/workspaces/TIAgo_humble/install/tiago_laser_sensors/bin'
[3.062s] INFO:colcon.colcon_core.shell:Creating package script '/workspaces/TIAgo_humble/install/tiago_laser_sensors/share/tiago_laser_sensors/package.ps1'
[3.063s] INFO:colcon.colcon_core.shell:Creating package descriptor '/workspaces/TIAgo_humble/install/tiago_laser_sensors/share/tiago_laser_sensors/package.dsv'
[3.063s] INFO:colcon.colcon_core.shell:Creating package script '/workspaces/TIAgo_humble/install/tiago_laser_sensors/share/tiago_laser_sensors/package.sh'
[3.063s] INFO:colcon.colcon_core.shell:Creating package script '/workspaces/TIAgo_humble/install/tiago_laser_sensors/share/tiago_laser_sensors/package.bash'
[3.065s] INFO:colcon.colcon_core.shell:Creating package script '/workspaces/TIAgo_humble/install/tiago_laser_sensors/share/tiago_laser_sensors/package.zsh'
[3.065s] Level 1:colcon.colcon_core.environment:create_file_with_runtime_dependencies(/workspaces/TIAgo_humble/install/tiago_laser_sensors/share/colcon-core/packages/tiago_laser_sensors)
[3.098s] Level 1:colcon.colcon_core.environment:create_environment_scripts_only(pmb2_rgbd_sensors)
[3.099s] Level 1:colcon.colcon_core.environment:checking '/workspaces/TIAgo_humble/install/pmb2_rgbd_sensors' for CMake module files
[3.099s] DEBUG:colcon.colcon_core.event_handler.log_command:Invoked command in '/workspaces/TIAgo_humble/build/pmb2_rgbd_sensors' returned '0': AMENT_PREFIX_PATH=/workspaces/TIAgo_humble/install/launch_pal:${AMENT_PREFIX_PATH} CMAKE_PREFIX_PATH=/opt/ros/humble PYTHONPATH=/workspaces/TIAgo_humble/build/launch_pal:/workspaces/TIAgo_humble/install/launch_pal/lib/python3.10/site-packages:${PYTHONPATH} /usr/bin/cmake --install /workspaces/TIAgo_humble/build/pmb2_rgbd_sensors
[3.100s] Level 1:colcon.colcon_core.environment:checking '/workspaces/TIAgo_humble/install/pmb2_rgbd_sensors' for CMake config files
[3.100s] Level 1:colcon.colcon_core.shell:create_environment_hook('pmb2_rgbd_sensors', 'cmake_prefix_path')
[3.101s] INFO:colcon.colcon_core.shell:Creating environment hook '/workspaces/TIAgo_humble/install/pmb2_rgbd_sensors/share/pmb2_rgbd_sensors/hook/cmake_prefix_path.ps1'
[3.102s] INFO:colcon.colcon_core.shell:Creating environment descriptor '/workspaces/TIAgo_humble/install/pmb2_rgbd_sensors/share/pmb2_rgbd_sensors/hook/cmake_prefix_path.dsv'
[3.102s] INFO:colcon.colcon_core.shell:Creating environment hook '/workspaces/TIAgo_humble/install/pmb2_rgbd_sensors/share/pmb2_rgbd_sensors/hook/cmake_prefix_path.sh'
[3.103s] Level 1:colcon.colcon_core.environment:checking '/workspaces/TIAgo_humble/install/pmb2_rgbd_sensors/bin'
[3.103s] Level 1:colcon.colcon_core.environment:checking '/workspaces/TIAgo_humble/install/pmb2_rgbd_sensors/lib/pkgconfig/pmb2_rgbd_sensors.pc'
[3.104s] Level 1:colcon.colcon_core.environment:checking '/workspaces/TIAgo_humble/install/pmb2_rgbd_sensors/lib/python3.10/site-packages'
[3.104s] Level 1:colcon.colcon_core.environment:checking '/workspaces/TIAgo_humble/install/pmb2_rgbd_sensors/bin'
[3.105s] INFO:colcon.colcon_core.shell:Creating package script '/workspaces/TIAgo_humble/install/pmb2_rgbd_sensors/share/pmb2_rgbd_sensors/package.ps1'
[3.105s] INFO:colcon.colcon_core.shell:Creating package descriptor '/workspaces/TIAgo_humble/install/pmb2_rgbd_sensors/share/pmb2_rgbd_sensors/package.dsv'
[3.107s] INFO:colcon.colcon_core.shell:Creating package script '/workspaces/TIAgo_humble/install/pmb2_rgbd_sensors/share/pmb2_rgbd_sensors/package.sh'
[3.107s] INFO:colcon.colcon_core.shell:Creating package script '/workspaces/TIAgo_humble/install/pmb2_rgbd_sensors/share/pmb2_rgbd_sensors/package.bash'
[3.108s] INFO:colcon.colcon_core.shell:Creating package script '/workspaces/TIAgo_humble/install/pmb2_rgbd_sensors/share/pmb2_rgbd_sensors/package.zsh'
[3.108s] Level 1:colcon.colcon_core.environment:create_file_with_runtime_dependencies(/workspaces/TIAgo_humble/install/pmb2_rgbd_sensors/share/colcon-core/packages/pmb2_rgbd_sensors)
[3.109s] Level 1:colcon.colcon_core.environment:create_environment_scripts_only(pmb2_rgbd_sensors)
[3.110s] Level 1:colcon.colcon_core.environment:checking '/workspaces/TIAgo_humble/install/pmb2_rgbd_sensors' for CMake module files
[3.111s] Level 1:colcon.colcon_core.environment:checking '/workspaces/TIAgo_humble/install/pmb2_rgbd_sensors' for CMake config files
[3.112s] Level 1:colcon.colcon_core.shell:create_environment_hook('pmb2_rgbd_sensors', 'cmake_prefix_path')
[3.112s] INFO:colcon.colcon_core.shell:Creating environment hook '/workspaces/TIAgo_humble/install/pmb2_rgbd_sensors/share/pmb2_rgbd_sensors/hook/cmake_prefix_path.ps1'
[3.113s] INFO:colcon.colcon_core.shell:Creating environment descriptor '/workspaces/TIAgo_humble/install/pmb2_rgbd_sensors/share/pmb2_rgbd_sensors/hook/cmake_prefix_path.dsv'
[3.113s] INFO:colcon.colcon_core.shell:Creating environment hook '/workspaces/TIAgo_humble/install/pmb2_rgbd_sensors/share/pmb2_rgbd_sensors/hook/cmake_prefix_path.sh'
[3.114s] Level 1:colcon.colcon_core.environment:checking '/workspaces/TIAgo_humble/install/pmb2_rgbd_sensors/bin'
[3.114s] Level 1:colcon.colcon_core.environment:checking '/workspaces/TIAgo_humble/install/pmb2_rgbd_sensors/lib/pkgconfig/pmb2_rgbd_sensors.pc'
[3.115s] Level 1:colcon.colcon_core.environment:checking '/workspaces/TIAgo_humble/install/pmb2_rgbd_sensors/lib/python3.10/site-packages'
[3.115s] Level 1:colcon.colcon_core.environment:checking '/workspaces/TIAgo_humble/install/pmb2_rgbd_sensors/bin'
[3.115s] INFO:colcon.colcon_core.shell:Creating package script '/workspaces/TIAgo_humble/install/pmb2_rgbd_sensors/share/pmb2_rgbd_sensors/package.ps1'
[3.117s] INFO:colcon.colcon_core.shell:Creating package descriptor '/workspaces/TIAgo_humble/install/pmb2_rgbd_sensors/share/pmb2_rgbd_sensors/package.dsv'
[3.117s] INFO:colcon.colcon_core.shell:Creating package script '/workspaces/TIAgo_humble/install/pmb2_rgbd_sensors/share/pmb2_rgbd_sensors/package.sh'
[3.118s] INFO:colcon.colcon_core.shell:Creating package script '/workspaces/TIAgo_humble/install/pmb2_rgbd_sensors/share/pmb2_rgbd_sensors/package.bash'
[3.118s] INFO:colcon.colcon_core.shell:Creating package script '/workspaces/TIAgo_humble/install/pmb2_rgbd_sensors/share/pmb2_rgbd_sensors/package.zsh'
[3.119s] Level 1:colcon.colcon_core.environment:create_file_with_runtime_dependencies(/workspaces/TIAgo_humble/install/pmb2_rgbd_sensors/share/colcon-core/packages/pmb2_rgbd_sensors)
[3.122s] Level 1:colcon.colcon_core.environment:create_environment_scripts_only(pmb2_controller_configuration)
[3.122s] Level 1:colcon.colcon_core.environment:checking '/workspaces/TIAgo_humble/install/pmb2_controller_configuration' for CMake module files
[3.123s] DEBUG:colcon.colcon_core.event_handler.log_command:Invoked command in '/workspaces/TIAgo_humble/build/pmb2_controller_configuration' returned '0': AMENT_PREFIX_PATH=/workspaces/TIAgo_humble/install/launch_pal:${AMENT_PREFIX_PATH} CMAKE_PREFIX_PATH=/opt/ros/humble PYTHONPATH=/workspaces/TIAgo_humble/build/launch_pal:/workspaces/TIAgo_humble/install/launch_pal/lib/python3.10/site-packages:${PYTHONPATH} /usr/bin/cmake --install /workspaces/TIAgo_humble/build/pmb2_controller_configuration
[3.124s] Level 1:colcon.colcon_core.environment:checking '/workspaces/TIAgo_humble/install/pmb2_controller_configuration' for CMake config files
[3.124s] Level 1:colcon.colcon_core.shell:create_environment_hook('pmb2_controller_configuration', 'cmake_prefix_path')
[3.124s] INFO:colcon.colcon_core.shell:Creating environment hook '/workspaces/TIAgo_humble/install/pmb2_controller_configuration/share/pmb2_controller_configuration/hook/cmake_prefix_path.ps1'
[3.125s] INFO:colcon.colcon_core.shell:Creating environment descriptor '/workspaces/TIAgo_humble/install/pmb2_controller_configuration/share/pmb2_controller_configuration/hook/cmake_prefix_path.dsv'
[3.125s] INFO:colcon.colcon_core.shell:Creating environment hook '/workspaces/TIAgo_humble/install/pmb2_controller_configuration/share/pmb2_controller_configuration/hook/cmake_prefix_path.sh'
[3.125s] Level 1:colcon.colcon_core.environment:checking '/workspaces/TIAgo_humble/install/pmb2_controller_configuration/bin'
[3.125s] Level 1:colcon.colcon_core.environment:checking '/workspaces/TIAgo_humble/install/pmb2_controller_configuration/lib/pkgconfig/pmb2_controller_configuration.pc'
[3.126s] Level 1:colcon.colcon_core.environment:checking '/workspaces/TIAgo_humble/install/pmb2_controller_configuration/lib/python3.10/site-packages'
[3.126s] Level 1:colcon.colcon_core.environment:checking '/workspaces/TIAgo_humble/install/pmb2_controller_configuration/bin'
[3.126s] INFO:colcon.colcon_core.shell:Creating package script '/workspaces/TIAgo_humble/install/pmb2_controller_configuration/share/pmb2_controller_configuration/package.ps1'
[3.128s] INFO:colcon.colcon_core.shell:Creating package descriptor '/workspaces/TIAgo_humble/install/pmb2_controller_configuration/share/pmb2_controller_configuration/package.dsv'
[3.128s] INFO:colcon.colcon_core.shell:Creating package script '/workspaces/TIAgo_humble/install/pmb2_controller_configuration/share/pmb2_controller_configuration/package.sh'
[3.129s] INFO:colcon.colcon_core.shell:Creating package script '/workspaces/TIAgo_humble/install/pmb2_controller_configuration/share/pmb2_controller_configuration/package.bash'
[3.130s] INFO:colcon.colcon_core.shell:Creating package script '/workspaces/TIAgo_humble/install/pmb2_controller_configuration/share/pmb2_controller_configuration/package.zsh'
[3.130s] Level 1:colcon.colcon_core.environment:create_file_with_runtime_dependencies(/workspaces/TIAgo_humble/install/pmb2_controller_configuration/share/colcon-core/packages/pmb2_controller_configuration)
[3.131s] Level 1:colcon.colcon_core.environment:create_environment_scripts_only(pmb2_controller_configuration)
[3.132s] Level 1:colcon.colcon_core.environment:checking '/workspaces/TIAgo_humble/install/pmb2_controller_configuration' for CMake module files
[3.133s] Level 1:colcon.colcon_core.environment:checking '/workspaces/TIAgo_humble/install/pmb2_controller_configuration' for CMake config files
[3.134s] Level 1:colcon.colcon_core.shell:create_environment_hook('pmb2_controller_configuration', 'cmake_prefix_path')
[3.134s] INFO:colcon.colcon_core.shell:Creating environment hook '/workspaces/TIAgo_humble/install/pmb2_controller_configuration/share/pmb2_controller_configuration/hook/cmake_prefix_path.ps1'
[3.135s] INFO:colcon.colcon_core.shell:Creating environment descriptor '/workspaces/TIAgo_humble/install/pmb2_controller_configuration/share/pmb2_controller_configuration/hook/cmake_prefix_path.dsv'
[3.135s] INFO:colcon.colcon_core.shell:Creating environment hook '/workspaces/TIAgo_humble/install/pmb2_controller_configuration/share/pmb2_controller_configuration/hook/cmake_prefix_path.sh'
[3.136s] Level 1:colcon.colcon_core.environment:checking '/workspaces/TIAgo_humble/install/pmb2_controller_configuration/bin'
[3.136s] Level 1:colcon.colcon_core.environment:checking '/workspaces/TIAgo_humble/install/pmb2_controller_configuration/lib/pkgconfig/pmb2_controller_configuration.pc'
[3.137s] Level 1:colcon.colcon_core.environment:checking '/workspaces/TIAgo_humble/install/pmb2_controller_configuration/lib/python3.10/site-packages'
[3.138s] Level 1:colcon.colcon_core.environment:checking '/workspaces/TIAgo_humble/install/pmb2_controller_configuration/bin'
[3.138s] INFO:colcon.colcon_core.shell:Creating package script '/workspaces/TIAgo_humble/install/pmb2_controller_configuration/share/pmb2_controller_configuration/package.ps1'
[3.140s] INFO:colcon.colcon_core.shell:Creating package descriptor '/workspaces/TIAgo_humble/install/pmb2_controller_configuration/share/pmb2_controller_configuration/package.dsv'
[3.141s] INFO:colcon.colcon_core.shell:Creating package script '/workspaces/TIAgo_humble/install/pmb2_controller_configuration/share/pmb2_controller_configuration/package.sh'
[3.142s] INFO:colcon.colcon_core.shell:Creating package script '/workspaces/TIAgo_humble/install/pmb2_controller_configuration/share/pmb2_controller_configuration/package.bash'
[3.143s] INFO:colcon.colcon_core.shell:Creating package script '/workspaces/TIAgo_humble/install/pmb2_controller_configuration/share/pmb2_controller_configuration/package.zsh'
[3.143s] Level 1:colcon.colcon_core.environment:create_file_with_runtime_dependencies(/workspaces/TIAgo_humble/install/pmb2_controller_configuration/share/colcon-core/packages/pmb2_controller_configuration)
[3.145s] INFO:colcon.colcon_ros.task.ament_cmake.build:Building ROS package in '/workspaces/TIAgo_humble/ros2_ws/src/tiago_robot/tiago_controller_configuration' with build type 'ament_cmake'
[3.145s] INFO:colcon.colcon_cmake.task.cmake.build:Building CMake package in '/workspaces/TIAgo_humble/ros2_ws/src/tiago_robot/tiago_controller_configuration'
[3.145s] INFO:colcon.colcon_core.shell:Skip shell extension 'powershell' for command environment: Not usable outside of PowerShell
[3.145s] DEBUG:colcon.colcon_core.shell:Skip shell extension 'dsv' for command environment
[3.155s] DEBUG:colcon.colcon_core.event_handler.log_command:Invoked command in '/workspaces/TIAgo_humble/build/play_motion2_msgs' returned '0': CMAKE_PREFIX_PATH=/opt/ros/humble /usr/bin/cmake /workspaces/TIAgo_humble/ros2_ws/src/play_motion2/play_motion2_msgs -DCMAKE_BUILD_TYPE=Release -DAMENT_CMAKE_SYMLINK_INSTALL=1 -DCMAKE_INSTALL_PREFIX=/workspaces/TIAgo_humble/install/play_motion2_msgs
[3.158s] DEBUG:colcon.colcon_core.event_handler.log_command:Invoking command in '/workspaces/TIAgo_humble/build/play_motion2_msgs': CMAKE_PREFIX_PATH=/opt/ros/humble /usr/bin/cmake --build /workspaces/TIAgo_humble/build/play_motion2_msgs -- -j24 -l24
[3.166s] DEBUG:colcon.colcon_core.event_handler.log_command:Invoking command in '/workspaces/TIAgo_humble/build/tiago_controller_configuration': AMENT_PREFIX_PATH=/workspaces/TIAgo_humble/install/pmb2_controller_configuration:/workspaces/TIAgo_humble/install/pal_robotiq_controller_configuration:/workspaces/TIAgo_humble/install/pal_hey5_controller_configuration:/workspaces/TIAgo_humble/install/pal_gripper_controller_configuration:/workspaces/TIAgo_humble/install/omni_base_controller_configuration:/workspaces/TIAgo_humble/install/launch_pal:${AMENT_PREFIX_PATH} CMAKE_PREFIX_PATH=/workspaces/TIAgo_humble/install/pmb2_controller_configuration:/workspaces/TIAgo_humble/install/pal_robotiq_controller_configuration:/workspaces/TIAgo_humble/install/pal_hey5_controller_configuration:/workspaces/TIAgo_humble/install/pal_gripper_controller_configuration:/workspaces/TIAgo_humble/install/omni_base_controller_configuration:/opt/ros/humble PYTHONPATH=/workspaces/TIAgo_humble/build/launch_pal:/workspaces/TIAgo_humble/install/launch_pal/lib/python3.10/site-packages:${PYTHONPATH} /usr/bin/cmake /workspaces/TIAgo_humble/ros2_ws/src/tiago_robot/tiago_controller_configuration -DCMAKE_BUILD_TYPE=Release -DAMENT_CMAKE_SYMLINK_INSTALL=1 -DCMAKE_INSTALL_PREFIX=/workspaces/TIAgo_humble/install/tiago_controller_configuration
[3.307s] DEBUG:colcon.colcon_core.event_handler.log_command:Invoked command in '/workspaces/TIAgo_humble/build/pal_device_msgs' returned '0': CMAKE_PREFIX_PATH=/opt/ros/humble /usr/bin/cmake /workspaces/TIAgo_humble/ros2_ws/src/pal_msgs/pal_device_msgs -DCMAKE_BUILD_TYPE=Release -DAMENT_CMAKE_SYMLINK_INSTALL=1 -DCMAKE_INSTALL_PREFIX=/workspaces/TIAgo_humble/install/pal_device_msgs
[3.310s] DEBUG:colcon.colcon_core.event_handler.log_command:Invoking command in '/workspaces/TIAgo_humble/build/pal_device_msgs': CMAKE_PREFIX_PATH=/opt/ros/humble /usr/bin/cmake --build /workspaces/TIAgo_humble/build/pal_device_msgs -- -j24 -l24
[3.313s] Level 1:colcon.colcon_core.environment:create_environment_scripts_only(pmb2_2dnav)
[3.314s] Level 1:colcon.colcon_core.environment:checking '/workspaces/TIAgo_humble/install/pmb2_2dnav' for CMake module files
[3.314s] Level 1:colcon.colcon_core.environment:checking '/workspaces/TIAgo_humble/install/pmb2_2dnav' for CMake config files
[3.315s] DEBUG:colcon.colcon_core.event_handler.log_command:Invoked command in '/workspaces/TIAgo_humble/build/pmb2_2dnav' returned '0': AMENT_PREFIX_PATH=/workspaces/TIAgo_humble/install/pal_maps:/workspaces/TIAgo_humble/install/launch_pal:${AMENT_PREFIX_PATH} CMAKE_PREFIX_PATH=/workspaces/TIAgo_humble/install/pal_maps:/opt/ros/humble PYTHONPATH=/workspaces/TIAgo_humble/build/launch_pal:/workspaces/TIAgo_humble/install/launch_pal/lib/python3.10/site-packages:${PYTHONPATH} /usr/bin/cmake --install /workspaces/TIAgo_humble/build/pmb2_2dnav
[3.315s] Level 1:colcon.colcon_core.shell:create_environment_hook('pmb2_2dnav', 'cmake_prefix_path')
[3.315s] INFO:colcon.colcon_core.shell:Creating environment hook '/workspaces/TIAgo_humble/install/pmb2_2dnav/share/pmb2_2dnav/hook/cmake_prefix_path.ps1'
[3.316s] INFO:colcon.colcon_core.shell:Creating environment descriptor '/workspaces/TIAgo_humble/install/pmb2_2dnav/share/pmb2_2dnav/hook/cmake_prefix_path.dsv'
[3.316s] INFO:colcon.colcon_core.shell:Creating environment hook '/workspaces/TIAgo_humble/install/pmb2_2dnav/share/pmb2_2dnav/hook/cmake_prefix_path.sh'
[3.317s] Level 1:colcon.colcon_core.environment:checking '/workspaces/TIAgo_humble/install/pmb2_2dnav/bin'
[3.317s] Level 1:colcon.colcon_core.environment:checking '/workspaces/TIAgo_humble/install/pmb2_2dnav/lib/pkgconfig/pmb2_2dnav.pc'
[3.317s] Level 1:colcon.colcon_core.environment:checking '/workspaces/TIAgo_humble/install/pmb2_2dnav/lib/python3.10/site-packages'
[3.317s] Level 1:colcon.colcon_core.environment:checking '/workspaces/TIAgo_humble/install/pmb2_2dnav/bin'
[3.318s] INFO:colcon.colcon_core.shell:Creating package script '/workspaces/TIAgo_humble/install/pmb2_2dnav/share/pmb2_2dnav/package.ps1'
[3.318s] INFO:colcon.colcon_core.shell:Creating package descriptor '/workspaces/TIAgo_humble/install/pmb2_2dnav/share/pmb2_2dnav/package.dsv'
[3.319s] INFO:colcon.colcon_core.shell:Creating package script '/workspaces/TIAgo_humble/install/pmb2_2dnav/share/pmb2_2dnav/package.sh'
[3.320s] INFO:colcon.colcon_core.shell:Creating package script '/workspaces/TIAgo_humble/install/pmb2_2dnav/share/pmb2_2dnav/package.bash'
[3.323s] INFO:colcon.colcon_core.shell:Creating package script '/workspaces/TIAgo_humble/install/pmb2_2dnav/share/pmb2_2dnav/package.zsh'
[3.324s] Level 1:colcon.colcon_core.environment:create_file_with_runtime_dependencies(/workspaces/TIAgo_humble/install/pmb2_2dnav/share/colcon-core/packages/pmb2_2dnav)
[3.325s] Level 1:colcon.colcon_core.environment:create_environment_scripts_only(pmb2_2dnav)
[3.325s] Level 1:colcon.colcon_core.environment:checking '/workspaces/TIAgo_humble/install/pmb2_2dnav' for CMake module files
[3.326s] Level 1:colcon.colcon_core.environment:checking '/workspaces/TIAgo_humble/install/pmb2_2dnav' for CMake config files
[3.326s] Level 1:colcon.colcon_core.shell:create_environment_hook('pmb2_2dnav', 'cmake_prefix_path')
[3.326s] INFO:colcon.colcon_core.shell:Creating environment hook '/workspaces/TIAgo_humble/install/pmb2_2dnav/share/pmb2_2dnav/hook/cmake_prefix_path.ps1'
[3.327s] INFO:colcon.colcon_core.shell:Creating environment descriptor '/workspaces/TIAgo_humble/install/pmb2_2dnav/share/pmb2_2dnav/hook/cmake_prefix_path.dsv'
[3.327s] INFO:colcon.colcon_core.shell:Creating environment hook '/workspaces/TIAgo_humble/install/pmb2_2dnav/share/pmb2_2dnav/hook/cmake_prefix_path.sh'
[3.328s] Level 1:colcon.colcon_core.environment:checking '/workspaces/TIAgo_humble/install/pmb2_2dnav/bin'
[3.328s] Level 1:colcon.colcon_core.environment:checking '/workspaces/TIAgo_humble/install/pmb2_2dnav/lib/pkgconfig/pmb2_2dnav.pc'
[3.328s] Level 1:colcon.colcon_core.environment:checking '/workspaces/TIAgo_humble/install/pmb2_2dnav/lib/python3.10/site-packages'
[3.329s] Level 1:colcon.colcon_core.environment:checking '/workspaces/TIAgo_humble/install/pmb2_2dnav/bin'
[3.329s] INFO:colcon.colcon_core.shell:Creating package script '/workspaces/TIAgo_humble/install/pmb2_2dnav/share/pmb2_2dnav/package.ps1'
[3.330s] INFO:colcon.colcon_core.shell:Creating package descriptor '/workspaces/TIAgo_humble/install/pmb2_2dnav/share/pmb2_2dnav/package.dsv'
[3.330s] INFO:colcon.colcon_core.shell:Creating package script '/workspaces/TIAgo_humble/install/pmb2_2dnav/share/pmb2_2dnav/package.sh'
[3.331s] INFO:colcon.colcon_core.shell:Creating package script '/workspaces/TIAgo_humble/install/pmb2_2dnav/share/pmb2_2dnav/package.bash'
[3.331s] INFO:colcon.colcon_core.shell:Creating package script '/workspaces/TIAgo_humble/install/pmb2_2dnav/share/pmb2_2dnav/package.zsh'
[3.331s] Level 1:colcon.colcon_core.environment:create_file_with_runtime_dependencies(/workspaces/TIAgo_humble/install/pmb2_2dnav/share/colcon-core/packages/pmb2_2dnav)
[3.332s] INFO:colcon.colcon_ros.task.ament_cmake.build:Building ROS package in '/workspaces/TIAgo_humble/ros2_ws/src/tiago_navigation/tiago_2dnav' with build type 'ament_cmake'
[3.332s] INFO:colcon.colcon_cmake.task.cmake.build:Building CMake package in '/workspaces/TIAgo_humble/ros2_ws/src/tiago_navigation/tiago_2dnav'
[3.332s] INFO:colcon.colcon_core.shell:Skip shell extension 'powershell' for command environment: Not usable outside of PowerShell
[3.332s] DEBUG:colcon.colcon_core.shell:Skip shell extension 'dsv' for command environment
[3.338s] INFO:colcon.colcon_ros.task.ament_cmake.build:Building ROS package in '/workspaces/TIAgo_humble/ros2_ws/src/pmb2_navigation/pmb2_navigation' with build type 'ament_cmake'
[3.338s] INFO:colcon.colcon_cmake.task.cmake.build:Building CMake package in '/workspaces/TIAgo_humble/ros2_ws/src/pmb2_navigation/pmb2_navigation'
[3.338s] INFO:colcon.colcon_core.shell:Skip shell extension 'powershell' for command environment: Not usable outside of PowerShell
[3.339s] DEBUG:colcon.colcon_core.shell:Skip shell extension 'dsv' for command environment
[3.350s] DEBUG:colcon.colcon_core.event_handler.log_command:Invoking command in '/workspaces/TIAgo_humble/build/tiago_2dnav': AMENT_PREFIX_PATH=/workspaces/TIAgo_humble/install/pmb2_2dnav:/workspaces/TIAgo_humble/install/pal_maps:/workspaces/TIAgo_humble/install/launch_pal:${AMENT_PREFIX_PATH} CMAKE_PREFIX_PATH=/workspaces/TIAgo_humble/install/pmb2_2dnav:/workspaces/TIAgo_humble/install/pal_maps:/opt/ros/humble PYTHONPATH=/workspaces/TIAgo_humble/build/launch_pal:/workspaces/TIAgo_humble/install/launch_pal/lib/python3.10/site-packages:${PYTHONPATH} /usr/bin/cmake /workspaces/TIAgo_humble/ros2_ws/src/tiago_navigation/tiago_2dnav -DCMAKE_BUILD_TYPE=Release -DAMENT_CMAKE_SYMLINK_INSTALL=1 -DCMAKE_INSTALL_PREFIX=/workspaces/TIAgo_humble/install/tiago_2dnav
[3.355s] DEBUG:colcon.colcon_core.event_handler.log_command:Invoking command in '/workspaces/TIAgo_humble/build/pmb2_navigation': AMENT_PREFIX_PATH=/workspaces/TIAgo_humble/install/pmb2_2dnav:/workspaces/TIAgo_humble/install/pmb2_laser_sensors:/workspaces/TIAgo_humble/install/pal_maps:/workspaces/TIAgo_humble/install/launch_pal:${AMENT_PREFIX_PATH} CMAKE_PREFIX_PATH=/workspaces/TIAgo_humble/install/pmb2_2dnav:/workspaces/TIAgo_humble/install/pmb2_laser_sensors:/workspaces/TIAgo_humble/install/pal_maps:/opt/ros/humble PYTHONPATH=/workspaces/TIAgo_humble/build/launch_pal:/workspaces/TIAgo_humble/install/launch_pal/lib/python3.10/site-packages:${PYTHONPATH} /usr/bin/cmake /workspaces/TIAgo_humble/ros2_ws/src/pmb2_navigation/pmb2_navigation -DCMAKE_BUILD_TYPE=Release -DAMENT_CMAKE_SYMLINK_INSTALL=1 -DCMAKE_INSTALL_PREFIX=/workspaces/TIAgo_humble/install/pmb2_navigation
[3.715s] DEBUG:colcon.colcon_core.event_handler.log_command:Invoked command in '/workspaces/TIAgo_humble/build/moveit_ros_control_interface' returned '0': CMAKE_PREFIX_PATH=/opt/ros/humble /usr/bin/cmake /workspaces/TIAgo_humble/ros2_ws/src/moveit_ros_control_interface -DCMAKE_BUILD_TYPE=Release -DAMENT_CMAKE_SYMLINK_INSTALL=1 -DCMAKE_INSTALL_PREFIX=/workspaces/TIAgo_humble/install/moveit_ros_control_interface
[3.718s] DEBUG:colcon.colcon_core.event_handler.log_command:Invoking command in '/workspaces/TIAgo_humble/build/moveit_ros_control_interface': CMAKE_PREFIX_PATH=/opt/ros/humble /usr/bin/cmake --build /workspaces/TIAgo_humble/build/moveit_ros_control_interface -- -j24 -l24
[3.744s] DEBUG:colcon.colcon_core.event_handler.log_command:Invoked command in '/workspaces/TIAgo_humble/build/pal_hey5_description' returned '0': AMENT_PREFIX_PATH=/workspaces/TIAgo_humble/install/pal_urdf_utils:${AMENT_PREFIX_PATH} CMAKE_PREFIX_PATH=/workspaces/TIAgo_humble/install/pal_urdf_utils:/opt/ros/humble /usr/bin/cmake /workspaces/TIAgo_humble/ros2_ws/src/pal_hey5/pal_hey5_description -DCMAKE_BUILD_TYPE=Release -DAMENT_CMAKE_SYMLINK_INSTALL=1 -DCMAKE_INSTALL_PREFIX=/workspaces/TIAgo_humble/install/pal_hey5_description
[3.747s] DEBUG:colcon.colcon_core.event_handler.log_command:Invoking command in '/workspaces/TIAgo_humble/build/pal_hey5_description': AMENT_PREFIX_PATH=/workspaces/TIAgo_humble/install/pal_urdf_utils:${AMENT_PREFIX_PATH} CMAKE_PREFIX_PATH=/workspaces/TIAgo_humble/install/pal_urdf_utils:/opt/ros/humble /usr/bin/cmake --build /workspaces/TIAgo_humble/build/pal_hey5_description -- -j24 -l24
[3.809s] DEBUG:colcon.colcon_core.event_handler.log_command:Invoked command in '/workspaces/TIAgo_humble/build/pal_gripper_description' returned '0': AMENT_PREFIX_PATH=/workspaces/TIAgo_humble/install/pal_urdf_utils:${AMENT_PREFIX_PATH} CMAKE_PREFIX_PATH=/workspaces/TIAgo_humble/install/pal_urdf_utils:/opt/ros/humble /usr/bin/cmake /workspaces/TIAgo_humble/ros2_ws/src/pal_gripper/pal_gripper_description -DCMAKE_BUILD_TYPE=Release -DAMENT_CMAKE_SYMLINK_INSTALL=1 -DCMAKE_INSTALL_PREFIX=/workspaces/TIAgo_humble/install/pal_gripper_description
[3.814s] DEBUG:colcon.colcon_core.event_handler.log_command:Invoking command in '/workspaces/TIAgo_humble/build/pal_gripper_description': AMENT_PREFIX_PATH=/workspaces/TIAgo_humble/install/pal_urdf_utils:${AMENT_PREFIX_PATH} CMAKE_PREFIX_PATH=/workspaces/TIAgo_humble/install/pal_urdf_utils:/opt/ros/humble /usr/bin/cmake --build /workspaces/TIAgo_humble/build/pal_gripper_description -- -j24 -l24
[3.829s] DEBUG:colcon.colcon_core.event_handler.log_command:Invoked command in '/workspaces/TIAgo_humble/build/pal_hey5_description' returned '0': AMENT_PREFIX_PATH=/workspaces/TIAgo_humble/install/pal_urdf_utils:${AMENT_PREFIX_PATH} CMAKE_PREFIX_PATH=/workspaces/TIAgo_humble/install/pal_urdf_utils:/opt/ros/humble /usr/bin/cmake --build /workspaces/TIAgo_humble/build/pal_hey5_description -- -j24 -l24
[3.830s] DEBUG:colcon.colcon_core.event_handler.log_command:Invoking command in '/workspaces/TIAgo_humble/build/pal_hey5_description': AMENT_PREFIX_PATH=/workspaces/TIAgo_humble/install/pal_urdf_utils:${AMENT_PREFIX_PATH} CMAKE_PREFIX_PATH=/workspaces/TIAgo_humble/install/pal_urdf_utils:/opt/ros/humble /usr/bin/cmake --install /workspaces/TIAgo_humble/build/pal_hey5_description
[3.863s] DEBUG:colcon.colcon_core.event_handler.log_command:Invoked command in '/workspaces/TIAgo_humble/build/pal_gripper_description' returned '0': AMENT_PREFIX_PATH=/workspaces/TIAgo_humble/install/pal_urdf_utils:${AMENT_PREFIX_PATH} CMAKE_PREFIX_PATH=/workspaces/TIAgo_humble/install/pal_urdf_utils:/opt/ros/humble /usr/bin/cmake --build /workspaces/TIAgo_humble/build/pal_gripper_description -- -j24 -l24
[3.865s] DEBUG:colcon.colcon_core.event_handler.log_command:Invoking command in '/workspaces/TIAgo_humble/build/pal_gripper_description': AMENT_PREFIX_PATH=/workspaces/TIAgo_humble/install/pal_urdf_utils:${AMENT_PREFIX_PATH} CMAKE_PREFIX_PATH=/workspaces/TIAgo_humble/install/pal_urdf_utils:/opt/ros/humble /usr/bin/cmake --install /workspaces/TIAgo_humble/build/pal_gripper_description
[4.353s] Level 1:colcon.colcon_core.environment:create_environment_scripts_only(pal_gripper_description)
[4.353s] Level 1:colcon.colcon_core.environment:checking '/workspaces/TIAgo_humble/install/pal_gripper_description' for CMake module files
[4.355s] DEBUG:colcon.colcon_core.event_handler.log_command:Invoked command in '/workspaces/TIAgo_humble/build/pal_gripper_description' returned '0': AMENT_PREFIX_PATH=/workspaces/TIAgo_humble/install/pal_urdf_utils:${AMENT_PREFIX_PATH} CMAKE_PREFIX_PATH=/workspaces/TIAgo_humble/install/pal_urdf_utils:/opt/ros/humble /usr/bin/cmake --install /workspaces/TIAgo_humble/build/pal_gripper_description
[4.356s] Level 1:colcon.colcon_core.environment:checking '/workspaces/TIAgo_humble/install/pal_gripper_description' for CMake config files
[4.356s] Level 1:colcon.colcon_core.shell:create_environment_hook('pal_gripper_description', 'cmake_prefix_path')
[4.357s] INFO:colcon.colcon_core.shell:Creating environment hook '/workspaces/TIAgo_humble/install/pal_gripper_description/share/pal_gripper_description/hook/cmake_prefix_path.ps1'
[4.357s] INFO:colcon.colcon_core.shell:Creating environment descriptor '/workspaces/TIAgo_humble/install/pal_gripper_description/share/pal_gripper_description/hook/cmake_prefix_path.dsv'
[4.358s] INFO:colcon.colcon_core.shell:Creating environment hook '/workspaces/TIAgo_humble/install/pal_gripper_description/share/pal_gripper_description/hook/cmake_prefix_path.sh'
[4.359s] Level 1:colcon.colcon_core.environment:checking '/workspaces/TIAgo_humble/install/pal_gripper_description/bin'
[4.360s] Level 1:colcon.colcon_core.environment:checking '/workspaces/TIAgo_humble/install/pal_gripper_description/lib/pkgconfig/pal_gripper_description.pc'
[4.361s] Level 1:colcon.colcon_core.environment:checking '/workspaces/TIAgo_humble/install/pal_gripper_description/lib/python3.10/site-packages'
[4.362s] Level 1:colcon.colcon_core.environment:checking '/workspaces/TIAgo_humble/install/pal_gripper_description/bin'
[4.365s] INFO:colcon.colcon_core.shell:Creating package script '/workspaces/TIAgo_humble/install/pal_gripper_description/share/pal_gripper_description/package.ps1'
[4.367s] INFO:colcon.colcon_core.shell:Creating package descriptor '/workspaces/TIAgo_humble/install/pal_gripper_description/share/pal_gripper_description/package.dsv'
[4.368s] INFO:colcon.colcon_core.shell:Creating package script '/workspaces/TIAgo_humble/install/pal_gripper_description/share/pal_gripper_description/package.sh'
[4.372s] INFO:colcon.colcon_core.shell:Creating package script '/workspaces/TIAgo_humble/install/pal_gripper_description/share/pal_gripper_description/package.bash'
[4.373s] INFO:colcon.colcon_core.shell:Creating package script '/workspaces/TIAgo_humble/install/pal_gripper_description/share/pal_gripper_description/package.zsh'
[4.373s] Level 1:colcon.colcon_core.environment:create_file_with_runtime_dependencies(/workspaces/TIAgo_humble/install/pal_gripper_description/share/colcon-core/packages/pal_gripper_description)
[4.375s] Level 1:colcon.colcon_core.environment:create_environment_scripts_only(pal_gripper_description)
[4.375s] Level 1:colcon.colcon_core.environment:checking '/workspaces/TIAgo_humble/install/pal_gripper_description' for CMake module files
[4.376s] Level 1:colcon.colcon_core.environment:checking '/workspaces/TIAgo_humble/install/pal_gripper_description' for CMake config files
[4.377s] Level 1:colcon.colcon_core.shell:create_environment_hook('pal_gripper_description', 'cmake_prefix_path')
[4.378s] INFO:colcon.colcon_core.shell:Creating environment hook '/workspaces/TIAgo_humble/install/pal_gripper_description/share/pal_gripper_description/hook/cmake_prefix_path.ps1'
[4.378s] INFO:colcon.colcon_core.shell:Creating environment descriptor '/workspaces/TIAgo_humble/install/pal_gripper_description/share/pal_gripper_description/hook/cmake_prefix_path.dsv'
[4.379s] INFO:colcon.colcon_core.shell:Creating environment hook '/workspaces/TIAgo_humble/install/pal_gripper_description/share/pal_gripper_description/hook/cmake_prefix_path.sh'
[4.380s] Level 1:colcon.colcon_core.environment:checking '/workspaces/TIAgo_humble/install/pal_gripper_description/bin'
[4.382s] Level 1:colcon.colcon_core.environment:checking '/workspaces/TIAgo_humble/install/pal_gripper_description/lib/pkgconfig/pal_gripper_description.pc'
[4.382s] Level 1:colcon.colcon_core.environment:checking '/workspaces/TIAgo_humble/install/pal_gripper_description/lib/python3.10/site-packages'
[4.383s] Level 1:colcon.colcon_core.environment:checking '/workspaces/TIAgo_humble/install/pal_gripper_description/bin'
[4.384s] INFO:colcon.colcon_core.shell:Creating package script '/workspaces/TIAgo_humble/install/pal_gripper_description/share/pal_gripper_description/package.ps1'
[4.386s] INFO:colcon.colcon_core.shell:Creating package descriptor '/workspaces/TIAgo_humble/install/pal_gripper_description/share/pal_gripper_description/package.dsv'
[4.388s] INFO:colcon.colcon_core.shell:Creating package script '/workspaces/TIAgo_humble/install/pal_gripper_description/share/pal_gripper_description/package.sh'
[4.389s] INFO:colcon.colcon_core.shell:Creating package script '/workspaces/TIAgo_humble/install/pal_gripper_description/share/pal_gripper_description/package.bash'
[4.390s] INFO:colcon.colcon_core.shell:Creating package script '/workspaces/TIAgo_humble/install/pal_gripper_description/share/pal_gripper_description/package.zsh'
[4.391s] Level 1:colcon.colcon_core.environment:create_file_with_runtime_dependencies(/workspaces/TIAgo_humble/install/pal_gripper_description/share/colcon-core/packages/pal_gripper_description)
[4.392s] INFO:colcon.colcon_ros.task.ament_cmake.build:Building ROS package in '/workspaces/TIAgo_humble/ros2_ws/src/pal_gripper/pal_gripper' with build type 'ament_cmake'
[4.392s] INFO:colcon.colcon_cmake.task.cmake.build:Building CMake package in '/workspaces/TIAgo_humble/ros2_ws/src/pal_gripper/pal_gripper'
[4.393s] INFO:colcon.colcon_core.shell:Skip shell extension 'powershell' for command environment: Not usable outside of PowerShell
[4.394s] DEBUG:colcon.colcon_core.shell:Skip shell extension 'dsv' for command environment
[4.407s] DEBUG:colcon.colcon_core.event_handler.log_command:Invoked command in '/workspaces/TIAgo_humble/build/pal_robotiq_gripper' returned '0': AMENT_PREFIX_PATH=/workspaces/TIAgo_humble/install/pal_robotiq_description:/workspaces/TIAgo_humble/install/pal_robotiq_controller_configuration:${AMENT_PREFIX_PATH} CMAKE_PREFIX_PATH=/workspaces/TIAgo_humble/install/pal_robotiq_description:/workspaces/TIAgo_humble/install/pal_robotiq_controller_configuration:/opt/ros/humble /usr/bin/cmake /workspaces/TIAgo_humble/ros2_ws/src/pal_robotiq_gripper/pal_robotiq_gripper -DCMAKE_BUILD_TYPE=Release -DAMENT_CMAKE_SYMLINK_INSTALL=1 -DCMAKE_INSTALL_PREFIX=/workspaces/TIAgo_humble/install/pal_robotiq_gripper
[4.408s] DEBUG:colcon.colcon_core.event_handler.log_command:Invoking command in '/workspaces/TIAgo_humble/build/pal_robotiq_gripper': AMENT_PREFIX_PATH=/workspaces/TIAgo_humble/install/pal_robotiq_description:/workspaces/TIAgo_humble/install/pal_robotiq_controller_configuration:${AMENT_PREFIX_PATH} CMAKE_PREFIX_PATH=/workspaces/TIAgo_humble/install/pal_robotiq_description:/workspaces/TIAgo_humble/install/pal_robotiq_controller_configuration:/opt/ros/humble /usr/bin/cmake --build /workspaces/TIAgo_humble/build/pal_robotiq_gripper -- -j24 -l24
[4.432s] DEBUG:colcon.colcon_core.event_handler.log_command:Invoking command in '/workspaces/TIAgo_humble/build/pal_gripper': AMENT_PREFIX_PATH=/workspaces/TIAgo_humble/install/pal_gripper_description:/workspaces/TIAgo_humble/install/pal_urdf_utils:/workspaces/TIAgo_humble/install/pal_gripper_controller_configuration:${AMENT_PREFIX_PATH} CMAKE_PREFIX_PATH=/workspaces/TIAgo_humble/install/pal_gripper_description:/workspaces/TIAgo_humble/install/pal_urdf_utils:/workspaces/TIAgo_humble/install/pal_gripper_controller_configuration:/opt/ros/humble /usr/bin/cmake /workspaces/TIAgo_humble/ros2_ws/src/pal_gripper/pal_gripper -DCMAKE_BUILD_TYPE=Release -DAMENT_CMAKE_SYMLINK_INSTALL=1 -DCMAKE_INSTALL_PREFIX=/workspaces/TIAgo_humble/install/pal_gripper
[4.502s] Level 1:colcon.colcon_core.environment:create_environment_scripts_only(pal_hey5_description)
[4.503s] DEBUG:colcon.colcon_core.event_handler.log_command:Invoked command in '/workspaces/TIAgo_humble/build/pal_hey5_description' returned '0': AMENT_PREFIX_PATH=/workspaces/TIAgo_humble/install/pal_urdf_utils:${AMENT_PREFIX_PATH} CMAKE_PREFIX_PATH=/workspaces/TIAgo_humble/install/pal_urdf_utils:/opt/ros/humble /usr/bin/cmake --install /workspaces/TIAgo_humble/build/pal_hey5_description
[4.504s] Level 1:colcon.colcon_core.environment:checking '/workspaces/TIAgo_humble/install/pal_hey5_description' for CMake module files
[4.507s] Level 1:colcon.colcon_core.environment:checking '/workspaces/TIAgo_humble/install/pal_hey5_description' for CMake config files
[4.508s] Level 1:colcon.colcon_core.shell:create_environment_hook('pal_hey5_description', 'cmake_prefix_path')
[4.509s] INFO:colcon.colcon_core.shell:Creating environment hook '/workspaces/TIAgo_humble/install/pal_hey5_description/share/pal_hey5_description/hook/cmake_prefix_path.ps1'
[4.513s] INFO:colcon.colcon_core.shell:Creating environment descriptor '/workspaces/TIAgo_humble/install/pal_hey5_description/share/pal_hey5_description/hook/cmake_prefix_path.dsv'
[4.514s] INFO:colcon.colcon_core.shell:Creating environment hook '/workspaces/TIAgo_humble/install/pal_hey5_description/share/pal_hey5_description/hook/cmake_prefix_path.sh'
[4.516s] Level 1:colcon.colcon_core.environment:checking '/workspaces/TIAgo_humble/install/pal_hey5_description/bin'
[4.517s] Level 1:colcon.colcon_core.environment:checking '/workspaces/TIAgo_humble/install/pal_hey5_description/lib/pkgconfig/pal_hey5_description.pc'
[4.518s] Level 1:colcon.colcon_core.environment:checking '/workspaces/TIAgo_humble/install/pal_hey5_description/lib/python3.10/site-packages'
[4.519s] Level 1:colcon.colcon_core.environment:checking '/workspaces/TIAgo_humble/install/pal_hey5_description/bin'
[4.523s] INFO:colcon.colcon_core.shell:Creating package script '/workspaces/TIAgo_humble/install/pal_hey5_description/share/pal_hey5_description/package.ps1'
[4.524s] INFO:colcon.colcon_core.shell:Creating package descriptor '/workspaces/TIAgo_humble/install/pal_hey5_description/share/pal_hey5_description/package.dsv'
[4.525s] INFO:colcon.colcon_core.shell:Creating package script '/workspaces/TIAgo_humble/install/pal_hey5_description/share/pal_hey5_description/package.sh'
[4.527s] INFO:colcon.colcon_core.shell:Creating package script '/workspaces/TIAgo_humble/install/pal_hey5_description/share/pal_hey5_description/package.bash'
[4.528s] INFO:colcon.colcon_core.shell:Creating package script '/workspaces/TIAgo_humble/install/pal_hey5_description/share/pal_hey5_description/package.zsh'
[4.528s] Level 1:colcon.colcon_core.environment:create_file_with_runtime_dependencies(/workspaces/TIAgo_humble/install/pal_hey5_description/share/colcon-core/packages/pal_hey5_description)
[4.530s] Level 1:colcon.colcon_core.environment:create_environment_scripts_only(pal_hey5_description)
[4.531s] Level 1:colcon.colcon_core.environment:checking '/workspaces/TIAgo_humble/install/pal_hey5_description' for CMake module files
[4.532s] Level 1:colcon.colcon_core.environment:checking '/workspaces/TIAgo_humble/install/pal_hey5_description' for CMake config files
[4.533s] Level 1:colcon.colcon_core.shell:create_environment_hook('pal_hey5_description', 'cmake_prefix_path')
[4.534s] INFO:colcon.colcon_core.shell:Creating environment hook '/workspaces/TIAgo_humble/install/pal_hey5_description/share/pal_hey5_description/hook/cmake_prefix_path.ps1'
[4.535s] INFO:colcon.colcon_core.shell:Creating environment descriptor '/workspaces/TIAgo_humble/install/pal_hey5_description/share/pal_hey5_description/hook/cmake_prefix_path.dsv'
[4.535s] INFO:colcon.colcon_core.shell:Creating environment hook '/workspaces/TIAgo_humble/install/pal_hey5_description/share/pal_hey5_description/hook/cmake_prefix_path.sh'
[4.537s] Level 1:colcon.colcon_core.environment:checking '/workspaces/TIAgo_humble/install/pal_hey5_description/bin'
[4.537s] Level 1:colcon.colcon_core.environment:checking '/workspaces/TIAgo_humble/install/pal_hey5_description/lib/pkgconfig/pal_hey5_description.pc'
[4.537s] Level 1:colcon.colcon_core.environment:checking '/workspaces/TIAgo_humble/install/pal_hey5_description/lib/python3.10/site-packages'
[4.538s] Level 1:colcon.colcon_core.environment:checking '/workspaces/TIAgo_humble/install/pal_hey5_description/bin'
[4.539s] INFO:colcon.colcon_core.shell:Creating package script '/workspaces/TIAgo_humble/install/pal_hey5_description/share/pal_hey5_description/package.ps1'
[4.541s] INFO:colcon.colcon_core.shell:Creating package descriptor '/workspaces/TIAgo_humble/install/pal_hey5_description/share/pal_hey5_description/package.dsv'
[4.543s] INFO:colcon.colcon_core.shell:Creating package script '/workspaces/TIAgo_humble/install/pal_hey5_description/share/pal_hey5_description/package.sh'
[4.545s] INFO:colcon.colcon_core.shell:Creating package script '/workspaces/TIAgo_humble/install/pal_hey5_description/share/pal_hey5_description/package.bash'
[4.550s] INFO:colcon.colcon_core.shell:Creating package script '/workspaces/TIAgo_humble/install/pal_hey5_description/share/pal_hey5_description/package.zsh'
[4.552s] Level 1:colcon.colcon_core.environment:create_file_with_runtime_dependencies(/workspaces/TIAgo_humble/install/pal_hey5_description/share/colcon-core/packages/pal_hey5_description)
[4.555s] INFO:colcon.colcon_ros.task.ament_cmake.build:Building ROS package in '/workspaces/TIAgo_humble/ros2_ws/src/pal_hey5/pal_hey5' with build type 'ament_cmake'
[4.556s] INFO:colcon.colcon_cmake.task.cmake.build:Building CMake package in '/workspaces/TIAgo_humble/ros2_ws/src/pal_hey5/pal_hey5'
[4.556s] INFO:colcon.colcon_core.shell:Skip shell extension 'powershell' for command environment: Not usable outside of PowerShell
[4.556s] DEBUG:colcon.colcon_core.shell:Skip shell extension 'dsv' for command environment
[4.572s] DEBUG:colcon.colcon_core.event_handler.log_command:Invoked command in '/workspaces/TIAgo_humble/build/pal_robotiq_gripper' returned '0': AMENT_PREFIX_PATH=/workspaces/TIAgo_humble/install/pal_robotiq_description:/workspaces/TIAgo_humble/install/pal_robotiq_controller_configuration:${AMENT_PREFIX_PATH} CMAKE_PREFIX_PATH=/workspaces/TIAgo_humble/install/pal_robotiq_description:/workspaces/TIAgo_humble/install/pal_robotiq_controller_configuration:/opt/ros/humble /usr/bin/cmake --build /workspaces/TIAgo_humble/build/pal_robotiq_gripper -- -j24 -l24
[4.576s] DEBUG:colcon.colcon_core.event_handler.log_command:Invoking command in '/workspaces/TIAgo_humble/build/pal_robotiq_gripper': AMENT_PREFIX_PATH=/workspaces/TIAgo_humble/install/pal_robotiq_description:/workspaces/TIAgo_humble/install/pal_robotiq_controller_configuration:${AMENT_PREFIX_PATH} CMAKE_PREFIX_PATH=/workspaces/TIAgo_humble/install/pal_robotiq_description:/workspaces/TIAgo_humble/install/pal_robotiq_controller_configuration:/opt/ros/humble /usr/bin/cmake --install /workspaces/TIAgo_humble/build/pal_robotiq_gripper
[4.583s] DEBUG:colcon.colcon_core.event_handler.log_command:Invoking command in '/workspaces/TIAgo_humble/build/pal_hey5': AMENT_PREFIX_PATH=/workspaces/TIAgo_humble/install/pal_hey5_description:/workspaces/TIAgo_humble/install/pal_urdf_utils:/workspaces/TIAgo_humble/install/pal_hey5_controller_configuration:${AMENT_PREFIX_PATH} CMAKE_PREFIX_PATH=/workspaces/TIAgo_humble/install/pal_hey5_description:/workspaces/TIAgo_humble/install/pal_urdf_utils:/workspaces/TIAgo_humble/install/pal_hey5_controller_configuration:/opt/ros/humble /usr/bin/cmake /workspaces/TIAgo_humble/ros2_ws/src/pal_hey5/pal_hey5 -DCMAKE_BUILD_TYPE=Release -DAMENT_CMAKE_SYMLINK_INSTALL=1 -DCMAKE_INSTALL_PREFIX=/workspaces/TIAgo_humble/install/pal_hey5
[4.621s] DEBUG:colcon.colcon_core.event_handler.log_command:Invoked command in '/workspaces/TIAgo_humble/build/tiago_controller_configuration' returned '0': AMENT_PREFIX_PATH=/workspaces/TIAgo_humble/install/pmb2_controller_configuration:/workspaces/TIAgo_humble/install/pal_robotiq_controller_configuration:/workspaces/TIAgo_humble/install/pal_hey5_controller_configuration:/workspaces/TIAgo_humble/install/pal_gripper_controller_configuration:/workspaces/TIAgo_humble/install/omni_base_controller_configuration:/workspaces/TIAgo_humble/install/launch_pal:${AMENT_PREFIX_PATH} CMAKE_PREFIX_PATH=/workspaces/TIAgo_humble/install/pmb2_controller_configuration:/workspaces/TIAgo_humble/install/pal_robotiq_controller_configuration:/workspaces/TIAgo_humble/install/pal_hey5_controller_configuration:/workspaces/TIAgo_humble/install/pal_gripper_controller_configuration:/workspaces/TIAgo_humble/install/omni_base_controller_configuration:/opt/ros/humble PYTHONPATH=/workspaces/TIAgo_humble/build/launch_pal:/workspaces/TIAgo_humble/install/launch_pal/lib/python3.10/site-packages:${PYTHONPATH} /usr/bin/cmake /workspaces/TIAgo_humble/ros2_ws/src/tiago_robot/tiago_controller_configuration -DCMAKE_BUILD_TYPE=Release -DAMENT_CMAKE_SYMLINK_INSTALL=1 -DCMAKE_INSTALL_PREFIX=/workspaces/TIAgo_humble/install/tiago_controller_configuration
[4.622s] DEBUG:colcon.colcon_core.event_handler.log_command:Invoking command in '/workspaces/TIAgo_humble/build/tiago_controller_configuration': AMENT_PREFIX_PATH=/workspaces/TIAgo_humble/install/pmb2_controller_configuration:/workspaces/TIAgo_humble/install/pal_robotiq_controller_configuration:/workspaces/TIAgo_humble/install/pal_hey5_controller_configuration:/workspaces/TIAgo_humble/install/pal_gripper_controller_configuration:/workspaces/TIAgo_humble/install/omni_base_controller_configuration:/workspaces/TIAgo_humble/install/launch_pal:${AMENT_PREFIX_PATH} CMAKE_PREFIX_PATH=/workspaces/TIAgo_humble/install/pmb2_controller_configuration:/workspaces/TIAgo_humble/install/pal_robotiq_controller_configuration:/workspaces/TIAgo_humble/install/pal_hey5_controller_configuration:/workspaces/TIAgo_humble/install/pal_gripper_controller_configuration:/workspaces/TIAgo_humble/install/omni_base_controller_configuration:/opt/ros/humble PYTHONPATH=/workspaces/TIAgo_humble/build/launch_pal:/workspaces/TIAgo_humble/install/launch_pal/lib/python3.10/site-packages:${PYTHONPATH} /usr/bin/cmake --build /workspaces/TIAgo_humble/build/tiago_controller_configuration -- -j24 -l24
[4.666s] DEBUG:colcon.colcon_core.event_handler.log_command:Invoked command in '/workspaces/TIAgo_humble/build/pmb2_navigation' returned '0': AMENT_PREFIX_PATH=/workspaces/TIAgo_humble/install/pmb2_2dnav:/workspaces/TIAgo_humble/install/pmb2_laser_sensors:/workspaces/TIAgo_humble/install/pal_maps:/workspaces/TIAgo_humble/install/launch_pal:${AMENT_PREFIX_PATH} CMAKE_PREFIX_PATH=/workspaces/TIAgo_humble/install/pmb2_2dnav:/workspaces/TIAgo_humble/install/pmb2_laser_sensors:/workspaces/TIAgo_humble/install/pal_maps:/opt/ros/humble PYTHONPATH=/workspaces/TIAgo_humble/build/launch_pal:/workspaces/TIAgo_humble/install/launch_pal/lib/python3.10/site-packages:${PYTHONPATH} /usr/bin/cmake /workspaces/TIAgo_humble/ros2_ws/src/pmb2_navigation/pmb2_navigation -DCMAKE_BUILD_TYPE=Release -DAMENT_CMAKE_SYMLINK_INSTALL=1 -DCMAKE_INSTALL_PREFIX=/workspaces/TIAgo_humble/install/pmb2_navigation
[4.670s] DEBUG:colcon.colcon_core.event_handler.log_command:Invoking command in '/workspaces/TIAgo_humble/build/pmb2_navigation': AMENT_PREFIX_PATH=/workspaces/TIAgo_humble/install/pmb2_2dnav:/workspaces/TIAgo_humble/install/pmb2_laser_sensors:/workspaces/TIAgo_humble/install/pal_maps:/workspaces/TIAgo_humble/install/launch_pal:${AMENT_PREFIX_PATH} CMAKE_PREFIX_PATH=/workspaces/TIAgo_humble/install/pmb2_2dnav:/workspaces/TIAgo_humble/install/pmb2_laser_sensors:/workspaces/TIAgo_humble/install/pal_maps:/opt/ros/humble PYTHONPATH=/workspaces/TIAgo_humble/build/launch_pal:/workspaces/TIAgo_humble/install/launch_pal/lib/python3.10/site-packages:${PYTHONPATH} /usr/bin/cmake --build /workspaces/TIAgo_humble/build/pmb2_navigation -- -j24 -l24
[4.726s] DEBUG:colcon.colcon_core.event_handler.log_command:Invoked command in '/workspaces/TIAgo_humble/build/tiago_controller_configuration' returned '0': AMENT_PREFIX_PATH=/workspaces/TIAgo_humble/install/pmb2_controller_configuration:/workspaces/TIAgo_humble/install/pal_robotiq_controller_configuration:/workspaces/TIAgo_humble/install/pal_hey5_controller_configuration:/workspaces/TIAgo_humble/install/pal_gripper_controller_configuration:/workspaces/TIAgo_humble/install/omni_base_controller_configuration:/workspaces/TIAgo_humble/install/launch_pal:${AMENT_PREFIX_PATH} CMAKE_PREFIX_PATH=/workspaces/TIAgo_humble/install/pmb2_controller_configuration:/workspaces/TIAgo_humble/install/pal_robotiq_controller_configuration:/workspaces/TIAgo_humble/install/pal_hey5_controller_configuration:/workspaces/TIAgo_humble/install/pal_gripper_controller_configuration:/workspaces/TIAgo_humble/install/omni_base_controller_configuration:/opt/ros/humble PYTHONPATH=/workspaces/TIAgo_humble/build/launch_pal:/workspaces/TIAgo_humble/install/launch_pal/lib/python3.10/site-packages:${PYTHONPATH} /usr/bin/cmake --build /workspaces/TIAgo_humble/build/tiago_controller_configuration -- -j24 -l24
[4.733s] DEBUG:colcon.colcon_core.event_handler.log_command:Invoking command in '/workspaces/TIAgo_humble/build/tiago_controller_configuration': AMENT_PREFIX_PATH=/workspaces/TIAgo_humble/install/pmb2_controller_configuration:/workspaces/TIAgo_humble/install/pal_robotiq_controller_configuration:/workspaces/TIAgo_humble/install/pal_hey5_controller_configuration:/workspaces/TIAgo_humble/install/pal_gripper_controller_configuration:/workspaces/TIAgo_humble/install/omni_base_controller_configuration:/workspaces/TIAgo_humble/install/launch_pal:${AMENT_PREFIX_PATH} CMAKE_PREFIX_PATH=/workspaces/TIAgo_humble/install/pmb2_controller_configuration:/workspaces/TIAgo_humble/install/pal_robotiq_controller_configuration:/workspaces/TIAgo_humble/install/pal_hey5_controller_configuration:/workspaces/TIAgo_humble/install/pal_gripper_controller_configuration:/workspaces/TIAgo_humble/install/omni_base_controller_configuration:/opt/ros/humble PYTHONPATH=/workspaces/TIAgo_humble/build/launch_pal:/workspaces/TIAgo_humble/install/launch_pal/lib/python3.10/site-packages:${PYTHONPATH} /usr/bin/cmake --install /workspaces/TIAgo_humble/build/tiago_controller_configuration
[4.744s] DEBUG:colcon.colcon_core.event_handler.log_command:Invoked command in '/workspaces/TIAgo_humble/build/tiago_2dnav' returned '0': AMENT_PREFIX_PATH=/workspaces/TIAgo_humble/install/pmb2_2dnav:/workspaces/TIAgo_humble/install/pal_maps:/workspaces/TIAgo_humble/install/launch_pal:${AMENT_PREFIX_PATH} CMAKE_PREFIX_PATH=/workspaces/TIAgo_humble/install/pmb2_2dnav:/workspaces/TIAgo_humble/install/pal_maps:/opt/ros/humble PYTHONPATH=/workspaces/TIAgo_humble/build/launch_pal:/workspaces/TIAgo_humble/install/launch_pal/lib/python3.10/site-packages:${PYTHONPATH} /usr/bin/cmake /workspaces/TIAgo_humble/ros2_ws/src/tiago_navigation/tiago_2dnav -DCMAKE_BUILD_TYPE=Release -DAMENT_CMAKE_SYMLINK_INSTALL=1 -DCMAKE_INSTALL_PREFIX=/workspaces/TIAgo_humble/install/tiago_2dnav
[4.745s] DEBUG:colcon.colcon_core.event_handler.log_command:Invoking command in '/workspaces/TIAgo_humble/build/tiago_2dnav': AMENT_PREFIX_PATH=/workspaces/TIAgo_humble/install/pmb2_2dnav:/workspaces/TIAgo_humble/install/pal_maps:/workspaces/TIAgo_humble/install/launch_pal:${AMENT_PREFIX_PATH} CMAKE_PREFIX_PATH=/workspaces/TIAgo_humble/install/pmb2_2dnav:/workspaces/TIAgo_humble/install/pal_maps:/opt/ros/humble PYTHONPATH=/workspaces/TIAgo_humble/build/launch_pal:/workspaces/TIAgo_humble/install/launch_pal/lib/python3.10/site-packages:${PYTHONPATH} /usr/bin/cmake --build /workspaces/TIAgo_humble/build/tiago_2dnav -- -j24 -l24
[4.775s] DEBUG:colcon.colcon_core.event_handler.log_command:Invoked command in '/workspaces/TIAgo_humble/build/pmb2_navigation' returned '0': AMENT_PREFIX_PATH=/workspaces/TIAgo_humble/install/pmb2_2dnav:/workspaces/TIAgo_humble/install/pmb2_laser_sensors:/workspaces/TIAgo_humble/install/pal_maps:/workspaces/TIAgo_humble/install/launch_pal:${AMENT_PREFIX_PATH} CMAKE_PREFIX_PATH=/workspaces/TIAgo_humble/install/pmb2_2dnav:/workspaces/TIAgo_humble/install/pmb2_laser_sensors:/workspaces/TIAgo_humble/install/pal_maps:/opt/ros/humble PYTHONPATH=/workspaces/TIAgo_humble/build/launch_pal:/workspaces/TIAgo_humble/install/launch_pal/lib/python3.10/site-packages:${PYTHONPATH} /usr/bin/cmake --build /workspaces/TIAgo_humble/build/pmb2_navigation -- -j24 -l24
[4.778s] DEBUG:colcon.colcon_core.event_handler.log_command:Invoking command in '/workspaces/TIAgo_humble/build/pmb2_navigation': AMENT_PREFIX_PATH=/workspaces/TIAgo_humble/install/pmb2_2dnav:/workspaces/TIAgo_humble/install/pmb2_laser_sensors:/workspaces/TIAgo_humble/install/pal_maps:/workspaces/TIAgo_humble/install/launch_pal:${AMENT_PREFIX_PATH} CMAKE_PREFIX_PATH=/workspaces/TIAgo_humble/install/pmb2_2dnav:/workspaces/TIAgo_humble/install/pmb2_laser_sensors:/workspaces/TIAgo_humble/install/pal_maps:/opt/ros/humble PYTHONPATH=/workspaces/TIAgo_humble/build/launch_pal:/workspaces/TIAgo_humble/install/launch_pal/lib/python3.10/site-packages:${PYTHONPATH} /usr/bin/cmake --install /workspaces/TIAgo_humble/build/pmb2_navigation
[4.815s] DEBUG:colcon.colcon_core.event_handler.log_command:Invoked command in '/workspaces/TIAgo_humble/build/tiago_2dnav' returned '0': AMENT_PREFIX_PATH=/workspaces/TIAgo_humble/install/pmb2_2dnav:/workspaces/TIAgo_humble/install/pal_maps:/workspaces/TIAgo_humble/install/launch_pal:${AMENT_PREFIX_PATH} CMAKE_PREFIX_PATH=/workspaces/TIAgo_humble/install/pmb2_2dnav:/workspaces/TIAgo_humble/install/pal_maps:/opt/ros/humble PYTHONPATH=/workspaces/TIAgo_humble/build/launch_pal:/workspaces/TIAgo_humble/install/launch_pal/lib/python3.10/site-packages:${PYTHONPATH} /usr/bin/cmake --build /workspaces/TIAgo_humble/build/tiago_2dnav -- -j24 -l24
[4.817s] DEBUG:colcon.colcon_core.event_handler.log_command:Invoking command in '/workspaces/TIAgo_humble/build/tiago_2dnav': AMENT_PREFIX_PATH=/workspaces/TIAgo_humble/install/pmb2_2dnav:/workspaces/TIAgo_humble/install/pal_maps:/workspaces/TIAgo_humble/install/launch_pal:${AMENT_PREFIX_PATH} CMAKE_PREFIX_PATH=/workspaces/TIAgo_humble/install/pmb2_2dnav:/workspaces/TIAgo_humble/install/pal_maps:/opt/ros/humble PYTHONPATH=/workspaces/TIAgo_humble/build/launch_pal:/workspaces/TIAgo_humble/install/launch_pal/lib/python3.10/site-packages:${PYTHONPATH} /usr/bin/cmake --install /workspaces/TIAgo_humble/build/tiago_2dnav
[4.914s] Level 1:colcon.colcon_core.environment:create_environment_scripts_only(pal_robotiq_gripper)
[4.915s] Level 1:colcon.colcon_core.environment:checking '/workspaces/TIAgo_humble/install/pal_robotiq_gripper' for CMake module files
[4.918s] Level 1:colcon.colcon_core.environment:checking '/workspaces/TIAgo_humble/install/pal_robotiq_gripper' for CMake config files
[4.917s] DEBUG:colcon.colcon_core.event_handler.log_command:Invoked command in '/workspaces/TIAgo_humble/build/pal_robotiq_gripper' returned '0': AMENT_PREFIX_PATH=/workspaces/TIAgo_humble/install/pal_robotiq_description:/workspaces/TIAgo_humble/install/pal_robotiq_controller_configuration:${AMENT_PREFIX_PATH} CMAKE_PREFIX_PATH=/workspaces/TIAgo_humble/install/pal_robotiq_description:/workspaces/TIAgo_humble/install/pal_robotiq_controller_configuration:/opt/ros/humble /usr/bin/cmake --install /workspaces/TIAgo_humble/build/pal_robotiq_gripper
[4.919s] Level 1:colcon.colcon_core.shell:create_environment_hook('pal_robotiq_gripper', 'cmake_prefix_path')
[4.920s] INFO:colcon.colcon_core.shell:Creating environment hook '/workspaces/TIAgo_humble/install/pal_robotiq_gripper/share/pal_robotiq_gripper/hook/cmake_prefix_path.ps1'
[4.921s] INFO:colcon.colcon_core.shell:Creating environment descriptor '/workspaces/TIAgo_humble/install/pal_robotiq_gripper/share/pal_robotiq_gripper/hook/cmake_prefix_path.dsv'
[4.922s] INFO:colcon.colcon_core.shell:Creating environment hook '/workspaces/TIAgo_humble/install/pal_robotiq_gripper/share/pal_robotiq_gripper/hook/cmake_prefix_path.sh'
[4.923s] Level 1:colcon.colcon_core.environment:checking '/workspaces/TIAgo_humble/install/pal_robotiq_gripper/bin'
[4.923s] Level 1:colcon.colcon_core.environment:checking '/workspaces/TIAgo_humble/install/pal_robotiq_gripper/lib/pkgconfig/pal_robotiq_gripper.pc'
[4.925s] Level 1:colcon.colcon_core.environment:checking '/workspaces/TIAgo_humble/install/pal_robotiq_gripper/lib/python3.10/site-packages'
[4.926s] Level 1:colcon.colcon_core.environment:checking '/workspaces/TIAgo_humble/install/pal_robotiq_gripper/bin'
[4.927s] INFO:colcon.colcon_core.shell:Creating package script '/workspaces/TIAgo_humble/install/pal_robotiq_gripper/share/pal_robotiq_gripper/package.ps1'
[4.930s] INFO:colcon.colcon_core.shell:Creating package descriptor '/workspaces/TIAgo_humble/install/pal_robotiq_gripper/share/pal_robotiq_gripper/package.dsv'
[4.932s] INFO:colcon.colcon_core.shell:Creating package script '/workspaces/TIAgo_humble/install/pal_robotiq_gripper/share/pal_robotiq_gripper/package.sh'
[4.934s] INFO:colcon.colcon_core.shell:Creating package script '/workspaces/TIAgo_humble/install/pal_robotiq_gripper/share/pal_robotiq_gripper/package.bash'
[4.945s] INFO:colcon.colcon_core.shell:Creating package script '/workspaces/TIAgo_humble/install/pal_robotiq_gripper/share/pal_robotiq_gripper/package.zsh'
[4.946s] Level 1:colcon.colcon_core.environment:create_file_with_runtime_dependencies(/workspaces/TIAgo_humble/install/pal_robotiq_gripper/share/colcon-core/packages/pal_robotiq_gripper)
[4.948s] Level 1:colcon.colcon_core.environment:create_environment_scripts_only(pal_robotiq_gripper)
[4.948s] Level 1:colcon.colcon_core.environment:checking '/workspaces/TIAgo_humble/install/pal_robotiq_gripper' for CMake module files
[4.950s] Level 1:colcon.colcon_core.environment:checking '/workspaces/TIAgo_humble/install/pal_robotiq_gripper' for CMake config files
[4.952s] Level 1:colcon.colcon_core.shell:create_environment_hook('pal_robotiq_gripper', 'cmake_prefix_path')
[4.952s] INFO:colcon.colcon_core.shell:Creating environment hook '/workspaces/TIAgo_humble/install/pal_robotiq_gripper/share/pal_robotiq_gripper/hook/cmake_prefix_path.ps1'
[4.954s] INFO:colcon.colcon_core.shell:Creating environment descriptor '/workspaces/TIAgo_humble/install/pal_robotiq_gripper/share/pal_robotiq_gripper/hook/cmake_prefix_path.dsv'
[4.958s] INFO:colcon.colcon_core.shell:Creating environment hook '/workspaces/TIAgo_humble/install/pal_robotiq_gripper/share/pal_robotiq_gripper/hook/cmake_prefix_path.sh'
[4.963s] Level 1:colcon.colcon_core.environment:checking '/workspaces/TIAgo_humble/install/pal_robotiq_gripper/bin'
[4.964s] Level 1:colcon.colcon_core.environment:checking '/workspaces/TIAgo_humble/install/pal_robotiq_gripper/lib/pkgconfig/pal_robotiq_gripper.pc'
[4.968s] Level 1:colcon.colcon_core.environment:checking '/workspaces/TIAgo_humble/install/pal_robotiq_gripper/lib/python3.10/site-packages'
[4.972s] Level 1:colcon.colcon_core.environment:checking '/workspaces/TIAgo_humble/install/pal_robotiq_gripper/bin'
[4.973s] INFO:colcon.colcon_core.shell:Creating package script '/workspaces/TIAgo_humble/install/pal_robotiq_gripper/share/pal_robotiq_gripper/package.ps1'
[4.974s] INFO:colcon.colcon_core.shell:Creating package descriptor '/workspaces/TIAgo_humble/install/pal_robotiq_gripper/share/pal_robotiq_gripper/package.dsv'
[4.975s] INFO:colcon.colcon_core.shell:Creating package script '/workspaces/TIAgo_humble/install/pal_robotiq_gripper/share/pal_robotiq_gripper/package.sh'
[4.975s] INFO:colcon.colcon_core.shell:Creating package script '/workspaces/TIAgo_humble/install/pal_robotiq_gripper/share/pal_robotiq_gripper/package.bash'
[4.976s] INFO:colcon.colcon_core.shell:Creating package script '/workspaces/TIAgo_humble/install/pal_robotiq_gripper/share/pal_robotiq_gripper/package.zsh'
[4.977s] Level 1:colcon.colcon_core.environment:create_file_with_runtime_dependencies(/workspaces/TIAgo_humble/install/pal_robotiq_gripper/share/colcon-core/packages/pal_robotiq_gripper)
[5.071s] Level 1:colcon.colcon_core.environment:create_environment_scripts_only(pmb2_navigation)
[5.071s] Level 1:colcon.colcon_core.environment:checking '/workspaces/TIAgo_humble/install/pmb2_navigation' for CMake module files
[5.072s] Level 1:colcon.colcon_core.environment:checking '/workspaces/TIAgo_humble/install/pmb2_navigation' for CMake config files
[5.072s] Level 1:colcon.colcon_core.shell:create_environment_hook('pmb2_navigation', 'cmake_prefix_path')
[5.073s] INFO:colcon.colcon_core.shell:Creating environment hook '/workspaces/TIAgo_humble/install/pmb2_navigation/share/pmb2_navigation/hook/cmake_prefix_path.ps1'
[5.074s] DEBUG:colcon.colcon_core.event_handler.log_command:Invoked command in '/workspaces/TIAgo_humble/build/pmb2_navigation' returned '0': AMENT_PREFIX_PATH=/workspaces/TIAgo_humble/install/pmb2_2dnav:/workspaces/TIAgo_humble/install/pmb2_laser_sensors:/workspaces/TIAgo_humble/install/pal_maps:/workspaces/TIAgo_humble/install/launch_pal:${AMENT_PREFIX_PATH} CMAKE_PREFIX_PATH=/workspaces/TIAgo_humble/install/pmb2_2dnav:/workspaces/TIAgo_humble/install/pmb2_laser_sensors:/workspaces/TIAgo_humble/install/pal_maps:/opt/ros/humble PYTHONPATH=/workspaces/TIAgo_humble/build/launch_pal:/workspaces/TIAgo_humble/install/launch_pal/lib/python3.10/site-packages:${PYTHONPATH} /usr/bin/cmake --install /workspaces/TIAgo_humble/build/pmb2_navigation
[5.074s] INFO:colcon.colcon_core.shell:Creating environment descriptor '/workspaces/TIAgo_humble/install/pmb2_navigation/share/pmb2_navigation/hook/cmake_prefix_path.dsv'
[5.075s] INFO:colcon.colcon_core.shell:Creating environment hook '/workspaces/TIAgo_humble/install/pmb2_navigation/share/pmb2_navigation/hook/cmake_prefix_path.sh'
[5.076s] Level 1:colcon.colcon_core.environment:checking '/workspaces/TIAgo_humble/install/pmb2_navigation/bin'
[5.076s] Level 1:colcon.colcon_core.environment:checking '/workspaces/TIAgo_humble/install/pmb2_navigation/lib/pkgconfig/pmb2_navigation.pc'
[5.107s] Level 1:colcon.colcon_core.environment:checking '/workspaces/TIAgo_humble/install/pmb2_navigation/lib/python3.10/site-packages'
[5.108s] Level 1:colcon.colcon_core.environment:checking '/workspaces/TIAgo_humble/install/pmb2_navigation/bin'
[5.109s] INFO:colcon.colcon_core.shell:Creating package script '/workspaces/TIAgo_humble/install/pmb2_navigation/share/pmb2_navigation/package.ps1'
[5.111s] INFO:colcon.colcon_core.shell:Creating package descriptor '/workspaces/TIAgo_humble/install/pmb2_navigation/share/pmb2_navigation/package.dsv'
[5.112s] INFO:colcon.colcon_core.shell:Creating package script '/workspaces/TIAgo_humble/install/pmb2_navigation/share/pmb2_navigation/package.sh'
[5.114s] INFO:colcon.colcon_core.shell:Creating package script '/workspaces/TIAgo_humble/install/pmb2_navigation/share/pmb2_navigation/package.bash'
[5.115s] INFO:colcon.colcon_core.shell:Creating package script '/workspaces/TIAgo_humble/install/pmb2_navigation/share/pmb2_navigation/package.zsh'
[5.116s] Level 1:colcon.colcon_core.environment:create_file_with_runtime_dependencies(/workspaces/TIAgo_humble/install/pmb2_navigation/share/colcon-core/packages/pmb2_navigation)
[5.117s] Level 1:colcon.colcon_core.environment:create_environment_scripts_only(pmb2_navigation)
[5.118s] Level 1:colcon.colcon_core.environment:checking '/workspaces/TIAgo_humble/install/pmb2_navigation' for CMake module files
[5.119s] Level 1:colcon.colcon_core.environment:checking '/workspaces/TIAgo_humble/install/pmb2_navigation' for CMake config files
[5.119s] Level 1:colcon.colcon_core.shell:create_environment_hook('pmb2_navigation', 'cmake_prefix_path')
[5.120s] INFO:colcon.colcon_core.shell:Creating environment hook '/workspaces/TIAgo_humble/install/pmb2_navigation/share/pmb2_navigation/hook/cmake_prefix_path.ps1'
[5.121s] INFO:colcon.colcon_core.shell:Creating environment descriptor '/workspaces/TIAgo_humble/install/pmb2_navigation/share/pmb2_navigation/hook/cmake_prefix_path.dsv'
[5.121s] INFO:colcon.colcon_core.shell:Creating environment hook '/workspaces/TIAgo_humble/install/pmb2_navigation/share/pmb2_navigation/hook/cmake_prefix_path.sh'
[5.123s] Level 1:colcon.colcon_core.environment:checking '/workspaces/TIAgo_humble/install/pmb2_navigation/bin'
[5.123s] Level 1:colcon.colcon_core.environment:checking '/workspaces/TIAgo_humble/install/pmb2_navigation/lib/pkgconfig/pmb2_navigation.pc'
[5.123s] Level 1:colcon.colcon_core.environment:checking '/workspaces/TIAgo_humble/install/pmb2_navigation/lib/python3.10/site-packages'
[5.124s] Level 1:colcon.colcon_core.environment:checking '/workspaces/TIAgo_humble/install/pmb2_navigation/bin'
[5.125s] INFO:colcon.colcon_core.shell:Creating package script '/workspaces/TIAgo_humble/install/pmb2_navigation/share/pmb2_navigation/package.ps1'
[5.126s] INFO:colcon.colcon_core.shell:Creating package descriptor '/workspaces/TIAgo_humble/install/pmb2_navigation/share/pmb2_navigation/package.dsv'
[5.127s] INFO:colcon.colcon_core.shell:Creating package script '/workspaces/TIAgo_humble/install/pmb2_navigation/share/pmb2_navigation/package.sh'
[5.128s] INFO:colcon.colcon_core.shell:Creating package script '/workspaces/TIAgo_humble/install/pmb2_navigation/share/pmb2_navigation/package.bash'
[5.129s] INFO:colcon.colcon_core.shell:Creating package script '/workspaces/TIAgo_humble/install/pmb2_navigation/share/pmb2_navigation/package.zsh'
[5.130s] Level 1:colcon.colcon_core.environment:create_file_with_runtime_dependencies(/workspaces/TIAgo_humble/install/pmb2_navigation/share/colcon-core/packages/pmb2_navigation)
[5.174s] Level 1:colcon.colcon_core.environment:create_environment_scripts_only(tiago_2dnav)
[5.175s] Level 1:colcon.colcon_core.environment:checking '/workspaces/TIAgo_humble/install/tiago_2dnav' for CMake module files
[5.175s] Level 1:colcon.colcon_core.environment:checking '/workspaces/TIAgo_humble/install/tiago_2dnav' for CMake config files
[5.175s] Level 1:colcon.colcon_core.shell:create_environment_hook('tiago_2dnav', 'cmake_prefix_path')
[5.176s] INFO:colcon.colcon_core.shell:Creating environment hook '/workspaces/TIAgo_humble/install/tiago_2dnav/share/tiago_2dnav/hook/cmake_prefix_path.ps1'
[5.180s] INFO:colcon.colcon_core.shell:Creating environment descriptor '/workspaces/TIAgo_humble/install/tiago_2dnav/share/tiago_2dnav/hook/cmake_prefix_path.dsv'
[5.181s] INFO:colcon.colcon_core.shell:Creating environment hook '/workspaces/TIAgo_humble/install/tiago_2dnav/share/tiago_2dnav/hook/cmake_prefix_path.sh'
[5.182s] Level 1:colcon.colcon_core.environment:checking '/workspaces/TIAgo_humble/install/tiago_2dnav/bin'
[5.182s] Level 1:colcon.colcon_core.environment:checking '/workspaces/TIAgo_humble/install/tiago_2dnav/lib/pkgconfig/tiago_2dnav.pc'
[5.182s] Level 1:colcon.colcon_core.environment:checking '/workspaces/TIAgo_humble/install/tiago_2dnav/lib/python3.10/site-packages'
[5.183s] Level 1:colcon.colcon_core.environment:checking '/workspaces/TIAgo_humble/install/tiago_2dnav/bin'
[5.183s] INFO:colcon.colcon_core.shell:Creating package script '/workspaces/TIAgo_humble/install/tiago_2dnav/share/tiago_2dnav/package.ps1'
[5.184s] INFO:colcon.colcon_core.shell:Creating package descriptor '/workspaces/TIAgo_humble/install/tiago_2dnav/share/tiago_2dnav/package.dsv'
[5.188s] INFO:colcon.colcon_core.shell:Creating package script '/workspaces/TIAgo_humble/install/tiago_2dnav/share/tiago_2dnav/package.sh'
[5.188s] INFO:colcon.colcon_core.shell:Creating package script '/workspaces/TIAgo_humble/install/tiago_2dnav/share/tiago_2dnav/package.bash'
[5.191s] DEBUG:colcon.colcon_core.event_handler.log_command:Invoked command in '/workspaces/TIAgo_humble/build/tiago_2dnav' returned '0': AMENT_PREFIX_PATH=/workspaces/TIAgo_humble/install/pmb2_2dnav:/workspaces/TIAgo_humble/install/pal_maps:/workspaces/TIAgo_humble/install/launch_pal:${AMENT_PREFIX_PATH} CMAKE_PREFIX_PATH=/workspaces/TIAgo_humble/install/pmb2_2dnav:/workspaces/TIAgo_humble/install/pal_maps:/opt/ros/humble PYTHONPATH=/workspaces/TIAgo_humble/build/launch_pal:/workspaces/TIAgo_humble/install/launch_pal/lib/python3.10/site-packages:${PYTHONPATH} /usr/bin/cmake --install /workspaces/TIAgo_humble/build/tiago_2dnav
[5.192s] INFO:colcon.colcon_core.shell:Creating package script '/workspaces/TIAgo_humble/install/tiago_2dnav/share/tiago_2dnav/package.zsh'
[5.193s] Level 1:colcon.colcon_core.environment:create_file_with_runtime_dependencies(/workspaces/TIAgo_humble/install/tiago_2dnav/share/colcon-core/packages/tiago_2dnav)
[5.198s] Level 1:colcon.colcon_core.environment:create_environment_scripts_only(tiago_2dnav)
[5.200s] Level 1:colcon.colcon_core.environment:checking '/workspaces/TIAgo_humble/install/tiago_2dnav' for CMake module files
[5.200s] Level 1:colcon.colcon_core.environment:checking '/workspaces/TIAgo_humble/install/tiago_2dnav' for CMake config files
[5.201s] Level 1:colcon.colcon_core.shell:create_environment_hook('tiago_2dnav', 'cmake_prefix_path')
[5.202s] INFO:colcon.colcon_core.shell:Creating environment hook '/workspaces/TIAgo_humble/install/tiago_2dnav/share/tiago_2dnav/hook/cmake_prefix_path.ps1'
[5.215s] INFO:colcon.colcon_core.shell:Creating environment descriptor '/workspaces/TIAgo_humble/install/tiago_2dnav/share/tiago_2dnav/hook/cmake_prefix_path.dsv'
[5.216s] INFO:colcon.colcon_core.shell:Creating environment hook '/workspaces/TIAgo_humble/install/tiago_2dnav/share/tiago_2dnav/hook/cmake_prefix_path.sh'
[5.218s] Level 1:colcon.colcon_core.environment:checking '/workspaces/TIAgo_humble/install/tiago_2dnav/bin'
[5.218s] Level 1:colcon.colcon_core.environment:checking '/workspaces/TIAgo_humble/install/tiago_2dnav/lib/pkgconfig/tiago_2dnav.pc'
[5.218s] Level 1:colcon.colcon_core.environment:checking '/workspaces/TIAgo_humble/install/tiago_2dnav/lib/python3.10/site-packages'
[5.219s] Level 1:colcon.colcon_core.environment:checking '/workspaces/TIAgo_humble/install/tiago_2dnav/bin'
[5.220s] INFO:colcon.colcon_core.shell:Creating package script '/workspaces/TIAgo_humble/install/tiago_2dnav/share/tiago_2dnav/package.ps1'
[5.224s] INFO:colcon.colcon_core.shell:Creating package descriptor '/workspaces/TIAgo_humble/install/tiago_2dnav/share/tiago_2dnav/package.dsv'
[5.225s] INFO:colcon.colcon_core.shell:Creating package script '/workspaces/TIAgo_humble/install/tiago_2dnav/share/tiago_2dnav/package.sh'
[5.226s] INFO:colcon.colcon_core.shell:Creating package script '/workspaces/TIAgo_humble/install/tiago_2dnav/share/tiago_2dnav/package.bash'
[5.227s] INFO:colcon.colcon_core.shell:Creating package script '/workspaces/TIAgo_humble/install/tiago_2dnav/share/tiago_2dnav/package.zsh'
[5.228s] Level 1:colcon.colcon_core.environment:create_file_with_runtime_dependencies(/workspaces/TIAgo_humble/install/tiago_2dnav/share/colcon-core/packages/tiago_2dnav)
[5.229s] INFO:colcon.colcon_ros.task.ament_cmake.build:Building ROS package in '/workspaces/TIAgo_humble/ros2_ws/src/tiago_navigation/tiago_navigation' with build type 'ament_cmake'
[5.237s] INFO:colcon.colcon_cmake.task.cmake.build:Building CMake package in '/workspaces/TIAgo_humble/ros2_ws/src/tiago_navigation/tiago_navigation'
[5.238s] INFO:colcon.colcon_core.shell:Skip shell extension 'powershell' for command environment: Not usable outside of PowerShell
[5.240s] DEBUG:colcon.colcon_core.shell:Skip shell extension 'dsv' for command environment
[5.268s] DEBUG:colcon.colcon_core.event_handler.log_command:Invoked command in '/workspaces/TIAgo_humble/build/pmb2_description' returned '0': AMENT_PREFIX_PATH=/workspaces/TIAgo_humble/install/pal_urdf_utils:/workspaces/TIAgo_humble/install/launch_pal:${AMENT_PREFIX_PATH} CMAKE_PREFIX_PATH=/workspaces/TIAgo_humble/install/pal_urdf_utils:/opt/ros/humble PYTHONPATH=/workspaces/TIAgo_humble/build/launch_pal:/workspaces/TIAgo_humble/install/launch_pal/lib/python3.10/site-packages:${PYTHONPATH} /usr/bin/cmake /workspaces/TIAgo_humble/ros2_ws/src/pmb2_robot/pmb2_description -DCMAKE_BUILD_TYPE=Release -DAMENT_CMAKE_SYMLINK_INSTALL=1 -DCMAKE_INSTALL_PREFIX=/workspaces/TIAgo_humble/install/pmb2_description
[5.270s] DEBUG:colcon.colcon_core.event_handler.log_command:Invoking command in '/workspaces/TIAgo_humble/build/pmb2_description': AMENT_PREFIX_PATH=/workspaces/TIAgo_humble/install/pal_urdf_utils:/workspaces/TIAgo_humble/install/launch_pal:${AMENT_PREFIX_PATH} CMAKE_PREFIX_PATH=/workspaces/TIAgo_humble/install/pal_urdf_utils:/opt/ros/humble PYTHONPATH=/workspaces/TIAgo_humble/build/launch_pal:/workspaces/TIAgo_humble/install/launch_pal/lib/python3.10/site-packages:${PYTHONPATH} /usr/bin/cmake --build /workspaces/TIAgo_humble/build/pmb2_description -- -j24 -l24
[5.279s] DEBUG:colcon.colcon_core.event_handler.log_command:Invoking command in '/workspaces/TIAgo_humble/build/tiago_navigation': AMENT_PREFIX_PATH=/workspaces/TIAgo_humble/install/tiago_2dnav:/workspaces/TIAgo_humble/install/tiago_laser_sensors:/workspaces/TIAgo_humble/install/pmb2_2dnav:/workspaces/TIAgo_humble/install/tiago_rgbd_sensors:/workspaces/TIAgo_humble/install/pmb2_laser_sensors:/workspaces/TIAgo_humble/install/pal_maps:/workspaces/TIAgo_humble/install/launch_pal:${AMENT_PREFIX_PATH} CMAKE_PREFIX_PATH=/workspaces/TIAgo_humble/install/tiago_2dnav:/workspaces/TIAgo_humble/install/tiago_laser_sensors:/workspaces/TIAgo_humble/install/pmb2_2dnav:/workspaces/TIAgo_humble/install/tiago_rgbd_sensors:/workspaces/TIAgo_humble/install/pmb2_laser_sensors:/workspaces/TIAgo_humble/install/pal_maps:/opt/ros/humble PYTHONPATH=/workspaces/TIAgo_humble/build/launch_pal:/workspaces/TIAgo_humble/install/launch_pal/lib/python3.10/site-packages:${PYTHONPATH} /usr/bin/cmake /workspaces/TIAgo_humble/ros2_ws/src/tiago_navigation/tiago_navigation -DCMAKE_BUILD_TYPE=Release -DAMENT_CMAKE_SYMLINK_INSTALL=1 -DCMAKE_INSTALL_PREFIX=/workspaces/TIAgo_humble/install/tiago_navigation
[5.303s] DEBUG:colcon.colcon_core.event_handler.log_command:Invoked command in '/workspaces/TIAgo_humble/build/omni_base_description' returned '0': AMENT_PREFIX_PATH=/workspaces/TIAgo_humble/install/pal_urdf_utils:/workspaces/TIAgo_humble/install/launch_pal:${AMENT_PREFIX_PATH} CMAKE_PREFIX_PATH=/workspaces/TIAgo_humble/install/pal_urdf_utils:/opt/ros/humble PYTHONPATH=/workspaces/TIAgo_humble/build/launch_pal:/workspaces/TIAgo_humble/install/launch_pal/lib/python3.10/site-packages:${PYTHONPATH} /usr/bin/cmake /workspaces/TIAgo_humble/ros2_ws/src/omni_base_robot/omni_base_description -DCMAKE_BUILD_TYPE=Release -DAMENT_CMAKE_SYMLINK_INSTALL=1 -DCMAKE_INSTALL_PREFIX=/workspaces/TIAgo_humble/install/omni_base_description
[5.303s] DEBUG:colcon.colcon_core.event_handler.log_command:Invoking command in '/workspaces/TIAgo_humble/build/omni_base_description': AMENT_PREFIX_PATH=/workspaces/TIAgo_humble/install/pal_urdf_utils:/workspaces/TIAgo_humble/install/launch_pal:${AMENT_PREFIX_PATH} CMAKE_PREFIX_PATH=/workspaces/TIAgo_humble/install/pal_urdf_utils:/opt/ros/humble PYTHONPATH=/workspaces/TIAgo_humble/build/launch_pal:/workspaces/TIAgo_humble/install/launch_pal/lib/python3.10/site-packages:${PYTHONPATH} /usr/bin/cmake --build /workspaces/TIAgo_humble/build/omni_base_description -- -j24 -l24
[5.347s] DEBUG:colcon.colcon_core.event_handler.log_command:Invoked command in '/workspaces/TIAgo_humble/build/pal_gazebo_plugins' returned '0': CMAKE_PREFIX_PATH=/opt/ros/humble /usr/bin/cmake /workspaces/TIAgo_humble/ros2_ws/src/pal_gazebo_plugins -DCMAKE_BUILD_TYPE=Release -DAMENT_CMAKE_SYMLINK_INSTALL=1 -DCMAKE_INSTALL_PREFIX=/workspaces/TIAgo_humble/install/pal_gazebo_plugins
[5.348s] DEBUG:colcon.colcon_core.event_handler.log_command:Invoking command in '/workspaces/TIAgo_humble/build/pal_gazebo_plugins': CMAKE_PREFIX_PATH=/opt/ros/humble /usr/bin/cmake --build /workspaces/TIAgo_humble/build/pal_gazebo_plugins -- -j24 -l24
[5.562s] Level 1:colcon.colcon_core.environment:create_environment_scripts_only(tiago_controller_configuration)
[5.563s] Level 1:colcon.colcon_core.environment:checking '/workspaces/TIAgo_humble/install/tiago_controller_configuration' for CMake module files
[5.564s] DEBUG:colcon.colcon_core.event_handler.log_command:Invoked command in '/workspaces/TIAgo_humble/build/tiago_controller_configuration' returned '0': AMENT_PREFIX_PATH=/workspaces/TIAgo_humble/install/pmb2_controller_configuration:/workspaces/TIAgo_humble/install/pal_robotiq_controller_configuration:/workspaces/TIAgo_humble/install/pal_hey5_controller_configuration:/workspaces/TIAgo_humble/install/pal_gripper_controller_configuration:/workspaces/TIAgo_humble/install/omni_base_controller_configuration:/workspaces/TIAgo_humble/install/launch_pal:${AMENT_PREFIX_PATH} CMAKE_PREFIX_PATH=/workspaces/TIAgo_humble/install/pmb2_controller_configuration:/workspaces/TIAgo_humble/install/pal_robotiq_controller_configuration:/workspaces/TIAgo_humble/install/pal_hey5_controller_configuration:/workspaces/TIAgo_humble/install/pal_gripper_controller_configuration:/workspaces/TIAgo_humble/install/omni_base_controller_configuration:/opt/ros/humble PYTHONPATH=/workspaces/TIAgo_humble/build/launch_pal:/workspaces/TIAgo_humble/install/launch_pal/lib/python3.10/site-packages:${PYTHONPATH} /usr/bin/cmake --install /workspaces/TIAgo_humble/build/tiago_controller_configuration
[5.567s] Level 1:colcon.colcon_core.environment:checking '/workspaces/TIAgo_humble/install/tiago_controller_configuration' for CMake config files
[5.567s] Level 1:colcon.colcon_core.shell:create_environment_hook('tiago_controller_configuration', 'cmake_prefix_path')
[5.570s] INFO:colcon.colcon_core.shell:Creating environment hook '/workspaces/TIAgo_humble/install/tiago_controller_configuration/share/tiago_controller_configuration/hook/cmake_prefix_path.ps1'
[5.575s] INFO:colcon.colcon_core.shell:Creating environment descriptor '/workspaces/TIAgo_humble/install/tiago_controller_configuration/share/tiago_controller_configuration/hook/cmake_prefix_path.dsv'
[5.576s] INFO:colcon.colcon_core.shell:Creating environment hook '/workspaces/TIAgo_humble/install/tiago_controller_configuration/share/tiago_controller_configuration/hook/cmake_prefix_path.sh'
[5.578s] Level 1:colcon.colcon_core.environment:checking '/workspaces/TIAgo_humble/install/tiago_controller_configuration/bin'
[5.582s] Level 1:colcon.colcon_core.environment:checking '/workspaces/TIAgo_humble/install/tiago_controller_configuration/lib/pkgconfig/tiago_controller_configuration.pc'
[5.583s] Level 1:colcon.colcon_core.environment:checking '/workspaces/TIAgo_humble/install/tiago_controller_configuration/lib/python3.10/site-packages'
[5.584s] Level 1:colcon.colcon_core.environment:checking '/workspaces/TIAgo_humble/install/tiago_controller_configuration/bin'
[5.584s] INFO:colcon.colcon_core.shell:Creating package script '/workspaces/TIAgo_humble/install/tiago_controller_configuration/share/tiago_controller_configuration/package.ps1'
[5.587s] INFO:colcon.colcon_core.shell:Creating package descriptor '/workspaces/TIAgo_humble/install/tiago_controller_configuration/share/tiago_controller_configuration/package.dsv'
[5.591s] INFO:colcon.colcon_core.shell:Creating package script '/workspaces/TIAgo_humble/install/tiago_controller_configuration/share/tiago_controller_configuration/package.sh'
[5.592s] INFO:colcon.colcon_core.shell:Creating package script '/workspaces/TIAgo_humble/install/tiago_controller_configuration/share/tiago_controller_configuration/package.bash'
[5.596s] INFO:colcon.colcon_core.shell:Creating package script '/workspaces/TIAgo_humble/install/tiago_controller_configuration/share/tiago_controller_configuration/package.zsh'
[5.597s] Level 1:colcon.colcon_core.environment:create_file_with_runtime_dependencies(/workspaces/TIAgo_humble/install/tiago_controller_configuration/share/colcon-core/packages/tiago_controller_configuration)
[5.599s] Level 1:colcon.colcon_core.environment:create_environment_scripts_only(tiago_controller_configuration)
[5.600s] Level 1:colcon.colcon_core.environment:checking '/workspaces/TIAgo_humble/install/tiago_controller_configuration' for CMake module files
[5.601s] Level 1:colcon.colcon_core.environment:checking '/workspaces/TIAgo_humble/install/tiago_controller_configuration' for CMake config files
[5.601s] Level 1:colcon.colcon_core.shell:create_environment_hook('tiago_controller_configuration', 'cmake_prefix_path')
[5.602s] INFO:colcon.colcon_core.shell:Creating environment hook '/workspaces/TIAgo_humble/install/tiago_controller_configuration/share/tiago_controller_configuration/hook/cmake_prefix_path.ps1'
[5.605s] INFO:colcon.colcon_core.shell:Creating environment descriptor '/workspaces/TIAgo_humble/install/tiago_controller_configuration/share/tiago_controller_configuration/hook/cmake_prefix_path.dsv'
[5.607s] INFO:colcon.colcon_core.shell:Creating environment hook '/workspaces/TIAgo_humble/install/tiago_controller_configuration/share/tiago_controller_configuration/hook/cmake_prefix_path.sh'
[5.612s] Level 1:colcon.colcon_core.environment:checking '/workspaces/TIAgo_humble/install/tiago_controller_configuration/bin'
[5.612s] Level 1:colcon.colcon_core.environment:checking '/workspaces/TIAgo_humble/install/tiago_controller_configuration/lib/pkgconfig/tiago_controller_configuration.pc'
[5.615s] Level 1:colcon.colcon_core.environment:checking '/workspaces/TIAgo_humble/install/tiago_controller_configuration/lib/python3.10/site-packages'
[5.616s] Level 1:colcon.colcon_core.environment:checking '/workspaces/TIAgo_humble/install/tiago_controller_configuration/bin'
[5.617s] INFO:colcon.colcon_core.shell:Creating package script '/workspaces/TIAgo_humble/install/tiago_controller_configuration/share/tiago_controller_configuration/package.ps1'
[5.624s] INFO:colcon.colcon_core.shell:Creating package descriptor '/workspaces/TIAgo_humble/install/tiago_controller_configuration/share/tiago_controller_configuration/package.dsv'
[5.626s] INFO:colcon.colcon_core.shell:Creating package script '/workspaces/TIAgo_humble/install/tiago_controller_configuration/share/tiago_controller_configuration/package.sh'
[5.627s] INFO:colcon.colcon_core.shell:Creating package script '/workspaces/TIAgo_humble/install/tiago_controller_configuration/share/tiago_controller_configuration/package.bash'
[5.634s] INFO:colcon.colcon_core.shell:Creating package script '/workspaces/TIAgo_humble/install/tiago_controller_configuration/share/tiago_controller_configuration/package.zsh'
[5.639s] Level 1:colcon.colcon_core.environment:create_file_with_runtime_dependencies(/workspaces/TIAgo_humble/install/tiago_controller_configuration/share/colcon-core/packages/tiago_controller_configuration)
[5.998s] DEBUG:colcon.colcon_core.event_handler.log_command:Invoked command in '/workspaces/TIAgo_humble/build/omni_base_description' returned '0': AMENT_PREFIX_PATH=/workspaces/TIAgo_humble/install/pal_urdf_utils:/workspaces/TIAgo_humble/install/launch_pal:${AMENT_PREFIX_PATH} CMAKE_PREFIX_PATH=/workspaces/TIAgo_humble/install/pal_urdf_utils:/opt/ros/humble PYTHONPATH=/workspaces/TIAgo_humble/build/launch_pal:/workspaces/TIAgo_humble/install/launch_pal/lib/python3.10/site-packages:${PYTHONPATH} /usr/bin/cmake --build /workspaces/TIAgo_humble/build/omni_base_description -- -j24 -l24
[5.999s] DEBUG:colcon.colcon_core.event_handler.log_command:Invoking command in '/workspaces/TIAgo_humble/build/omni_base_description': AMENT_PREFIX_PATH=/workspaces/TIAgo_humble/install/pal_urdf_utils:/workspaces/TIAgo_humble/install/launch_pal:${AMENT_PREFIX_PATH} CMAKE_PREFIX_PATH=/workspaces/TIAgo_humble/install/pal_urdf_utils:/opt/ros/humble PYTHONPATH=/workspaces/TIAgo_humble/build/launch_pal:/workspaces/TIAgo_humble/install/launch_pal/lib/python3.10/site-packages:${PYTHONPATH} /usr/bin/cmake --install /workspaces/TIAgo_humble/build/omni_base_description
[6.035s] DEBUG:colcon.colcon_core.event_handler.log_command:Invoked command in '/workspaces/TIAgo_humble/build/pal_gripper' returned '0': AMENT_PREFIX_PATH=/workspaces/TIAgo_humble/install/pal_gripper_description:/workspaces/TIAgo_humble/install/pal_urdf_utils:/workspaces/TIAgo_humble/install/pal_gripper_controller_configuration:${AMENT_PREFIX_PATH} CMAKE_PREFIX_PATH=/workspaces/TIAgo_humble/install/pal_gripper_description:/workspaces/TIAgo_humble/install/pal_urdf_utils:/workspaces/TIAgo_humble/install/pal_gripper_controller_configuration:/opt/ros/humble /usr/bin/cmake /workspaces/TIAgo_humble/ros2_ws/src/pal_gripper/pal_gripper -DCMAKE_BUILD_TYPE=Release -DAMENT_CMAKE_SYMLINK_INSTALL=1 -DCMAKE_INSTALL_PREFIX=/workspaces/TIAgo_humble/install/pal_gripper
[6.039s] DEBUG:colcon.colcon_core.event_handler.log_command:Invoking command in '/workspaces/TIAgo_humble/build/pal_gripper': AMENT_PREFIX_PATH=/workspaces/TIAgo_humble/install/pal_gripper_description:/workspaces/TIAgo_humble/install/pal_urdf_utils:/workspaces/TIAgo_humble/install/pal_gripper_controller_configuration:${AMENT_PREFIX_PATH} CMAKE_PREFIX_PATH=/workspaces/TIAgo_humble/install/pal_gripper_description:/workspaces/TIAgo_humble/install/pal_urdf_utils:/workspaces/TIAgo_humble/install/pal_gripper_controller_configuration:/opt/ros/humble /usr/bin/cmake --build /workspaces/TIAgo_humble/build/pal_gripper -- -j24 -l24
[6.097s] DEBUG:colcon.colcon_core.event_handler.log_command:Invoked command in '/workspaces/TIAgo_humble/build/pal_gripper' returned '0': AMENT_PREFIX_PATH=/workspaces/TIAgo_humble/install/pal_gripper_description:/workspaces/TIAgo_humble/install/pal_urdf_utils:/workspaces/TIAgo_humble/install/pal_gripper_controller_configuration:${AMENT_PREFIX_PATH} CMAKE_PREFIX_PATH=/workspaces/TIAgo_humble/install/pal_gripper_description:/workspaces/TIAgo_humble/install/pal_urdf_utils:/workspaces/TIAgo_humble/install/pal_gripper_controller_configuration:/opt/ros/humble /usr/bin/cmake --build /workspaces/TIAgo_humble/build/pal_gripper -- -j24 -l24
[6.097s] DEBUG:colcon.colcon_core.event_handler.log_command:Invoking command in '/workspaces/TIAgo_humble/build/pal_gripper': AMENT_PREFIX_PATH=/workspaces/TIAgo_humble/install/pal_gripper_description:/workspaces/TIAgo_humble/install/pal_urdf_utils:/workspaces/TIAgo_humble/install/pal_gripper_controller_configuration:${AMENT_PREFIX_PATH} CMAKE_PREFIX_PATH=/workspaces/TIAgo_humble/install/pal_gripper_description:/workspaces/TIAgo_humble/install/pal_urdf_utils:/workspaces/TIAgo_humble/install/pal_gripper_controller_configuration:/opt/ros/humble /usr/bin/cmake --install /workspaces/TIAgo_humble/build/pal_gripper
[6.223s] DEBUG:colcon.colcon_core.event_handler.log_command:Invoked command in '/workspaces/TIAgo_humble/build/pal_hey5' returned '0': AMENT_PREFIX_PATH=/workspaces/TIAgo_humble/install/pal_hey5_description:/workspaces/TIAgo_humble/install/pal_urdf_utils:/workspaces/TIAgo_humble/install/pal_hey5_controller_configuration:${AMENT_PREFIX_PATH} CMAKE_PREFIX_PATH=/workspaces/TIAgo_humble/install/pal_hey5_description:/workspaces/TIAgo_humble/install/pal_urdf_utils:/workspaces/TIAgo_humble/install/pal_hey5_controller_configuration:/opt/ros/humble /usr/bin/cmake /workspaces/TIAgo_humble/ros2_ws/src/pal_hey5/pal_hey5 -DCMAKE_BUILD_TYPE=Release -DAMENT_CMAKE_SYMLINK_INSTALL=1 -DCMAKE_INSTALL_PREFIX=/workspaces/TIAgo_humble/install/pal_hey5
[6.224s] DEBUG:colcon.colcon_core.event_handler.log_command:Invoking command in '/workspaces/TIAgo_humble/build/pal_hey5': AMENT_PREFIX_PATH=/workspaces/TIAgo_humble/install/pal_hey5_description:/workspaces/TIAgo_humble/install/pal_urdf_utils:/workspaces/TIAgo_humble/install/pal_hey5_controller_configuration:${AMENT_PREFIX_PATH} CMAKE_PREFIX_PATH=/workspaces/TIAgo_humble/install/pal_hey5_description:/workspaces/TIAgo_humble/install/pal_urdf_utils:/workspaces/TIAgo_humble/install/pal_hey5_controller_configuration:/opt/ros/humble /usr/bin/cmake --build /workspaces/TIAgo_humble/build/pal_hey5 -- -j24 -l24
[6.295s] DEBUG:colcon.colcon_core.event_handler.log_command:Invoked command in '/workspaces/TIAgo_humble/build/pmb2_description' returned '0': AMENT_PREFIX_PATH=/workspaces/TIAgo_humble/install/pal_urdf_utils:/workspaces/TIAgo_humble/install/launch_pal:${AMENT_PREFIX_PATH} CMAKE_PREFIX_PATH=/workspaces/TIAgo_humble/install/pal_urdf_utils:/opt/ros/humble PYTHONPATH=/workspaces/TIAgo_humble/build/launch_pal:/workspaces/TIAgo_humble/install/launch_pal/lib/python3.10/site-packages:${PYTHONPATH} /usr/bin/cmake --build /workspaces/TIAgo_humble/build/pmb2_description -- -j24 -l24
[6.296s] DEBUG:colcon.colcon_core.event_handler.log_command:Invoking command in '/workspaces/TIAgo_humble/build/pmb2_description': AMENT_PREFIX_PATH=/workspaces/TIAgo_humble/install/pal_urdf_utils:/workspaces/TIAgo_humble/install/launch_pal:${AMENT_PREFIX_PATH} CMAKE_PREFIX_PATH=/workspaces/TIAgo_humble/install/pal_urdf_utils:/opt/ros/humble PYTHONPATH=/workspaces/TIAgo_humble/build/launch_pal:/workspaces/TIAgo_humble/install/launch_pal/lib/python3.10/site-packages:${PYTHONPATH} /usr/bin/cmake --install /workspaces/TIAgo_humble/build/pmb2_description
[6.409s] DEBUG:colcon.colcon_core.event_handler.log_command:Invoked command in '/workspaces/TIAgo_humble/build/pal_hey5' returned '0': AMENT_PREFIX_PATH=/workspaces/TIAgo_humble/install/pal_hey5_description:/workspaces/TIAgo_humble/install/pal_urdf_utils:/workspaces/TIAgo_humble/install/pal_hey5_controller_configuration:${AMENT_PREFIX_PATH} CMAKE_PREFIX_PATH=/workspaces/TIAgo_humble/install/pal_hey5_description:/workspaces/TIAgo_humble/install/pal_urdf_utils:/workspaces/TIAgo_humble/install/pal_hey5_controller_configuration:/opt/ros/humble /usr/bin/cmake --build /workspaces/TIAgo_humble/build/pal_hey5 -- -j24 -l24
[6.410s] DEBUG:colcon.colcon_core.event_handler.log_command:Invoking command in '/workspaces/TIAgo_humble/build/pal_hey5': AMENT_PREFIX_PATH=/workspaces/TIAgo_humble/install/pal_hey5_description:/workspaces/TIAgo_humble/install/pal_urdf_utils:/workspaces/TIAgo_humble/install/pal_hey5_controller_configuration:${AMENT_PREFIX_PATH} CMAKE_PREFIX_PATH=/workspaces/TIAgo_humble/install/pal_hey5_description:/workspaces/TIAgo_humble/install/pal_urdf_utils:/workspaces/TIAgo_humble/install/pal_hey5_controller_configuration:/opt/ros/humble /usr/bin/cmake --install /workspaces/TIAgo_humble/build/pal_hey5
[6.746s] Level 1:colcon.colcon_core.environment:create_environment_scripts_only(pal_gripper)
[6.750s] Level 1:colcon.colcon_core.environment:checking '/workspaces/TIAgo_humble/install/pal_gripper' for CMake module files
[6.753s] Level 1:colcon.colcon_core.environment:checking '/workspaces/TIAgo_humble/install/pal_gripper' for CMake config files
[6.750s] DEBUG:colcon.colcon_core.event_handler.log_command:Invoked command in '/workspaces/TIAgo_humble/build/pal_gripper' returned '0': AMENT_PREFIX_PATH=/workspaces/TIAgo_humble/install/pal_gripper_description:/workspaces/TIAgo_humble/install/pal_urdf_utils:/workspaces/TIAgo_humble/install/pal_gripper_controller_configuration:${AMENT_PREFIX_PATH} CMAKE_PREFIX_PATH=/workspaces/TIAgo_humble/install/pal_gripper_description:/workspaces/TIAgo_humble/install/pal_urdf_utils:/workspaces/TIAgo_humble/install/pal_gripper_controller_configuration:/opt/ros/humble /usr/bin/cmake --install /workspaces/TIAgo_humble/build/pal_gripper
[6.758s] Level 1:colcon.colcon_core.shell:create_environment_hook('pal_gripper', 'cmake_prefix_path')
[6.760s] INFO:colcon.colcon_core.shell:Creating environment hook '/workspaces/TIAgo_humble/install/pal_gripper/share/pal_gripper/hook/cmake_prefix_path.ps1'
[6.777s] INFO:colcon.colcon_core.shell:Creating environment descriptor '/workspaces/TIAgo_humble/install/pal_gripper/share/pal_gripper/hook/cmake_prefix_path.dsv'
[6.781s] INFO:colcon.colcon_core.shell:Creating environment hook '/workspaces/TIAgo_humble/install/pal_gripper/share/pal_gripper/hook/cmake_prefix_path.sh'
[6.812s] Level 1:colcon.colcon_core.environment:checking '/workspaces/TIAgo_humble/install/pal_gripper/bin'
[6.813s] Level 1:colcon.colcon_core.environment:checking '/workspaces/TIAgo_humble/install/pal_gripper/lib/pkgconfig/pal_gripper.pc'
[6.813s] Level 1:colcon.colcon_core.environment:checking '/workspaces/TIAgo_humble/install/pal_gripper/lib/python3.10/site-packages'
[6.814s] Level 1:colcon.colcon_core.environment:checking '/workspaces/TIAgo_humble/install/pal_gripper/bin'
[6.814s] INFO:colcon.colcon_core.shell:Creating package script '/workspaces/TIAgo_humble/install/pal_gripper/share/pal_gripper/package.ps1'
[6.818s] INFO:colcon.colcon_core.shell:Creating package descriptor '/workspaces/TIAgo_humble/install/pal_gripper/share/pal_gripper/package.dsv'
[6.819s] INFO:colcon.colcon_core.shell:Creating package script '/workspaces/TIAgo_humble/install/pal_gripper/share/pal_gripper/package.sh'
[6.819s] INFO:colcon.colcon_core.shell:Creating package script '/workspaces/TIAgo_humble/install/pal_gripper/share/pal_gripper/package.bash'
[6.820s] INFO:colcon.colcon_core.shell:Creating package script '/workspaces/TIAgo_humble/install/pal_gripper/share/pal_gripper/package.zsh'
[6.820s] Level 1:colcon.colcon_core.environment:create_file_with_runtime_dependencies(/workspaces/TIAgo_humble/install/pal_gripper/share/colcon-core/packages/pal_gripper)
[6.822s] Level 1:colcon.colcon_core.environment:create_environment_scripts_only(pal_gripper)
[6.822s] Level 1:colcon.colcon_core.environment:checking '/workspaces/TIAgo_humble/install/pal_gripper' for CMake module files
[6.823s] Level 1:colcon.colcon_core.environment:checking '/workspaces/TIAgo_humble/install/pal_gripper' for CMake config files
[6.823s] Level 1:colcon.colcon_core.shell:create_environment_hook('pal_gripper', 'cmake_prefix_path')
[6.824s] INFO:colcon.colcon_core.shell:Creating environment hook '/workspaces/TIAgo_humble/install/pal_gripper/share/pal_gripper/hook/cmake_prefix_path.ps1'
[6.824s] INFO:colcon.colcon_core.shell:Creating environment descriptor '/workspaces/TIAgo_humble/install/pal_gripper/share/pal_gripper/hook/cmake_prefix_path.dsv'
[6.828s] INFO:colcon.colcon_core.shell:Creating environment hook '/workspaces/TIAgo_humble/install/pal_gripper/share/pal_gripper/hook/cmake_prefix_path.sh'
[6.836s] Level 1:colcon.colcon_core.environment:checking '/workspaces/TIAgo_humble/install/pal_gripper/bin'
[6.836s] Level 1:colcon.colcon_core.environment:checking '/workspaces/TIAgo_humble/install/pal_gripper/lib/pkgconfig/pal_gripper.pc'
[6.836s] Level 1:colcon.colcon_core.environment:checking '/workspaces/TIAgo_humble/install/pal_gripper/lib/python3.10/site-packages'
[6.837s] Level 1:colcon.colcon_core.environment:checking '/workspaces/TIAgo_humble/install/pal_gripper/bin'
[6.837s] INFO:colcon.colcon_core.shell:Creating package script '/workspaces/TIAgo_humble/install/pal_gripper/share/pal_gripper/package.ps1'
[6.838s] INFO:colcon.colcon_core.shell:Creating package descriptor '/workspaces/TIAgo_humble/install/pal_gripper/share/pal_gripper/package.dsv'
[6.842s] INFO:colcon.colcon_core.shell:Creating package script '/workspaces/TIAgo_humble/install/pal_gripper/share/pal_gripper/package.sh'
[6.843s] INFO:colcon.colcon_core.shell:Creating package script '/workspaces/TIAgo_humble/install/pal_gripper/share/pal_gripper/package.bash'
[6.843s] INFO:colcon.colcon_core.shell:Creating package script '/workspaces/TIAgo_humble/install/pal_gripper/share/pal_gripper/package.zsh'
[6.844s] Level 1:colcon.colcon_core.environment:create_file_with_runtime_dependencies(/workspaces/TIAgo_humble/install/pal_gripper/share/colcon-core/packages/pal_gripper)
[6.955s] Level 1:colcon.colcon_core.environment:create_environment_scripts_only(pal_hey5)
[6.955s] Level 1:colcon.colcon_core.environment:checking '/workspaces/TIAgo_humble/install/pal_hey5' for CMake module files
[6.955s] DEBUG:colcon.colcon_core.event_handler.log_command:Invoked command in '/workspaces/TIAgo_humble/build/pal_hey5' returned '0': AMENT_PREFIX_PATH=/workspaces/TIAgo_humble/install/pal_hey5_description:/workspaces/TIAgo_humble/install/pal_urdf_utils:/workspaces/TIAgo_humble/install/pal_hey5_controller_configuration:${AMENT_PREFIX_PATH} CMAKE_PREFIX_PATH=/workspaces/TIAgo_humble/install/pal_hey5_description:/workspaces/TIAgo_humble/install/pal_urdf_utils:/workspaces/TIAgo_humble/install/pal_hey5_controller_configuration:/opt/ros/humble /usr/bin/cmake --install /workspaces/TIAgo_humble/build/pal_hey5
[6.982s] Level 1:colcon.colcon_core.environment:checking '/workspaces/TIAgo_humble/install/pal_hey5' for CMake config files
[6.984s] Level 1:colcon.colcon_core.shell:create_environment_hook('pal_hey5', 'cmake_prefix_path')
[6.985s] INFO:colcon.colcon_core.shell:Creating environment hook '/workspaces/TIAgo_humble/install/pal_hey5/share/pal_hey5/hook/cmake_prefix_path.ps1'
[6.987s] INFO:colcon.colcon_core.shell:Creating environment descriptor '/workspaces/TIAgo_humble/install/pal_hey5/share/pal_hey5/hook/cmake_prefix_path.dsv'
[6.987s] INFO:colcon.colcon_core.shell:Creating environment hook '/workspaces/TIAgo_humble/install/pal_hey5/share/pal_hey5/hook/cmake_prefix_path.sh'
[6.989s] Level 1:colcon.colcon_core.environment:checking '/workspaces/TIAgo_humble/install/pal_hey5/bin'
[6.989s] Level 1:colcon.colcon_core.environment:checking '/workspaces/TIAgo_humble/install/pal_hey5/lib/pkgconfig/pal_hey5.pc'
[6.990s] Level 1:colcon.colcon_core.environment:checking '/workspaces/TIAgo_humble/install/pal_hey5/lib/python3.10/site-packages'
[6.994s] Level 1:colcon.colcon_core.environment:checking '/workspaces/TIAgo_humble/install/pal_hey5/bin'
[6.996s] INFO:colcon.colcon_core.shell:Creating package script '/workspaces/TIAgo_humble/install/pal_hey5/share/pal_hey5/package.ps1'
[6.996s] INFO:colcon.colcon_core.shell:Creating package descriptor '/workspaces/TIAgo_humble/install/pal_hey5/share/pal_hey5/package.dsv'
[6.997s] INFO:colcon.colcon_core.shell:Creating package script '/workspaces/TIAgo_humble/install/pal_hey5/share/pal_hey5/package.sh'
[6.998s] INFO:colcon.colcon_core.shell:Creating package script '/workspaces/TIAgo_humble/install/pal_hey5/share/pal_hey5/package.bash'
[6.998s] INFO:colcon.colcon_core.shell:Creating package script '/workspaces/TIAgo_humble/install/pal_hey5/share/pal_hey5/package.zsh'
[6.999s] Level 1:colcon.colcon_core.environment:create_file_with_runtime_dependencies(/workspaces/TIAgo_humble/install/pal_hey5/share/colcon-core/packages/pal_hey5)
[7.005s] Level 1:colcon.colcon_core.environment:create_environment_scripts_only(pal_hey5)
[7.005s] Level 1:colcon.colcon_core.environment:checking '/workspaces/TIAgo_humble/install/pal_hey5' for CMake module files
[7.005s] Level 1:colcon.colcon_core.environment:checking '/workspaces/TIAgo_humble/install/pal_hey5' for CMake config files
[7.006s] Level 1:colcon.colcon_core.shell:create_environment_hook('pal_hey5', 'cmake_prefix_path')
[7.006s] INFO:colcon.colcon_core.shell:Creating environment hook '/workspaces/TIAgo_humble/install/pal_hey5/share/pal_hey5/hook/cmake_prefix_path.ps1'
[7.013s] INFO:colcon.colcon_core.shell:Creating environment descriptor '/workspaces/TIAgo_humble/install/pal_hey5/share/pal_hey5/hook/cmake_prefix_path.dsv'
[7.015s] INFO:colcon.colcon_core.shell:Creating environment hook '/workspaces/TIAgo_humble/install/pal_hey5/share/pal_hey5/hook/cmake_prefix_path.sh'
[7.017s] Level 1:colcon.colcon_core.environment:checking '/workspaces/TIAgo_humble/install/pal_hey5/bin'
[7.017s] Level 1:colcon.colcon_core.environment:checking '/workspaces/TIAgo_humble/install/pal_hey5/lib/pkgconfig/pal_hey5.pc'
[7.018s] Level 1:colcon.colcon_core.environment:checking '/workspaces/TIAgo_humble/install/pal_hey5/lib/python3.10/site-packages'
[7.019s] Level 1:colcon.colcon_core.environment:checking '/workspaces/TIAgo_humble/install/pal_hey5/bin'
[7.020s] INFO:colcon.colcon_core.shell:Creating package script '/workspaces/TIAgo_humble/install/pal_hey5/share/pal_hey5/package.ps1'
[7.023s] INFO:colcon.colcon_core.shell:Creating package descriptor '/workspaces/TIAgo_humble/install/pal_hey5/share/pal_hey5/package.dsv'
[7.024s] INFO:colcon.colcon_core.shell:Creating package script '/workspaces/TIAgo_humble/install/pal_hey5/share/pal_hey5/package.sh'
[7.027s] INFO:colcon.colcon_core.shell:Creating package script '/workspaces/TIAgo_humble/install/pal_hey5/share/pal_hey5/package.bash'
[7.027s] INFO:colcon.colcon_core.shell:Creating package script '/workspaces/TIAgo_humble/install/pal_hey5/share/pal_hey5/package.zsh'
[7.028s] Level 1:colcon.colcon_core.environment:create_file_with_runtime_dependencies(/workspaces/TIAgo_humble/install/pal_hey5/share/colcon-core/packages/pal_hey5)
[7.309s] DEBUG:colcon.colcon_core.event_handler.log_command:Invoked command in '/workspaces/TIAgo_humble/build/tiago_navigation' returned '0': AMENT_PREFIX_PATH=/workspaces/TIAgo_humble/install/tiago_2dnav:/workspaces/TIAgo_humble/install/tiago_laser_sensors:/workspaces/TIAgo_humble/install/pmb2_2dnav:/workspaces/TIAgo_humble/install/tiago_rgbd_sensors:/workspaces/TIAgo_humble/install/pmb2_laser_sensors:/workspaces/TIAgo_humble/install/pal_maps:/workspaces/TIAgo_humble/install/launch_pal:${AMENT_PREFIX_PATH} CMAKE_PREFIX_PATH=/workspaces/TIAgo_humble/install/tiago_2dnav:/workspaces/TIAgo_humble/install/tiago_laser_sensors:/workspaces/TIAgo_humble/install/pmb2_2dnav:/workspaces/TIAgo_humble/install/tiago_rgbd_sensors:/workspaces/TIAgo_humble/install/pmb2_laser_sensors:/workspaces/TIAgo_humble/install/pal_maps:/opt/ros/humble PYTHONPATH=/workspaces/TIAgo_humble/build/launch_pal:/workspaces/TIAgo_humble/install/launch_pal/lib/python3.10/site-packages:${PYTHONPATH} /usr/bin/cmake /workspaces/TIAgo_humble/ros2_ws/src/tiago_navigation/tiago_navigation -DCMAKE_BUILD_TYPE=Release -DAMENT_CMAKE_SYMLINK_INSTALL=1 -DCMAKE_INSTALL_PREFIX=/workspaces/TIAgo_humble/install/tiago_navigation
[7.310s] DEBUG:colcon.colcon_core.event_handler.log_command:Invoking command in '/workspaces/TIAgo_humble/build/tiago_navigation': AMENT_PREFIX_PATH=/workspaces/TIAgo_humble/install/tiago_2dnav:/workspaces/TIAgo_humble/install/tiago_laser_sensors:/workspaces/TIAgo_humble/install/pmb2_2dnav:/workspaces/TIAgo_humble/install/tiago_rgbd_sensors:/workspaces/TIAgo_humble/install/pmb2_laser_sensors:/workspaces/TIAgo_humble/install/pal_maps:/workspaces/TIAgo_humble/install/launch_pal:${AMENT_PREFIX_PATH} CMAKE_PREFIX_PATH=/workspaces/TIAgo_humble/install/tiago_2dnav:/workspaces/TIAgo_humble/install/tiago_laser_sensors:/workspaces/TIAgo_humble/install/pmb2_2dnav:/workspaces/TIAgo_humble/install/tiago_rgbd_sensors:/workspaces/TIAgo_humble/install/pmb2_laser_sensors:/workspaces/TIAgo_humble/install/pal_maps:/opt/ros/humble PYTHONPATH=/workspaces/TIAgo_humble/build/launch_pal:/workspaces/TIAgo_humble/install/launch_pal/lib/python3.10/site-packages:${PYTHONPATH} /usr/bin/cmake --build /workspaces/TIAgo_humble/build/tiago_navigation -- -j24 -l24
[7.412s] DEBUG:colcon.colcon_core.event_handler.log_command:Invoked command in '/workspaces/TIAgo_humble/build/tiago_navigation' returned '0': AMENT_PREFIX_PATH=/workspaces/TIAgo_humble/install/tiago_2dnav:/workspaces/TIAgo_humble/install/tiago_laser_sensors:/workspaces/TIAgo_humble/install/pmb2_2dnav:/workspaces/TIAgo_humble/install/tiago_rgbd_sensors:/workspaces/TIAgo_humble/install/pmb2_laser_sensors:/workspaces/TIAgo_humble/install/pal_maps:/workspaces/TIAgo_humble/install/launch_pal:${AMENT_PREFIX_PATH} CMAKE_PREFIX_PATH=/workspaces/TIAgo_humble/install/tiago_2dnav:/workspaces/TIAgo_humble/install/tiago_laser_sensors:/workspaces/TIAgo_humble/install/pmb2_2dnav:/workspaces/TIAgo_humble/install/tiago_rgbd_sensors:/workspaces/TIAgo_humble/install/pmb2_laser_sensors:/workspaces/TIAgo_humble/install/pal_maps:/opt/ros/humble PYTHONPATH=/workspaces/TIAgo_humble/build/launch_pal:/workspaces/TIAgo_humble/install/launch_pal/lib/python3.10/site-packages:${PYTHONPATH} /usr/bin/cmake --build /workspaces/TIAgo_humble/build/tiago_navigation -- -j24 -l24
[7.494s] DEBUG:colcon.colcon_core.event_handler.log_command:Invoking command in '/workspaces/TIAgo_humble/build/tiago_navigation': AMENT_PREFIX_PATH=/workspaces/TIAgo_humble/install/tiago_2dnav:/workspaces/TIAgo_humble/install/tiago_laser_sensors:/workspaces/TIAgo_humble/install/pmb2_2dnav:/workspaces/TIAgo_humble/install/tiago_rgbd_sensors:/workspaces/TIAgo_humble/install/pmb2_laser_sensors:/workspaces/TIAgo_humble/install/pal_maps:/workspaces/TIAgo_humble/install/launch_pal:${AMENT_PREFIX_PATH} CMAKE_PREFIX_PATH=/workspaces/TIAgo_humble/install/tiago_2dnav:/workspaces/TIAgo_humble/install/tiago_laser_sensors:/workspaces/TIAgo_humble/install/pmb2_2dnav:/workspaces/TIAgo_humble/install/tiago_rgbd_sensors:/workspaces/TIAgo_humble/install/pmb2_laser_sensors:/workspaces/TIAgo_humble/install/pal_maps:/opt/ros/humble PYTHONPATH=/workspaces/TIAgo_humble/build/launch_pal:/workspaces/TIAgo_humble/install/launch_pal/lib/python3.10/site-packages:${PYTHONPATH} /usr/bin/cmake --install /workspaces/TIAgo_humble/build/tiago_navigation
[7.859s] Level 1:colcon.colcon_core.environment:create_environment_scripts_only(omni_base_description)
[7.860s] Level 1:colcon.colcon_core.environment:checking '/workspaces/TIAgo_humble/install/omni_base_description' for CMake module files
[7.860s] Level 1:colcon.colcon_core.environment:checking '/workspaces/TIAgo_humble/install/omni_base_description' for CMake config files
[7.861s] Level 1:colcon.colcon_core.shell:create_environment_hook('omni_base_description', 'cmake_prefix_path')
[7.861s] INFO:colcon.colcon_core.shell:Creating environment hook '/workspaces/TIAgo_humble/install/omni_base_description/share/omni_base_description/hook/cmake_prefix_path.ps1'
[7.862s] INFO:colcon.colcon_core.shell:Creating environment descriptor '/workspaces/TIAgo_humble/install/omni_base_description/share/omni_base_description/hook/cmake_prefix_path.dsv'
[7.864s] INFO:colcon.colcon_core.shell:Creating environment hook '/workspaces/TIAgo_humble/install/omni_base_description/share/omni_base_description/hook/cmake_prefix_path.sh'
[7.866s] Level 1:colcon.colcon_core.environment:checking '/workspaces/TIAgo_humble/install/omni_base_description/bin'
[7.866s] Level 1:colcon.colcon_core.environment:checking '/workspaces/TIAgo_humble/install/omni_base_description/lib/pkgconfig/omni_base_description.pc'
[7.863s] DEBUG:colcon.colcon_core.event_handler.log_command:Invoked command in '/workspaces/TIAgo_humble/build/omni_base_description' returned '0': AMENT_PREFIX_PATH=/workspaces/TIAgo_humble/install/pal_urdf_utils:/workspaces/TIAgo_humble/install/launch_pal:${AMENT_PREFIX_PATH} CMAKE_PREFIX_PATH=/workspaces/TIAgo_humble/install/pal_urdf_utils:/opt/ros/humble PYTHONPATH=/workspaces/TIAgo_humble/build/launch_pal:/workspaces/TIAgo_humble/install/launch_pal/lib/python3.10/site-packages:${PYTHONPATH} /usr/bin/cmake --install /workspaces/TIAgo_humble/build/omni_base_description
[7.872s] Level 1:colcon.colcon_core.environment:checking '/workspaces/TIAgo_humble/install/omni_base_description/lib/python3.10/site-packages'
[7.876s] Level 1:colcon.colcon_core.environment:checking '/workspaces/TIAgo_humble/install/omni_base_description/bin'
[7.877s] INFO:colcon.colcon_core.shell:Creating package script '/workspaces/TIAgo_humble/install/omni_base_description/share/omni_base_description/package.ps1'
[7.878s] INFO:colcon.colcon_core.shell:Creating package descriptor '/workspaces/TIAgo_humble/install/omni_base_description/share/omni_base_description/package.dsv'
[7.878s] INFO:colcon.colcon_core.shell:Creating package script '/workspaces/TIAgo_humble/install/omni_base_description/share/omni_base_description/package.sh'
[7.878s] INFO:colcon.colcon_core.shell:Creating package script '/workspaces/TIAgo_humble/install/omni_base_description/share/omni_base_description/package.bash'
[7.879s] INFO:colcon.colcon_core.shell:Creating package script '/workspaces/TIAgo_humble/install/omni_base_description/share/omni_base_description/package.zsh'
[7.889s] Level 1:colcon.colcon_core.environment:create_file_with_runtime_dependencies(/workspaces/TIAgo_humble/install/omni_base_description/share/colcon-core/packages/omni_base_description)
[7.890s] Level 1:colcon.colcon_core.environment:create_environment_scripts_only(omni_base_description)
[7.892s] Level 1:colcon.colcon_core.environment:checking '/workspaces/TIAgo_humble/install/omni_base_description' for CMake module files
[7.892s] Level 1:colcon.colcon_core.environment:checking '/workspaces/TIAgo_humble/install/omni_base_description' for CMake config files
[7.895s] Level 1:colcon.colcon_core.shell:create_environment_hook('omni_base_description', 'cmake_prefix_path')
[7.895s] INFO:colcon.colcon_core.shell:Creating environment hook '/workspaces/TIAgo_humble/install/omni_base_description/share/omni_base_description/hook/cmake_prefix_path.ps1'
[7.901s] INFO:colcon.colcon_core.shell:Creating environment descriptor '/workspaces/TIAgo_humble/install/omni_base_description/share/omni_base_description/hook/cmake_prefix_path.dsv'
[7.901s] INFO:colcon.colcon_core.shell:Creating environment hook '/workspaces/TIAgo_humble/install/omni_base_description/share/omni_base_description/hook/cmake_prefix_path.sh'
[7.907s] Level 1:colcon.colcon_core.environment:checking '/workspaces/TIAgo_humble/install/omni_base_description/bin'
[7.908s] Level 1:colcon.colcon_core.environment:checking '/workspaces/TIAgo_humble/install/omni_base_description/lib/pkgconfig/omni_base_description.pc'
[7.908s] Level 1:colcon.colcon_core.environment:checking '/workspaces/TIAgo_humble/install/omni_base_description/lib/python3.10/site-packages'
[7.908s] Level 1:colcon.colcon_core.environment:checking '/workspaces/TIAgo_humble/install/omni_base_description/bin'
[7.909s] INFO:colcon.colcon_core.shell:Creating package script '/workspaces/TIAgo_humble/install/omni_base_description/share/omni_base_description/package.ps1'
[7.914s] INFO:colcon.colcon_core.shell:Creating package descriptor '/workspaces/TIAgo_humble/install/omni_base_description/share/omni_base_description/package.dsv'
[7.915s] INFO:colcon.colcon_core.shell:Creating package script '/workspaces/TIAgo_humble/install/omni_base_description/share/omni_base_description/package.sh'
[7.919s] INFO:colcon.colcon_core.shell:Creating package script '/workspaces/TIAgo_humble/install/omni_base_description/share/omni_base_description/package.bash'
[7.920s] INFO:colcon.colcon_core.shell:Creating package script '/workspaces/TIAgo_humble/install/omni_base_description/share/omni_base_description/package.zsh'
[7.922s] Level 1:colcon.colcon_core.environment:create_file_with_runtime_dependencies(/workspaces/TIAgo_humble/install/omni_base_description/share/colcon-core/packages/omni_base_description)
[7.926s] INFO:colcon.colcon_ros.task.ament_cmake.build:Building ROS package in '/workspaces/TIAgo_humble/ros2_ws/src/omni_base_robot/omni_base_bringup' with build type 'ament_cmake'
[7.926s] INFO:colcon.colcon_cmake.task.cmake.build:Building CMake package in '/workspaces/TIAgo_humble/ros2_ws/src/omni_base_robot/omni_base_bringup'
[7.927s] INFO:colcon.colcon_core.shell:Skip shell extension 'powershell' for command environment: Not usable outside of PowerShell
[7.927s] DEBUG:colcon.colcon_core.shell:Skip shell extension 'dsv' for command environment
[7.982s] DEBUG:colcon.colcon_core.event_handler.log_command:Invoking command in '/workspaces/TIAgo_humble/build/omni_base_bringup': AMENT_PREFIX_PATH=/workspaces/TIAgo_humble/install/omni_base_description:/workspaces/TIAgo_humble/install/pal_urdf_utils:/workspaces/TIAgo_humble/install/omni_base_controller_configuration:/workspaces/TIAgo_humble/install/launch_pal:${AMENT_PREFIX_PATH} CMAKE_PREFIX_PATH=/workspaces/TIAgo_humble/install/omni_base_description:/workspaces/TIAgo_humble/install/pal_urdf_utils:/workspaces/TIAgo_humble/install/omni_base_controller_configuration:/opt/ros/humble PYTHONPATH=/workspaces/TIAgo_humble/install/omni_base_description/local/lib/python3.10/dist-packages:/workspaces/TIAgo_humble/build/launch_pal:/workspaces/TIAgo_humble/install/launch_pal/lib/python3.10/site-packages:${PYTHONPATH} /usr/bin/cmake /workspaces/TIAgo_humble/ros2_ws/src/omni_base_robot/omni_base_bringup -DCMAKE_BUILD_TYPE=Release -DAMENT_CMAKE_SYMLINK_INSTALL=1 -DCMAKE_INSTALL_PREFIX=/workspaces/TIAgo_humble/install/omni_base_bringup
[8.077s] Level 1:colcon.colcon_core.environment:create_environment_scripts_only(tiago_navigation)
[8.077s] Level 1:colcon.colcon_core.environment:checking '/workspaces/TIAgo_humble/install/tiago_navigation' for CMake module files
[8.078s] Level 1:colcon.colcon_core.environment:checking '/workspaces/TIAgo_humble/install/tiago_navigation' for CMake config files
[8.079s] DEBUG:colcon.colcon_core.event_handler.log_command:Invoked command in '/workspaces/TIAgo_humble/build/tiago_navigation' returned '0': AMENT_PREFIX_PATH=/workspaces/TIAgo_humble/install/tiago_2dnav:/workspaces/TIAgo_humble/install/tiago_laser_sensors:/workspaces/TIAgo_humble/install/pmb2_2dnav:/workspaces/TIAgo_humble/install/tiago_rgbd_sensors:/workspaces/TIAgo_humble/install/pmb2_laser_sensors:/workspaces/TIAgo_humble/install/pal_maps:/workspaces/TIAgo_humble/install/launch_pal:${AMENT_PREFIX_PATH} CMAKE_PREFIX_PATH=/workspaces/TIAgo_humble/install/tiago_2dnav:/workspaces/TIAgo_humble/install/tiago_laser_sensors:/workspaces/TIAgo_humble/install/pmb2_2dnav:/workspaces/TIAgo_humble/install/tiago_rgbd_sensors:/workspaces/TIAgo_humble/install/pmb2_laser_sensors:/workspaces/TIAgo_humble/install/pal_maps:/opt/ros/humble PYTHONPATH=/workspaces/TIAgo_humble/build/launch_pal:/workspaces/TIAgo_humble/install/launch_pal/lib/python3.10/site-packages:${PYTHONPATH} /usr/bin/cmake --install /workspaces/TIAgo_humble/build/tiago_navigation
[8.079s] Level 1:colcon.colcon_core.shell:create_environment_hook('tiago_navigation', 'cmake_prefix_path')
[8.080s] INFO:colcon.colcon_core.shell:Creating environment hook '/workspaces/TIAgo_humble/install/tiago_navigation/share/tiago_navigation/hook/cmake_prefix_path.ps1'
[8.084s] INFO:colcon.colcon_core.shell:Creating environment descriptor '/workspaces/TIAgo_humble/install/tiago_navigation/share/tiago_navigation/hook/cmake_prefix_path.dsv'
[8.085s] INFO:colcon.colcon_core.shell:Creating environment hook '/workspaces/TIAgo_humble/install/tiago_navigation/share/tiago_navigation/hook/cmake_prefix_path.sh'
[8.088s] Level 1:colcon.colcon_core.environment:checking '/workspaces/TIAgo_humble/install/tiago_navigation/bin'
[8.088s] Level 1:colcon.colcon_core.environment:checking '/workspaces/TIAgo_humble/install/tiago_navigation/lib/pkgconfig/tiago_navigation.pc'
[8.089s] Level 1:colcon.colcon_core.environment:checking '/workspaces/TIAgo_humble/install/tiago_navigation/lib/python3.10/site-packages'
[8.091s] Level 1:colcon.colcon_core.environment:checking '/workspaces/TIAgo_humble/install/tiago_navigation/bin'
[8.093s] INFO:colcon.colcon_core.shell:Creating package script '/workspaces/TIAgo_humble/install/tiago_navigation/share/tiago_navigation/package.ps1'
[8.094s] INFO:colcon.colcon_core.shell:Creating package descriptor '/workspaces/TIAgo_humble/install/tiago_navigation/share/tiago_navigation/package.dsv'
[8.099s] INFO:colcon.colcon_core.shell:Creating package script '/workspaces/TIAgo_humble/install/tiago_navigation/share/tiago_navigation/package.sh'
[8.100s] INFO:colcon.colcon_core.shell:Creating package script '/workspaces/TIAgo_humble/install/tiago_navigation/share/tiago_navigation/package.bash'
[8.101s] INFO:colcon.colcon_core.shell:Creating package script '/workspaces/TIAgo_humble/install/tiago_navigation/share/tiago_navigation/package.zsh'
[8.102s] Level 1:colcon.colcon_core.environment:create_file_with_runtime_dependencies(/workspaces/TIAgo_humble/install/tiago_navigation/share/colcon-core/packages/tiago_navigation)
[8.106s] Level 1:colcon.colcon_core.environment:create_environment_scripts_only(tiago_navigation)
[8.107s] Level 1:colcon.colcon_core.environment:checking '/workspaces/TIAgo_humble/install/tiago_navigation' for CMake module files
[8.112s] Level 1:colcon.colcon_core.environment:checking '/workspaces/TIAgo_humble/install/tiago_navigation' for CMake config files
[8.113s] Level 1:colcon.colcon_core.shell:create_environment_hook('tiago_navigation', 'cmake_prefix_path')
[8.119s] INFO:colcon.colcon_core.shell:Creating environment hook '/workspaces/TIAgo_humble/install/tiago_navigation/share/tiago_navigation/hook/cmake_prefix_path.ps1'
[8.120s] INFO:colcon.colcon_core.shell:Creating environment descriptor '/workspaces/TIAgo_humble/install/tiago_navigation/share/tiago_navigation/hook/cmake_prefix_path.dsv'
[8.121s] INFO:colcon.colcon_core.shell:Creating environment hook '/workspaces/TIAgo_humble/install/tiago_navigation/share/tiago_navigation/hook/cmake_prefix_path.sh'
[8.121s] Level 1:colcon.colcon_core.environment:checking '/workspaces/TIAgo_humble/install/tiago_navigation/bin'
[8.122s] Level 1:colcon.colcon_core.environment:checking '/workspaces/TIAgo_humble/install/tiago_navigation/lib/pkgconfig/tiago_navigation.pc'
[8.124s] Level 1:colcon.colcon_core.environment:checking '/workspaces/TIAgo_humble/install/tiago_navigation/lib/python3.10/site-packages'
[8.125s] Level 1:colcon.colcon_core.environment:checking '/workspaces/TIAgo_humble/install/tiago_navigation/bin'
[8.129s] INFO:colcon.colcon_core.shell:Creating package script '/workspaces/TIAgo_humble/install/tiago_navigation/share/tiago_navigation/package.ps1'
[8.133s] INFO:colcon.colcon_core.shell:Creating package descriptor '/workspaces/TIAgo_humble/install/tiago_navigation/share/tiago_navigation/package.dsv'
[8.134s] INFO:colcon.colcon_core.shell:Creating package script '/workspaces/TIAgo_humble/install/tiago_navigation/share/tiago_navigation/package.sh'
[8.134s] INFO:colcon.colcon_core.shell:Creating package script '/workspaces/TIAgo_humble/install/tiago_navigation/share/tiago_navigation/package.bash'
[8.135s] INFO:colcon.colcon_core.shell:Creating package script '/workspaces/TIAgo_humble/install/tiago_navigation/share/tiago_navigation/package.zsh'
[8.139s] Level 1:colcon.colcon_core.environment:create_file_with_runtime_dependencies(/workspaces/TIAgo_humble/install/tiago_navigation/share/colcon-core/packages/tiago_navigation)
[8.627s] Level 1:colcon.colcon_core.environment:create_environment_scripts_only(pmb2_description)
[8.628s] Level 1:colcon.colcon_core.environment:checking '/workspaces/TIAgo_humble/install/pmb2_description' for CMake module files
[8.628s] DEBUG:colcon.colcon_core.event_handler.log_command:Invoked command in '/workspaces/TIAgo_humble/build/pmb2_description' returned '0': AMENT_PREFIX_PATH=/workspaces/TIAgo_humble/install/pal_urdf_utils:/workspaces/TIAgo_humble/install/launch_pal:${AMENT_PREFIX_PATH} CMAKE_PREFIX_PATH=/workspaces/TIAgo_humble/install/pal_urdf_utils:/opt/ros/humble PYTHONPATH=/workspaces/TIAgo_humble/build/launch_pal:/workspaces/TIAgo_humble/install/launch_pal/lib/python3.10/site-packages:${PYTHONPATH} /usr/bin/cmake --install /workspaces/TIAgo_humble/build/pmb2_description
[8.631s] Level 1:colcon.colcon_core.environment:checking '/workspaces/TIAgo_humble/install/pmb2_description' for CMake config files
[8.638s] Level 1:colcon.colcon_core.shell:create_environment_hook('pmb2_description', 'cmake_prefix_path')
[8.640s] INFO:colcon.colcon_core.shell:Creating environment hook '/workspaces/TIAgo_humble/install/pmb2_description/share/pmb2_description/hook/cmake_prefix_path.ps1'
[8.643s] INFO:colcon.colcon_core.shell:Creating environment descriptor '/workspaces/TIAgo_humble/install/pmb2_description/share/pmb2_description/hook/cmake_prefix_path.dsv'
[8.645s] INFO:colcon.colcon_core.shell:Creating environment hook '/workspaces/TIAgo_humble/install/pmb2_description/share/pmb2_description/hook/cmake_prefix_path.sh'
[8.651s] Level 1:colcon.colcon_core.environment:checking '/workspaces/TIAgo_humble/install/pmb2_description/bin'
[8.654s] Level 1:colcon.colcon_core.environment:checking '/workspaces/TIAgo_humble/install/pmb2_description/lib/pkgconfig/pmb2_description.pc'
[8.654s] Level 1:colcon.colcon_core.environment:checking '/workspaces/TIAgo_humble/install/pmb2_description/lib/python3.10/site-packages'
[8.655s] Level 1:colcon.colcon_core.environment:checking '/workspaces/TIAgo_humble/install/pmb2_description/bin'
[8.678s] INFO:colcon.colcon_core.shell:Creating package script '/workspaces/TIAgo_humble/install/pmb2_description/share/pmb2_description/package.ps1'
[8.683s] INFO:colcon.colcon_core.shell:Creating package descriptor '/workspaces/TIAgo_humble/install/pmb2_description/share/pmb2_description/package.dsv'
[8.692s] INFO:colcon.colcon_core.shell:Creating package script '/workspaces/TIAgo_humble/install/pmb2_description/share/pmb2_description/package.sh'
[8.695s] INFO:colcon.colcon_core.shell:Creating package script '/workspaces/TIAgo_humble/install/pmb2_description/share/pmb2_description/package.bash'
[8.698s] INFO:colcon.colcon_core.shell:Creating package script '/workspaces/TIAgo_humble/install/pmb2_description/share/pmb2_description/package.zsh'
[8.703s] Level 1:colcon.colcon_core.environment:create_file_with_runtime_dependencies(/workspaces/TIAgo_humble/install/pmb2_description/share/colcon-core/packages/pmb2_description)
[8.705s] Level 1:colcon.colcon_core.environment:create_environment_scripts_only(pmb2_description)
[8.705s] Level 1:colcon.colcon_core.environment:checking '/workspaces/TIAgo_humble/install/pmb2_description' for CMake module files
[8.707s] Level 1:colcon.colcon_core.environment:checking '/workspaces/TIAgo_humble/install/pmb2_description' for CMake config files
[8.768s] Level 1:colcon.colcon_core.shell:create_environment_hook('pmb2_description', 'cmake_prefix_path')
[8.769s] INFO:colcon.colcon_core.shell:Creating environment hook '/workspaces/TIAgo_humble/install/pmb2_description/share/pmb2_description/hook/cmake_prefix_path.ps1'
[8.772s] INFO:colcon.colcon_core.shell:Creating environment descriptor '/workspaces/TIAgo_humble/install/pmb2_description/share/pmb2_description/hook/cmake_prefix_path.dsv'
[8.776s] INFO:colcon.colcon_core.shell:Creating environment hook '/workspaces/TIAgo_humble/install/pmb2_description/share/pmb2_description/hook/cmake_prefix_path.sh'
[8.780s] Level 1:colcon.colcon_core.environment:checking '/workspaces/TIAgo_humble/install/pmb2_description/bin'
[8.780s] Level 1:colcon.colcon_core.environment:checking '/workspaces/TIAgo_humble/install/pmb2_description/lib/pkgconfig/pmb2_description.pc'
[8.781s] Level 1:colcon.colcon_core.environment:checking '/workspaces/TIAgo_humble/install/pmb2_description/lib/python3.10/site-packages'
[8.782s] Level 1:colcon.colcon_core.environment:checking '/workspaces/TIAgo_humble/install/pmb2_description/bin'
[8.785s] INFO:colcon.colcon_core.shell:Creating package script '/workspaces/TIAgo_humble/install/pmb2_description/share/pmb2_description/package.ps1'
[8.788s] INFO:colcon.colcon_core.shell:Creating package descriptor '/workspaces/TIAgo_humble/install/pmb2_description/share/pmb2_description/package.dsv'
[8.804s] INFO:colcon.colcon_core.shell:Creating package script '/workspaces/TIAgo_humble/install/pmb2_description/share/pmb2_description/package.sh'
[8.805s] INFO:colcon.colcon_core.shell:Creating package script '/workspaces/TIAgo_humble/install/pmb2_description/share/pmb2_description/package.bash'
[8.812s] INFO:colcon.colcon_core.shell:Creating package script '/workspaces/TIAgo_humble/install/pmb2_description/share/pmb2_description/package.zsh'
[8.813s] Level 1:colcon.colcon_core.environment:create_file_with_runtime_dependencies(/workspaces/TIAgo_humble/install/pmb2_description/share/colcon-core/packages/pmb2_description)
[8.829s] INFO:colcon.colcon_ros.task.ament_cmake.build:Building ROS package in '/workspaces/TIAgo_humble/ros2_ws/src/tiago_robot/tiago_description' with build type 'ament_cmake'
[8.829s] INFO:colcon.colcon_cmake.task.cmake.build:Building CMake package in '/workspaces/TIAgo_humble/ros2_ws/src/tiago_robot/tiago_description'
[8.830s] INFO:colcon.colcon_core.shell:Skip shell extension 'powershell' for command environment: Not usable outside of PowerShell
[8.830s] DEBUG:colcon.colcon_core.shell:Skip shell extension 'dsv' for command environment
[8.857s] INFO:colcon.colcon_ros.task.ament_cmake.build:Building ROS package in '/workspaces/TIAgo_humble/ros2_ws/src/pmb2_robot/pmb2_bringup' with build type 'ament_cmake'
[8.857s] INFO:colcon.colcon_cmake.task.cmake.build:Building CMake package in '/workspaces/TIAgo_humble/ros2_ws/src/pmb2_robot/pmb2_bringup'
[8.858s] INFO:colcon.colcon_core.shell:Skip shell extension 'powershell' for command environment: Not usable outside of PowerShell
[8.858s] DEBUG:colcon.colcon_core.shell:Skip shell extension 'dsv' for command environment
[8.894s] DEBUG:colcon.colcon_core.event_handler.log_command:Invoking command in '/workspaces/TIAgo_humble/build/pmb2_bringup': AMENT_PREFIX_PATH=/workspaces/TIAgo_humble/install/pmb2_description:/workspaces/TIAgo_humble/install/pmb2_controller_configuration:/workspaces/TIAgo_humble/install/pal_urdf_utils:/workspaces/TIAgo_humble/install/launch_pal:${AMENT_PREFIX_PATH} CMAKE_PREFIX_PATH=/workspaces/TIAgo_humble/install/pmb2_description:/workspaces/TIAgo_humble/install/pmb2_controller_configuration:/workspaces/TIAgo_humble/install/pal_urdf_utils:/opt/ros/humble PYTHONPATH=/workspaces/TIAgo_humble/install/pmb2_description/local/lib/python3.10/dist-packages:/workspaces/TIAgo_humble/build/launch_pal:/workspaces/TIAgo_humble/install/launch_pal/lib/python3.10/site-packages:${PYTHONPATH} /usr/bin/cmake /workspaces/TIAgo_humble/ros2_ws/src/pmb2_robot/pmb2_bringup -DCMAKE_BUILD_TYPE=Release -DAMENT_CMAKE_SYMLINK_INSTALL=1 -DCMAKE_INSTALL_PREFIX=/workspaces/TIAgo_humble/install/pmb2_bringup
[8.914s] DEBUG:colcon.colcon_core.event_handler.log_command:Invoking command in '/workspaces/TIAgo_humble/build/tiago_description': AMENT_PREFIX_PATH=/workspaces/TIAgo_humble/install/pmb2_description:/workspaces/TIAgo_humble/install/pal_hey5_description:/workspaces/TIAgo_humble/install/pal_gripper_description:/workspaces/TIAgo_humble/install/omni_base_description:/workspaces/TIAgo_humble/install/pal_urdf_utils:/workspaces/TIAgo_humble/install/pal_robotiq_description:/workspaces/TIAgo_humble/install/launch_pal:${AMENT_PREFIX_PATH} CMAKE_PREFIX_PATH=/workspaces/TIAgo_humble/install/pmb2_description:/workspaces/TIAgo_humble/install/pal_hey5_description:/workspaces/TIAgo_humble/install/pal_gripper_description:/workspaces/TIAgo_humble/install/omni_base_description:/workspaces/TIAgo_humble/install/pal_urdf_utils:/workspaces/TIAgo_humble/install/pal_robotiq_description:/opt/ros/humble PYTHONPATH=/workspaces/TIAgo_humble/install/pmb2_description/local/lib/python3.10/dist-packages:/workspaces/TIAgo_humble/install/omni_base_description/local/lib/python3.10/dist-packages:/workspaces/TIAgo_humble/build/launch_pal:/workspaces/TIAgo_humble/install/launch_pal/lib/python3.10/site-packages:${PYTHONPATH} /usr/bin/cmake /workspaces/TIAgo_humble/ros2_ws/src/tiago_robot/tiago_description -DCMAKE_BUILD_TYPE=Release -DAMENT_CMAKE_SYMLINK_INSTALL=1 -DCMAKE_INSTALL_PREFIX=/workspaces/TIAgo_humble/install/tiago_description
[11.091s] DEBUG:colcon.colcon_core.event_handler.log_command:Invoked command in '/workspaces/TIAgo_humble/build/omni_base_bringup' returned '0': AMENT_PREFIX_PATH=/workspaces/TIAgo_humble/install/omni_base_description:/workspaces/TIAgo_humble/install/pal_urdf_utils:/workspaces/TIAgo_humble/install/omni_base_controller_configuration:/workspaces/TIAgo_humble/install/launch_pal:${AMENT_PREFIX_PATH} CMAKE_PREFIX_PATH=/workspaces/TIAgo_humble/install/omni_base_description:/workspaces/TIAgo_humble/install/pal_urdf_utils:/workspaces/TIAgo_humble/install/omni_base_controller_configuration:/opt/ros/humble PYTHONPATH=/workspaces/TIAgo_humble/install/omni_base_description/local/lib/python3.10/dist-packages:/workspaces/TIAgo_humble/build/launch_pal:/workspaces/TIAgo_humble/install/launch_pal/lib/python3.10/site-packages:${PYTHONPATH} /usr/bin/cmake /workspaces/TIAgo_humble/ros2_ws/src/omni_base_robot/omni_base_bringup -DCMAKE_BUILD_TYPE=Release -DAMENT_CMAKE_SYMLINK_INSTALL=1 -DCMAKE_INSTALL_PREFIX=/workspaces/TIAgo_humble/install/omni_base_bringup
[11.092s] DEBUG:colcon.colcon_core.event_handler.log_command:Invoking command in '/workspaces/TIAgo_humble/build/omni_base_bringup': AMENT_PREFIX_PATH=/workspaces/TIAgo_humble/install/omni_base_description:/workspaces/TIAgo_humble/install/pal_urdf_utils:/workspaces/TIAgo_humble/install/omni_base_controller_configuration:/workspaces/TIAgo_humble/install/launch_pal:${AMENT_PREFIX_PATH} CMAKE_PREFIX_PATH=/workspaces/TIAgo_humble/install/omni_base_description:/workspaces/TIAgo_humble/install/pal_urdf_utils:/workspaces/TIAgo_humble/install/omni_base_controller_configuration:/opt/ros/humble PYTHONPATH=/workspaces/TIAgo_humble/install/omni_base_description/local/lib/python3.10/dist-packages:/workspaces/TIAgo_humble/build/launch_pal:/workspaces/TIAgo_humble/install/launch_pal/lib/python3.10/site-packages:${PYTHONPATH} /usr/bin/cmake --build /workspaces/TIAgo_humble/build/omni_base_bringup -- -j24 -l24
[11.272s] DEBUG:colcon.colcon_core.event_handler.log_command:Invoked command in '/workspaces/TIAgo_humble/build/omni_base_bringup' returned '0': AMENT_PREFIX_PATH=/workspaces/TIAgo_humble/install/omni_base_description:/workspaces/TIAgo_humble/install/pal_urdf_utils:/workspaces/TIAgo_humble/install/omni_base_controller_configuration:/workspaces/TIAgo_humble/install/launch_pal:${AMENT_PREFIX_PATH} CMAKE_PREFIX_PATH=/workspaces/TIAgo_humble/install/omni_base_description:/workspaces/TIAgo_humble/install/pal_urdf_utils:/workspaces/TIAgo_humble/install/omni_base_controller_configuration:/opt/ros/humble PYTHONPATH=/workspaces/TIAgo_humble/install/omni_base_description/local/lib/python3.10/dist-packages:/workspaces/TIAgo_humble/build/launch_pal:/workspaces/TIAgo_humble/install/launch_pal/lib/python3.10/site-packages:${PYTHONPATH} /usr/bin/cmake --build /workspaces/TIAgo_humble/build/omni_base_bringup -- -j24 -l24
[11.273s] DEBUG:colcon.colcon_core.event_handler.log_command:Invoking command in '/workspaces/TIAgo_humble/build/omni_base_bringup': AMENT_PREFIX_PATH=/workspaces/TIAgo_humble/install/omni_base_description:/workspaces/TIAgo_humble/install/pal_urdf_utils:/workspaces/TIAgo_humble/install/omni_base_controller_configuration:/workspaces/TIAgo_humble/install/launch_pal:${AMENT_PREFIX_PATH} CMAKE_PREFIX_PATH=/workspaces/TIAgo_humble/install/omni_base_description:/workspaces/TIAgo_humble/install/pal_urdf_utils:/workspaces/TIAgo_humble/install/omni_base_controller_configuration:/opt/ros/humble PYTHONPATH=/workspaces/TIAgo_humble/install/omni_base_description/local/lib/python3.10/dist-packages:/workspaces/TIAgo_humble/build/launch_pal:/workspaces/TIAgo_humble/install/launch_pal/lib/python3.10/site-packages:${PYTHONPATH} /usr/bin/cmake --install /workspaces/TIAgo_humble/build/omni_base_bringup
[11.848s] DEBUG:colcon.colcon_core.event_handler.log_command:Invoked command in '/workspaces/TIAgo_humble/build/pmb2_bringup' returned '0': AMENT_PREFIX_PATH=/workspaces/TIAgo_humble/install/pmb2_description:/workspaces/TIAgo_humble/install/pmb2_controller_configuration:/workspaces/TIAgo_humble/install/pal_urdf_utils:/workspaces/TIAgo_humble/install/launch_pal:${AMENT_PREFIX_PATH} CMAKE_PREFIX_PATH=/workspaces/TIAgo_humble/install/pmb2_description:/workspaces/TIAgo_humble/install/pmb2_controller_configuration:/workspaces/TIAgo_humble/install/pal_urdf_utils:/opt/ros/humble PYTHONPATH=/workspaces/TIAgo_humble/install/pmb2_description/local/lib/python3.10/dist-packages:/workspaces/TIAgo_humble/build/launch_pal:/workspaces/TIAgo_humble/install/launch_pal/lib/python3.10/site-packages:${PYTHONPATH} /usr/bin/cmake /workspaces/TIAgo_humble/ros2_ws/src/pmb2_robot/pmb2_bringup -DCMAKE_BUILD_TYPE=Release -DAMENT_CMAKE_SYMLINK_INSTALL=1 -DCMAKE_INSTALL_PREFIX=/workspaces/TIAgo_humble/install/pmb2_bringup
[11.848s] DEBUG:colcon.colcon_core.event_handler.log_command:Invoking command in '/workspaces/TIAgo_humble/build/pmb2_bringup': AMENT_PREFIX_PATH=/workspaces/TIAgo_humble/install/pmb2_description:/workspaces/TIAgo_humble/install/pmb2_controller_configuration:/workspaces/TIAgo_humble/install/pal_urdf_utils:/workspaces/TIAgo_humble/install/launch_pal:${AMENT_PREFIX_PATH} CMAKE_PREFIX_PATH=/workspaces/TIAgo_humble/install/pmb2_description:/workspaces/TIAgo_humble/install/pmb2_controller_configuration:/workspaces/TIAgo_humble/install/pal_urdf_utils:/opt/ros/humble PYTHONPATH=/workspaces/TIAgo_humble/install/pmb2_description/local/lib/python3.10/dist-packages:/workspaces/TIAgo_humble/build/launch_pal:/workspaces/TIAgo_humble/install/launch_pal/lib/python3.10/site-packages:${PYTHONPATH} /usr/bin/cmake --build /workspaces/TIAgo_humble/build/pmb2_bringup -- -j24 -l24
[11.933s] DEBUG:colcon.colcon_core.event_handler.log_command:Invoked command in '/workspaces/TIAgo_humble/build/pmb2_bringup' returned '0': AMENT_PREFIX_PATH=/workspaces/TIAgo_humble/install/pmb2_description:/workspaces/TIAgo_humble/install/pmb2_controller_configuration:/workspaces/TIAgo_humble/install/pal_urdf_utils:/workspaces/TIAgo_humble/install/launch_pal:${AMENT_PREFIX_PATH} CMAKE_PREFIX_PATH=/workspaces/TIAgo_humble/install/pmb2_description:/workspaces/TIAgo_humble/install/pmb2_controller_configuration:/workspaces/TIAgo_humble/install/pal_urdf_utils:/opt/ros/humble PYTHONPATH=/workspaces/TIAgo_humble/install/pmb2_description/local/lib/python3.10/dist-packages:/workspaces/TIAgo_humble/build/launch_pal:/workspaces/TIAgo_humble/install/launch_pal/lib/python3.10/site-packages:${PYTHONPATH} /usr/bin/cmake --build /workspaces/TIAgo_humble/build/pmb2_bringup -- -j24 -l24
[11.934s] DEBUG:colcon.colcon_core.event_handler.log_command:Invoking command in '/workspaces/TIAgo_humble/build/pmb2_bringup': AMENT_PREFIX_PATH=/workspaces/TIAgo_humble/install/pmb2_description:/workspaces/TIAgo_humble/install/pmb2_controller_configuration:/workspaces/TIAgo_humble/install/pal_urdf_utils:/workspaces/TIAgo_humble/install/launch_pal:${AMENT_PREFIX_PATH} CMAKE_PREFIX_PATH=/workspaces/TIAgo_humble/install/pmb2_description:/workspaces/TIAgo_humble/install/pmb2_controller_configuration:/workspaces/TIAgo_humble/install/pal_urdf_utils:/opt/ros/humble PYTHONPATH=/workspaces/TIAgo_humble/install/pmb2_description/local/lib/python3.10/dist-packages:/workspaces/TIAgo_humble/build/launch_pal:/workspaces/TIAgo_humble/install/launch_pal/lib/python3.10/site-packages:${PYTHONPATH} /usr/bin/cmake --install /workspaces/TIAgo_humble/build/pmb2_bringup
[12.077s] Level 1:colcon.colcon_core.environment:create_environment_scripts_only(omni_base_bringup)
[12.078s] Level 1:colcon.colcon_core.environment:checking '/workspaces/TIAgo_humble/install/omni_base_bringup' for CMake module files
[12.079s] DEBUG:colcon.colcon_core.event_handler.log_command:Invoked command in '/workspaces/TIAgo_humble/build/omni_base_bringup' returned '0': AMENT_PREFIX_PATH=/workspaces/TIAgo_humble/install/omni_base_description:/workspaces/TIAgo_humble/install/pal_urdf_utils:/workspaces/TIAgo_humble/install/omni_base_controller_configuration:/workspaces/TIAgo_humble/install/launch_pal:${AMENT_PREFIX_PATH} CMAKE_PREFIX_PATH=/workspaces/TIAgo_humble/install/omni_base_description:/workspaces/TIAgo_humble/install/pal_urdf_utils:/workspaces/TIAgo_humble/install/omni_base_controller_configuration:/opt/ros/humble PYTHONPATH=/workspaces/TIAgo_humble/install/omni_base_description/local/lib/python3.10/dist-packages:/workspaces/TIAgo_humble/build/launch_pal:/workspaces/TIAgo_humble/install/launch_pal/lib/python3.10/site-packages:${PYTHONPATH} /usr/bin/cmake --install /workspaces/TIAgo_humble/build/omni_base_bringup
[12.080s] Level 1:colcon.colcon_core.environment:checking '/workspaces/TIAgo_humble/install/omni_base_bringup' for CMake config files
[12.080s] Level 1:colcon.colcon_core.shell:create_environment_hook('omni_base_bringup', 'cmake_prefix_path')
[12.081s] INFO:colcon.colcon_core.shell:Creating environment hook '/workspaces/TIAgo_humble/install/omni_base_bringup/share/omni_base_bringup/hook/cmake_prefix_path.ps1'
[12.082s] INFO:colcon.colcon_core.shell:Creating environment descriptor '/workspaces/TIAgo_humble/install/omni_base_bringup/share/omni_base_bringup/hook/cmake_prefix_path.dsv'
[12.083s] INFO:colcon.colcon_core.shell:Creating environment hook '/workspaces/TIAgo_humble/install/omni_base_bringup/share/omni_base_bringup/hook/cmake_prefix_path.sh'
[12.084s] Level 1:colcon.colcon_core.environment:checking '/workspaces/TIAgo_humble/install/omni_base_bringup/bin'
[12.084s] Level 1:colcon.colcon_core.environment:checking '/workspaces/TIAgo_humble/install/omni_base_bringup/lib/pkgconfig/omni_base_bringup.pc'
[12.085s] Level 1:colcon.colcon_core.environment:checking '/workspaces/TIAgo_humble/install/omni_base_bringup/lib/python3.10/site-packages'
[12.086s] Level 1:colcon.colcon_core.environment:checking '/workspaces/TIAgo_humble/install/omni_base_bringup/bin'
[12.087s] INFO:colcon.colcon_core.shell:Creating package script '/workspaces/TIAgo_humble/install/omni_base_bringup/share/omni_base_bringup/package.ps1'
[12.089s] INFO:colcon.colcon_core.shell:Creating package descriptor '/workspaces/TIAgo_humble/install/omni_base_bringup/share/omni_base_bringup/package.dsv'
[12.090s] INFO:colcon.colcon_core.shell:Creating package script '/workspaces/TIAgo_humble/install/omni_base_bringup/share/omni_base_bringup/package.sh'
[12.092s] INFO:colcon.colcon_core.shell:Creating package script '/workspaces/TIAgo_humble/install/omni_base_bringup/share/omni_base_bringup/package.bash'
[12.092s] INFO:colcon.colcon_core.shell:Creating package script '/workspaces/TIAgo_humble/install/omni_base_bringup/share/omni_base_bringup/package.zsh'
[12.093s] Level 1:colcon.colcon_core.environment:create_file_with_runtime_dependencies(/workspaces/TIAgo_humble/install/omni_base_bringup/share/colcon-core/packages/omni_base_bringup)
[12.095s] Level 1:colcon.colcon_core.environment:create_environment_scripts_only(omni_base_bringup)
[12.095s] Level 1:colcon.colcon_core.environment:checking '/workspaces/TIAgo_humble/install/omni_base_bringup' for CMake module files
[12.096s] Level 1:colcon.colcon_core.environment:checking '/workspaces/TIAgo_humble/install/omni_base_bringup' for CMake config files
[12.097s] Level 1:colcon.colcon_core.shell:create_environment_hook('omni_base_bringup', 'cmake_prefix_path')
[12.097s] INFO:colcon.colcon_core.shell:Creating environment hook '/workspaces/TIAgo_humble/install/omni_base_bringup/share/omni_base_bringup/hook/cmake_prefix_path.ps1'
[12.154s] INFO:colcon.colcon_core.shell:Creating environment descriptor '/workspaces/TIAgo_humble/install/omni_base_bringup/share/omni_base_bringup/hook/cmake_prefix_path.dsv'
[12.157s] INFO:colcon.colcon_core.shell:Creating environment hook '/workspaces/TIAgo_humble/install/omni_base_bringup/share/omni_base_bringup/hook/cmake_prefix_path.sh'
[12.168s] Level 1:colcon.colcon_core.environment:checking '/workspaces/TIAgo_humble/install/omni_base_bringup/bin'
[12.175s] Level 1:colcon.colcon_core.environment:checking '/workspaces/TIAgo_humble/install/omni_base_bringup/lib/pkgconfig/omni_base_bringup.pc'
[12.176s] Level 1:colcon.colcon_core.environment:checking '/workspaces/TIAgo_humble/install/omni_base_bringup/lib/python3.10/site-packages'
[12.177s] Level 1:colcon.colcon_core.environment:checking '/workspaces/TIAgo_humble/install/omni_base_bringup/bin'
[12.179s] INFO:colcon.colcon_core.shell:Creating package script '/workspaces/TIAgo_humble/install/omni_base_bringup/share/omni_base_bringup/package.ps1'
[12.181s] INFO:colcon.colcon_core.shell:Creating package descriptor '/workspaces/TIAgo_humble/install/omni_base_bringup/share/omni_base_bringup/package.dsv'
[12.183s] INFO:colcon.colcon_core.shell:Creating package script '/workspaces/TIAgo_humble/install/omni_base_bringup/share/omni_base_bringup/package.sh'
[12.184s] INFO:colcon.colcon_core.shell:Creating package script '/workspaces/TIAgo_humble/install/omni_base_bringup/share/omni_base_bringup/package.bash'
[12.191s] INFO:colcon.colcon_core.shell:Creating package script '/workspaces/TIAgo_humble/install/omni_base_bringup/share/omni_base_bringup/package.zsh'
[12.194s] Level 1:colcon.colcon_core.environment:create_file_with_runtime_dependencies(/workspaces/TIAgo_humble/install/omni_base_bringup/share/colcon-core/packages/omni_base_bringup)
[12.202s] INFO:colcon.colcon_ros.task.ament_cmake.build:Building ROS package in '/workspaces/TIAgo_humble/ros2_ws/src/omni_base_robot/omni_base_robot' with build type 'ament_cmake'
[12.203s] INFO:colcon.colcon_cmake.task.cmake.build:Building CMake package in '/workspaces/TIAgo_humble/ros2_ws/src/omni_base_robot/omni_base_robot'
[12.206s] INFO:colcon.colcon_core.shell:Skip shell extension 'powershell' for command environment: Not usable outside of PowerShell
[12.207s] DEBUG:colcon.colcon_core.shell:Skip shell extension 'dsv' for command environment
[12.247s] DEBUG:colcon.colcon_core.event_handler.log_command:Invoking command in '/workspaces/TIAgo_humble/build/omni_base_robot': AMENT_PREFIX_PATH=/workspaces/TIAgo_humble/install/omni_base_bringup:/workspaces/TIAgo_humble/install/omni_base_description:/workspaces/TIAgo_humble/install/pal_urdf_utils:/workspaces/TIAgo_humble/install/omni_base_controller_configuration:/workspaces/TIAgo_humble/install/launch_pal:${AMENT_PREFIX_PATH} CMAKE_PREFIX_PATH=/workspaces/TIAgo_humble/install/omni_base_bringup:/workspaces/TIAgo_humble/install/omni_base_description:/workspaces/TIAgo_humble/install/pal_urdf_utils:/workspaces/TIAgo_humble/install/omni_base_controller_configuration:/opt/ros/humble PYTHONPATH=/workspaces/TIAgo_humble/install/omni_base_description/local/lib/python3.10/dist-packages:/workspaces/TIAgo_humble/build/launch_pal:/workspaces/TIAgo_humble/install/launch_pal/lib/python3.10/site-packages:${PYTHONPATH} /usr/bin/cmake /workspaces/TIAgo_humble/ros2_ws/src/omni_base_robot/omni_base_robot -DCMAKE_BUILD_TYPE=Release -DAMENT_CMAKE_SYMLINK_INSTALL=1 -DCMAKE_INSTALL_PREFIX=/workspaces/TIAgo_humble/install/omni_base_robot
[12.661s] Level 1:colcon.colcon_core.environment:create_environment_scripts_only(pmb2_bringup)
[12.661s] DEBUG:colcon.colcon_core.event_handler.log_command:Invoked command in '/workspaces/TIAgo_humble/build/pmb2_bringup' returned '0': AMENT_PREFIX_PATH=/workspaces/TIAgo_humble/install/pmb2_description:/workspaces/TIAgo_humble/install/pmb2_controller_configuration:/workspaces/TIAgo_humble/install/pal_urdf_utils:/workspaces/TIAgo_humble/install/launch_pal:${AMENT_PREFIX_PATH} CMAKE_PREFIX_PATH=/workspaces/TIAgo_humble/install/pmb2_description:/workspaces/TIAgo_humble/install/pmb2_controller_configuration:/workspaces/TIAgo_humble/install/pal_urdf_utils:/opt/ros/humble PYTHONPATH=/workspaces/TIAgo_humble/install/pmb2_description/local/lib/python3.10/dist-packages:/workspaces/TIAgo_humble/build/launch_pal:/workspaces/TIAgo_humble/install/launch_pal/lib/python3.10/site-packages:${PYTHONPATH} /usr/bin/cmake --install /workspaces/TIAgo_humble/build/pmb2_bringup
[12.662s] Level 1:colcon.colcon_core.environment:checking '/workspaces/TIAgo_humble/install/pmb2_bringup' for CMake module files
[12.663s] Level 1:colcon.colcon_core.environment:checking '/workspaces/TIAgo_humble/install/pmb2_bringup' for CMake config files
[12.664s] Level 1:colcon.colcon_core.shell:create_environment_hook('pmb2_bringup', 'cmake_prefix_path')
[12.666s] INFO:colcon.colcon_core.shell:Creating environment hook '/workspaces/TIAgo_humble/install/pmb2_bringup/share/pmb2_bringup/hook/cmake_prefix_path.ps1'
[12.666s] INFO:colcon.colcon_core.shell:Creating environment descriptor '/workspaces/TIAgo_humble/install/pmb2_bringup/share/pmb2_bringup/hook/cmake_prefix_path.dsv'
[12.668s] INFO:colcon.colcon_core.shell:Creating environment hook '/workspaces/TIAgo_humble/install/pmb2_bringup/share/pmb2_bringup/hook/cmake_prefix_path.sh'
[12.670s] Level 1:colcon.colcon_core.environment:checking '/workspaces/TIAgo_humble/install/pmb2_bringup/bin'
[12.671s] Level 1:colcon.colcon_core.environment:checking '/workspaces/TIAgo_humble/install/pmb2_bringup/lib/pkgconfig/pmb2_bringup.pc'
[12.671s] Level 1:colcon.colcon_core.environment:checking '/workspaces/TIAgo_humble/install/pmb2_bringup/lib/python3.10/site-packages'
[12.671s] Level 1:colcon.colcon_core.environment:checking '/workspaces/TIAgo_humble/install/pmb2_bringup/bin'
[12.674s] INFO:colcon.colcon_core.shell:Creating package script '/workspaces/TIAgo_humble/install/pmb2_bringup/share/pmb2_bringup/package.ps1'
[12.674s] INFO:colcon.colcon_core.shell:Creating package descriptor '/workspaces/TIAgo_humble/install/pmb2_bringup/share/pmb2_bringup/package.dsv'
[12.675s] INFO:colcon.colcon_core.shell:Creating package script '/workspaces/TIAgo_humble/install/pmb2_bringup/share/pmb2_bringup/package.sh'
[12.676s] INFO:colcon.colcon_core.shell:Creating package script '/workspaces/TIAgo_humble/install/pmb2_bringup/share/pmb2_bringup/package.bash'
[12.678s] INFO:colcon.colcon_core.shell:Creating package script '/workspaces/TIAgo_humble/install/pmb2_bringup/share/pmb2_bringup/package.zsh'
[12.679s] Level 1:colcon.colcon_core.environment:create_file_with_runtime_dependencies(/workspaces/TIAgo_humble/install/pmb2_bringup/share/colcon-core/packages/pmb2_bringup)
[12.682s] Level 1:colcon.colcon_core.environment:create_environment_scripts_only(pmb2_bringup)
[12.682s] Level 1:colcon.colcon_core.environment:checking '/workspaces/TIAgo_humble/install/pmb2_bringup' for CMake module files
[12.683s] Level 1:colcon.colcon_core.environment:checking '/workspaces/TIAgo_humble/install/pmb2_bringup' for CMake config files
[12.684s] Level 1:colcon.colcon_core.shell:create_environment_hook('pmb2_bringup', 'cmake_prefix_path')
[12.684s] INFO:colcon.colcon_core.shell:Creating environment hook '/workspaces/TIAgo_humble/install/pmb2_bringup/share/pmb2_bringup/hook/cmake_prefix_path.ps1'
[12.685s] INFO:colcon.colcon_core.shell:Creating environment descriptor '/workspaces/TIAgo_humble/install/pmb2_bringup/share/pmb2_bringup/hook/cmake_prefix_path.dsv'
[12.687s] INFO:colcon.colcon_core.shell:Creating environment hook '/workspaces/TIAgo_humble/install/pmb2_bringup/share/pmb2_bringup/hook/cmake_prefix_path.sh'
[12.688s] Level 1:colcon.colcon_core.environment:checking '/workspaces/TIAgo_humble/install/pmb2_bringup/bin'
[12.688s] Level 1:colcon.colcon_core.environment:checking '/workspaces/TIAgo_humble/install/pmb2_bringup/lib/pkgconfig/pmb2_bringup.pc'
[12.689s] Level 1:colcon.colcon_core.environment:checking '/workspaces/TIAgo_humble/install/pmb2_bringup/lib/python3.10/site-packages'
[12.690s] Level 1:colcon.colcon_core.environment:checking '/workspaces/TIAgo_humble/install/pmb2_bringup/bin'
[12.691s] INFO:colcon.colcon_core.shell:Creating package script '/workspaces/TIAgo_humble/install/pmb2_bringup/share/pmb2_bringup/package.ps1'
[12.692s] INFO:colcon.colcon_core.shell:Creating package descriptor '/workspaces/TIAgo_humble/install/pmb2_bringup/share/pmb2_bringup/package.dsv'
[12.694s] INFO:colcon.colcon_core.shell:Creating package script '/workspaces/TIAgo_humble/install/pmb2_bringup/share/pmb2_bringup/package.sh'
[12.695s] INFO:colcon.colcon_core.shell:Creating package script '/workspaces/TIAgo_humble/install/pmb2_bringup/share/pmb2_bringup/package.bash'
[12.696s] INFO:colcon.colcon_core.shell:Creating package script '/workspaces/TIAgo_humble/install/pmb2_bringup/share/pmb2_bringup/package.zsh'
[12.703s] Level 1:colcon.colcon_core.environment:create_file_with_runtime_dependencies(/workspaces/TIAgo_humble/install/pmb2_bringup/share/colcon-core/packages/pmb2_bringup)
[12.705s] INFO:colcon.colcon_ros.task.ament_cmake.build:Building ROS package in '/workspaces/TIAgo_humble/ros2_ws/src/pmb2_robot/pmb2_robot' with build type 'ament_cmake'
[12.705s] INFO:colcon.colcon_cmake.task.cmake.build:Building CMake package in '/workspaces/TIAgo_humble/ros2_ws/src/pmb2_robot/pmb2_robot'
[12.706s] INFO:colcon.colcon_core.shell:Skip shell extension 'powershell' for command environment: Not usable outside of PowerShell
[12.706s] DEBUG:colcon.colcon_core.shell:Skip shell extension 'dsv' for command environment
[12.732s] DEBUG:colcon.colcon_core.event_handler.log_command:Invoking command in '/workspaces/TIAgo_humble/build/pmb2_robot': AMENT_PREFIX_PATH=/workspaces/TIAgo_humble/install/pmb2_bringup:/workspaces/TIAgo_humble/install/pmb2_description:/workspaces/TIAgo_humble/install/pmb2_controller_configuration:/workspaces/TIAgo_humble/install/pal_urdf_utils:/workspaces/TIAgo_humble/install/launch_pal:${AMENT_PREFIX_PATH} CMAKE_PREFIX_PATH=/workspaces/TIAgo_humble/install/pmb2_bringup:/workspaces/TIAgo_humble/install/pmb2_description:/workspaces/TIAgo_humble/install/pmb2_controller_configuration:/workspaces/TIAgo_humble/install/pal_urdf_utils:/opt/ros/humble PYTHONPATH=/workspaces/TIAgo_humble/install/pmb2_description/local/lib/python3.10/dist-packages:/workspaces/TIAgo_humble/build/launch_pal:/workspaces/TIAgo_humble/install/launch_pal/lib/python3.10/site-packages:${PYTHONPATH} /usr/bin/cmake /workspaces/TIAgo_humble/ros2_ws/src/pmb2_robot/pmb2_robot -DCMAKE_BUILD_TYPE=Release -DAMENT_CMAKE_SYMLINK_INSTALL=1 -DCMAKE_INSTALL_PREFIX=/workspaces/TIAgo_humble/install/pmb2_robot
[12.985s] DEBUG:colcon.colcon_core.event_handler.log_command:Invoked command in '/workspaces/TIAgo_humble/build/tiago_description' returned '0': AMENT_PREFIX_PATH=/workspaces/TIAgo_humble/install/pmb2_description:/workspaces/TIAgo_humble/install/pal_hey5_description:/workspaces/TIAgo_humble/install/pal_gripper_description:/workspaces/TIAgo_humble/install/omni_base_description:/workspaces/TIAgo_humble/install/pal_urdf_utils:/workspaces/TIAgo_humble/install/pal_robotiq_description:/workspaces/TIAgo_humble/install/launch_pal:${AMENT_PREFIX_PATH} CMAKE_PREFIX_PATH=/workspaces/TIAgo_humble/install/pmb2_description:/workspaces/TIAgo_humble/install/pal_hey5_description:/workspaces/TIAgo_humble/install/pal_gripper_description:/workspaces/TIAgo_humble/install/omni_base_description:/workspaces/TIAgo_humble/install/pal_urdf_utils:/workspaces/TIAgo_humble/install/pal_robotiq_description:/opt/ros/humble PYTHONPATH=/workspaces/TIAgo_humble/install/pmb2_description/local/lib/python3.10/dist-packages:/workspaces/TIAgo_humble/install/omni_base_description/local/lib/python3.10/dist-packages:/workspaces/TIAgo_humble/build/launch_pal:/workspaces/TIAgo_humble/install/launch_pal/lib/python3.10/site-packages:${PYTHONPATH} /usr/bin/cmake /workspaces/TIAgo_humble/ros2_ws/src/tiago_robot/tiago_description -DCMAKE_BUILD_TYPE=Release -DAMENT_CMAKE_SYMLINK_INSTALL=1 -DCMAKE_INSTALL_PREFIX=/workspaces/TIAgo_humble/install/tiago_description
[12.987s] DEBUG:colcon.colcon_core.event_handler.log_command:Invoking command in '/workspaces/TIAgo_humble/build/tiago_description': AMENT_PREFIX_PATH=/workspaces/TIAgo_humble/install/pmb2_description:/workspaces/TIAgo_humble/install/pal_hey5_description:/workspaces/TIAgo_humble/install/pal_gripper_description:/workspaces/TIAgo_humble/install/omni_base_description:/workspaces/TIAgo_humble/install/pal_urdf_utils:/workspaces/TIAgo_humble/install/pal_robotiq_description:/workspaces/TIAgo_humble/install/launch_pal:${AMENT_PREFIX_PATH} CMAKE_PREFIX_PATH=/workspaces/TIAgo_humble/install/pmb2_description:/workspaces/TIAgo_humble/install/pal_hey5_description:/workspaces/TIAgo_humble/install/pal_gripper_description:/workspaces/TIAgo_humble/install/omni_base_description:/workspaces/TIAgo_humble/install/pal_urdf_utils:/workspaces/TIAgo_humble/install/pal_robotiq_description:/opt/ros/humble PYTHONPATH=/workspaces/TIAgo_humble/install/pmb2_description/local/lib/python3.10/dist-packages:/workspaces/TIAgo_humble/install/omni_base_description/local/lib/python3.10/dist-packages:/workspaces/TIAgo_humble/build/launch_pal:/workspaces/TIAgo_humble/install/launch_pal/lib/python3.10/site-packages:${PYTHONPATH} /usr/bin/cmake --build /workspaces/TIAgo_humble/build/tiago_description -- -j24 -l24
[13.803s] DEBUG:colcon.colcon_core.event_handler.log_command:Invoked command in '/workspaces/TIAgo_humble/build/tiago_description' returned '0': AMENT_PREFIX_PATH=/workspaces/TIAgo_humble/install/pmb2_description:/workspaces/TIAgo_humble/install/pal_hey5_description:/workspaces/TIAgo_humble/install/pal_gripper_description:/workspaces/TIAgo_humble/install/omni_base_description:/workspaces/TIAgo_humble/install/pal_urdf_utils:/workspaces/TIAgo_humble/install/pal_robotiq_description:/workspaces/TIAgo_humble/install/launch_pal:${AMENT_PREFIX_PATH} CMAKE_PREFIX_PATH=/workspaces/TIAgo_humble/install/pmb2_description:/workspaces/TIAgo_humble/install/pal_hey5_description:/workspaces/TIAgo_humble/install/pal_gripper_description:/workspaces/TIAgo_humble/install/omni_base_description:/workspaces/TIAgo_humble/install/pal_urdf_utils:/workspaces/TIAgo_humble/install/pal_robotiq_description:/opt/ros/humble PYTHONPATH=/workspaces/TIAgo_humble/install/pmb2_description/local/lib/python3.10/dist-packages:/workspaces/TIAgo_humble/install/omni_base_description/local/lib/python3.10/dist-packages:/workspaces/TIAgo_humble/build/launch_pal:/workspaces/TIAgo_humble/install/launch_pal/lib/python3.10/site-packages:${PYTHONPATH} /usr/bin/cmake --build /workspaces/TIAgo_humble/build/tiago_description -- -j24 -l24
[13.813s] DEBUG:colcon.colcon_core.event_handler.log_command:Invoking command in '/workspaces/TIAgo_humble/build/tiago_description': AMENT_PREFIX_PATH=/workspaces/TIAgo_humble/install/pmb2_description:/workspaces/TIAgo_humble/install/pal_hey5_description:/workspaces/TIAgo_humble/install/pal_gripper_description:/workspaces/TIAgo_humble/install/omni_base_description:/workspaces/TIAgo_humble/install/pal_urdf_utils:/workspaces/TIAgo_humble/install/pal_robotiq_description:/workspaces/TIAgo_humble/install/launch_pal:${AMENT_PREFIX_PATH} CMAKE_PREFIX_PATH=/workspaces/TIAgo_humble/install/pmb2_description:/workspaces/TIAgo_humble/install/pal_hey5_description:/workspaces/TIAgo_humble/install/pal_gripper_description:/workspaces/TIAgo_humble/install/omni_base_description:/workspaces/TIAgo_humble/install/pal_urdf_utils:/workspaces/TIAgo_humble/install/pal_robotiq_description:/opt/ros/humble PYTHONPATH=/workspaces/TIAgo_humble/install/pmb2_description/local/lib/python3.10/dist-packages:/workspaces/TIAgo_humble/install/omni_base_description/local/lib/python3.10/dist-packages:/workspaces/TIAgo_humble/build/launch_pal:/workspaces/TIAgo_humble/install/launch_pal/lib/python3.10/site-packages:${PYTHONPATH} /usr/bin/cmake --install /workspaces/TIAgo_humble/build/tiago_description
[14.459s] Level 1:colcon.colcon_core.environment:create_environment_scripts_only(pal_gazebo_worlds)
[14.460s] Level 1:colcon.colcon_core.environment:checking '/workspaces/TIAgo_humble/install/pal_gazebo_worlds' for CMake module files
[14.460s] DEBUG:colcon.colcon_core.event_handler.log_command:Invoked command in '/workspaces/TIAgo_humble/build/pal_gazebo_worlds' returned '0': AMENT_PREFIX_PATH=/workspaces/TIAgo_humble/install/launch_pal:${AMENT_PREFIX_PATH} CMAKE_PREFIX_PATH=/opt/ros/humble PYTHONPATH=/workspaces/TIAgo_humble/build/launch_pal:/workspaces/TIAgo_humble/install/launch_pal/lib/python3.10/site-packages:${PYTHONPATH} /usr/bin/cmake --install /workspaces/TIAgo_humble/build/pal_gazebo_worlds
[14.460s] Level 1:colcon.colcon_core.environment:checking '/workspaces/TIAgo_humble/install/pal_gazebo_worlds' for CMake config files
[14.462s] Level 1:colcon.colcon_core.shell:create_environment_hook('pal_gazebo_worlds', 'cmake_prefix_path')
[14.462s] INFO:colcon.colcon_core.shell:Creating environment hook '/workspaces/TIAgo_humble/install/pal_gazebo_worlds/share/pal_gazebo_worlds/hook/cmake_prefix_path.ps1'
[14.463s] INFO:colcon.colcon_core.shell:Creating environment descriptor '/workspaces/TIAgo_humble/install/pal_gazebo_worlds/share/pal_gazebo_worlds/hook/cmake_prefix_path.dsv'
[14.463s] INFO:colcon.colcon_core.shell:Creating environment hook '/workspaces/TIAgo_humble/install/pal_gazebo_worlds/share/pal_gazebo_worlds/hook/cmake_prefix_path.sh'
[14.467s] Level 1:colcon.colcon_core.environment:checking '/workspaces/TIAgo_humble/install/pal_gazebo_worlds/bin'
[14.467s] Level 1:colcon.colcon_core.environment:checking '/workspaces/TIAgo_humble/install/pal_gazebo_worlds/lib/pkgconfig/pal_gazebo_worlds.pc'
[14.468s] Level 1:colcon.colcon_core.environment:checking '/workspaces/TIAgo_humble/install/pal_gazebo_worlds/lib/python3.10/site-packages'
[14.468s] Level 1:colcon.colcon_core.environment:checking '/workspaces/TIAgo_humble/install/pal_gazebo_worlds/bin'
[14.469s] INFO:colcon.colcon_core.shell:Creating package script '/workspaces/TIAgo_humble/install/pal_gazebo_worlds/share/pal_gazebo_worlds/package.ps1'
[14.473s] INFO:colcon.colcon_core.shell:Creating package descriptor '/workspaces/TIAgo_humble/install/pal_gazebo_worlds/share/pal_gazebo_worlds/package.dsv'
[14.473s] INFO:colcon.colcon_core.shell:Creating package script '/workspaces/TIAgo_humble/install/pal_gazebo_worlds/share/pal_gazebo_worlds/package.sh'
[14.474s] INFO:colcon.colcon_core.shell:Creating package script '/workspaces/TIAgo_humble/install/pal_gazebo_worlds/share/pal_gazebo_worlds/package.bash'
[14.474s] INFO:colcon.colcon_core.shell:Creating package script '/workspaces/TIAgo_humble/install/pal_gazebo_worlds/share/pal_gazebo_worlds/package.zsh'
[14.474s] Level 1:colcon.colcon_core.environment:create_file_with_runtime_dependencies(/workspaces/TIAgo_humble/install/pal_gazebo_worlds/share/colcon-core/packages/pal_gazebo_worlds)
[14.475s] Level 1:colcon.colcon_core.environment:create_environment_scripts_only(pal_gazebo_worlds)
[14.549s] Level 1:colcon.colcon_core.environment:checking '/workspaces/TIAgo_humble/install/pal_gazebo_worlds' for CMake module files
[14.550s] Level 1:colcon.colcon_core.environment:checking '/workspaces/TIAgo_humble/install/pal_gazebo_worlds' for CMake config files
[14.550s] Level 1:colcon.colcon_core.shell:create_environment_hook('pal_gazebo_worlds', 'cmake_prefix_path')
[14.551s] INFO:colcon.colcon_core.shell:Creating environment hook '/workspaces/TIAgo_humble/install/pal_gazebo_worlds/share/pal_gazebo_worlds/hook/cmake_prefix_path.ps1'
[14.551s] INFO:colcon.colcon_core.shell:Creating environment descriptor '/workspaces/TIAgo_humble/install/pal_gazebo_worlds/share/pal_gazebo_worlds/hook/cmake_prefix_path.dsv'
[14.552s] INFO:colcon.colcon_core.shell:Creating environment hook '/workspaces/TIAgo_humble/install/pal_gazebo_worlds/share/pal_gazebo_worlds/hook/cmake_prefix_path.sh'
[14.552s] Level 1:colcon.colcon_core.environment:checking '/workspaces/TIAgo_humble/install/pal_gazebo_worlds/bin'
[14.552s] Level 1:colcon.colcon_core.environment:checking '/workspaces/TIAgo_humble/install/pal_gazebo_worlds/lib/pkgconfig/pal_gazebo_worlds.pc'
[14.553s] Level 1:colcon.colcon_core.environment:checking '/workspaces/TIAgo_humble/install/pal_gazebo_worlds/lib/python3.10/site-packages'
[14.554s] Level 1:colcon.colcon_core.environment:checking '/workspaces/TIAgo_humble/install/pal_gazebo_worlds/bin'
[14.555s] INFO:colcon.colcon_core.shell:Creating package script '/workspaces/TIAgo_humble/install/pal_gazebo_worlds/share/pal_gazebo_worlds/package.ps1'
[14.556s] INFO:colcon.colcon_core.shell:Creating package descriptor '/workspaces/TIAgo_humble/install/pal_gazebo_worlds/share/pal_gazebo_worlds/package.dsv'
[14.556s] INFO:colcon.colcon_core.shell:Creating package script '/workspaces/TIAgo_humble/install/pal_gazebo_worlds/share/pal_gazebo_worlds/package.sh'
[14.559s] INFO:colcon.colcon_core.shell:Creating package script '/workspaces/TIAgo_humble/install/pal_gazebo_worlds/share/pal_gazebo_worlds/package.bash'
[14.560s] INFO:colcon.colcon_core.shell:Creating package script '/workspaces/TIAgo_humble/install/pal_gazebo_worlds/share/pal_gazebo_worlds/package.zsh'
[14.561s] Level 1:colcon.colcon_core.environment:create_file_with_runtime_dependencies(/workspaces/TIAgo_humble/install/pal_gazebo_worlds/share/colcon-core/packages/pal_gazebo_worlds)
[14.561s] INFO:colcon.colcon_ros.task.ament_cmake.build:Building ROS package in '/workspaces/TIAgo_humble/ros2_ws/src/pal_gripper/pal_gripper_simulation' with build type 'ament_cmake'
[14.562s] INFO:colcon.colcon_cmake.task.cmake.build:Building CMake package in '/workspaces/TIAgo_humble/ros2_ws/src/pal_gripper/pal_gripper_simulation'
[14.567s] INFO:colcon.colcon_core.shell:Skip shell extension 'powershell' for command environment: Not usable outside of PowerShell
[14.569s] DEBUG:colcon.colcon_core.shell:Skip shell extension 'dsv' for command environment
[14.594s] DEBUG:colcon.colcon_core.event_handler.log_command:Invoked command in '/workspaces/TIAgo_humble/build/pmb2_robot' returned '0': AMENT_PREFIX_PATH=/workspaces/TIAgo_humble/install/pmb2_bringup:/workspaces/TIAgo_humble/install/pmb2_description:/workspaces/TIAgo_humble/install/pmb2_controller_configuration:/workspaces/TIAgo_humble/install/pal_urdf_utils:/workspaces/TIAgo_humble/install/launch_pal:${AMENT_PREFIX_PATH} CMAKE_PREFIX_PATH=/workspaces/TIAgo_humble/install/pmb2_bringup:/workspaces/TIAgo_humble/install/pmb2_description:/workspaces/TIAgo_humble/install/pmb2_controller_configuration:/workspaces/TIAgo_humble/install/pal_urdf_utils:/opt/ros/humble PYTHONPATH=/workspaces/TIAgo_humble/install/pmb2_description/local/lib/python3.10/dist-packages:/workspaces/TIAgo_humble/build/launch_pal:/workspaces/TIAgo_humble/install/launch_pal/lib/python3.10/site-packages:${PYTHONPATH} /usr/bin/cmake /workspaces/TIAgo_humble/ros2_ws/src/pmb2_robot/pmb2_robot -DCMAKE_BUILD_TYPE=Release -DAMENT_CMAKE_SYMLINK_INSTALL=1 -DCMAKE_INSTALL_PREFIX=/workspaces/TIAgo_humble/install/pmb2_robot
[14.595s] DEBUG:colcon.colcon_core.event_handler.log_command:Invoking command in '/workspaces/TIAgo_humble/build/pmb2_robot': AMENT_PREFIX_PATH=/workspaces/TIAgo_humble/install/pmb2_bringup:/workspaces/TIAgo_humble/install/pmb2_description:/workspaces/TIAgo_humble/install/pmb2_controller_configuration:/workspaces/TIAgo_humble/install/pal_urdf_utils:/workspaces/TIAgo_humble/install/launch_pal:${AMENT_PREFIX_PATH} CMAKE_PREFIX_PATH=/workspaces/TIAgo_humble/install/pmb2_bringup:/workspaces/TIAgo_humble/install/pmb2_description:/workspaces/TIAgo_humble/install/pmb2_controller_configuration:/workspaces/TIAgo_humble/install/pal_urdf_utils:/opt/ros/humble PYTHONPATH=/workspaces/TIAgo_humble/install/pmb2_description/local/lib/python3.10/dist-packages:/workspaces/TIAgo_humble/build/launch_pal:/workspaces/TIAgo_humble/install/launch_pal/lib/python3.10/site-packages:${PYTHONPATH} /usr/bin/cmake --build /workspaces/TIAgo_humble/build/pmb2_robot -- -j24 -l24
[14.596s] DEBUG:colcon.colcon_core.event_handler.log_command:Invoked command in '/workspaces/TIAgo_humble/build/omni_base_robot' returned '0': AMENT_PREFIX_PATH=/workspaces/TIAgo_humble/install/omni_base_bringup:/workspaces/TIAgo_humble/install/omni_base_description:/workspaces/TIAgo_humble/install/pal_urdf_utils:/workspaces/TIAgo_humble/install/omni_base_controller_configuration:/workspaces/TIAgo_humble/install/launch_pal:${AMENT_PREFIX_PATH} CMAKE_PREFIX_PATH=/workspaces/TIAgo_humble/install/omni_base_bringup:/workspaces/TIAgo_humble/install/omni_base_description:/workspaces/TIAgo_humble/install/pal_urdf_utils:/workspaces/TIAgo_humble/install/omni_base_controller_configuration:/opt/ros/humble PYTHONPATH=/workspaces/TIAgo_humble/install/omni_base_description/local/lib/python3.10/dist-packages:/workspaces/TIAgo_humble/build/launch_pal:/workspaces/TIAgo_humble/install/launch_pal/lib/python3.10/site-packages:${PYTHONPATH} /usr/bin/cmake /workspaces/TIAgo_humble/ros2_ws/src/omni_base_robot/omni_base_robot -DCMAKE_BUILD_TYPE=Release -DAMENT_CMAKE_SYMLINK_INSTALL=1 -DCMAKE_INSTALL_PREFIX=/workspaces/TIAgo_humble/install/omni_base_robot
[14.597s] DEBUG:colcon.colcon_core.event_handler.log_command:Invoking command in '/workspaces/TIAgo_humble/build/omni_base_robot': AMENT_PREFIX_PATH=/workspaces/TIAgo_humble/install/omni_base_bringup:/workspaces/TIAgo_humble/install/omni_base_description:/workspaces/TIAgo_humble/install/pal_urdf_utils:/workspaces/TIAgo_humble/install/omni_base_controller_configuration:/workspaces/TIAgo_humble/install/launch_pal:${AMENT_PREFIX_PATH} CMAKE_PREFIX_PATH=/workspaces/TIAgo_humble/install/omni_base_bringup:/workspaces/TIAgo_humble/install/omni_base_description:/workspaces/TIAgo_humble/install/pal_urdf_utils:/workspaces/TIAgo_humble/install/omni_base_controller_configuration:/opt/ros/humble PYTHONPATH=/workspaces/TIAgo_humble/install/omni_base_description/local/lib/python3.10/dist-packages:/workspaces/TIAgo_humble/build/launch_pal:/workspaces/TIAgo_humble/install/launch_pal/lib/python3.10/site-packages:${PYTHONPATH} /usr/bin/cmake --build /workspaces/TIAgo_humble/build/omni_base_robot -- -j24 -l24
[14.641s] DEBUG:colcon.colcon_core.event_handler.log_command:Invoking command in '/workspaces/TIAgo_humble/build/pal_gripper_simulation': AMENT_PREFIX_PATH=/workspaces/TIAgo_humble/install/pal_gripper_description:/workspaces/TIAgo_humble/install/pal_gazebo_worlds:/workspaces/TIAgo_humble/install/pal_urdf_utils:/workspaces/TIAgo_humble/install/pal_gripper_controller_configuration:/workspaces/TIAgo_humble/install/launch_pal:${AMENT_PREFIX_PATH} CMAKE_PREFIX_PATH=/workspaces/TIAgo_humble/install/pal_gripper_description:/workspaces/TIAgo_humble/install/pal_gazebo_worlds:/workspaces/TIAgo_humble/install/pal_urdf_utils:/workspaces/TIAgo_humble/install/pal_gripper_controller_configuration:/opt/ros/humble GAZEBO_MODEL_PATH=/workspaces/TIAgo_humble/install/pal_gazebo_worlds/share/pal_gazebo_worlds/models:${GAZEBO_MODEL_PATH} GZ_SIM_RESOURCE_PATH=/workspaces/TIAgo_humble/install/pal_gazebo_worlds/share/pal_gazebo_worlds/models PYTHONPATH=/workspaces/TIAgo_humble/build/launch_pal:/workspaces/TIAgo_humble/install/launch_pal/lib/python3.10/site-packages:${PYTHONPATH} /usr/bin/cmake /workspaces/TIAgo_humble/ros2_ws/src/pal_gripper/pal_gripper_simulation -DCMAKE_BUILD_TYPE=Release -DAMENT_CMAKE_SYMLINK_INSTALL=1 -DCMAKE_INSTALL_PREFIX=/workspaces/TIAgo_humble/install/pal_gripper_simulation
[14.681s] DEBUG:colcon.colcon_core.event_handler.log_command:Invoked command in '/workspaces/TIAgo_humble/build/omni_base_robot' returned '0': AMENT_PREFIX_PATH=/workspaces/TIAgo_humble/install/omni_base_bringup:/workspaces/TIAgo_humble/install/omni_base_description:/workspaces/TIAgo_humble/install/pal_urdf_utils:/workspaces/TIAgo_humble/install/omni_base_controller_configuration:/workspaces/TIAgo_humble/install/launch_pal:${AMENT_PREFIX_PATH} CMAKE_PREFIX_PATH=/workspaces/TIAgo_humble/install/omni_base_bringup:/workspaces/TIAgo_humble/install/omni_base_description:/workspaces/TIAgo_humble/install/pal_urdf_utils:/workspaces/TIAgo_humble/install/omni_base_controller_configuration:/opt/ros/humble PYTHONPATH=/workspaces/TIAgo_humble/install/omni_base_description/local/lib/python3.10/dist-packages:/workspaces/TIAgo_humble/build/launch_pal:/workspaces/TIAgo_humble/install/launch_pal/lib/python3.10/site-packages:${PYTHONPATH} /usr/bin/cmake --build /workspaces/TIAgo_humble/build/omni_base_robot -- -j24 -l24
[14.682s] DEBUG:colcon.colcon_core.event_handler.log_command:Invoking command in '/workspaces/TIAgo_humble/build/omni_base_robot': AMENT_PREFIX_PATH=/workspaces/TIAgo_humble/install/omni_base_bringup:/workspaces/TIAgo_humble/install/omni_base_description:/workspaces/TIAgo_humble/install/pal_urdf_utils:/workspaces/TIAgo_humble/install/omni_base_controller_configuration:/workspaces/TIAgo_humble/install/launch_pal:${AMENT_PREFIX_PATH} CMAKE_PREFIX_PATH=/workspaces/TIAgo_humble/install/omni_base_bringup:/workspaces/TIAgo_humble/install/omni_base_description:/workspaces/TIAgo_humble/install/pal_urdf_utils:/workspaces/TIAgo_humble/install/omni_base_controller_configuration:/opt/ros/humble PYTHONPATH=/workspaces/TIAgo_humble/install/omni_base_description/local/lib/python3.10/dist-packages:/workspaces/TIAgo_humble/build/launch_pal:/workspaces/TIAgo_humble/install/launch_pal/lib/python3.10/site-packages:${PYTHONPATH} /usr/bin/cmake --install /workspaces/TIAgo_humble/build/omni_base_robot
[14.841s] DEBUG:colcon.colcon_core.event_handler.log_command:Invoked command in '/workspaces/TIAgo_humble/build/pmb2_robot' returned '0': AMENT_PREFIX_PATH=/workspaces/TIAgo_humble/install/pmb2_bringup:/workspaces/TIAgo_humble/install/pmb2_description:/workspaces/TIAgo_humble/install/pmb2_controller_configuration:/workspaces/TIAgo_humble/install/pal_urdf_utils:/workspaces/TIAgo_humble/install/launch_pal:${AMENT_PREFIX_PATH} CMAKE_PREFIX_PATH=/workspaces/TIAgo_humble/install/pmb2_bringup:/workspaces/TIAgo_humble/install/pmb2_description:/workspaces/TIAgo_humble/install/pmb2_controller_configuration:/workspaces/TIAgo_humble/install/pal_urdf_utils:/opt/ros/humble PYTHONPATH=/workspaces/TIAgo_humble/install/pmb2_description/local/lib/python3.10/dist-packages:/workspaces/TIAgo_humble/build/launch_pal:/workspaces/TIAgo_humble/install/launch_pal/lib/python3.10/site-packages:${PYTHONPATH} /usr/bin/cmake --build /workspaces/TIAgo_humble/build/pmb2_robot -- -j24 -l24
[14.846s] DEBUG:colcon.colcon_core.event_handler.log_command:Invoking command in '/workspaces/TIAgo_humble/build/pmb2_robot': AMENT_PREFIX_PATH=/workspaces/TIAgo_humble/install/pmb2_bringup:/workspaces/TIAgo_humble/install/pmb2_description:/workspaces/TIAgo_humble/install/pmb2_controller_configuration:/workspaces/TIAgo_humble/install/pal_urdf_utils:/workspaces/TIAgo_humble/install/launch_pal:${AMENT_PREFIX_PATH} CMAKE_PREFIX_PATH=/workspaces/TIAgo_humble/install/pmb2_bringup:/workspaces/TIAgo_humble/install/pmb2_description:/workspaces/TIAgo_humble/install/pmb2_controller_configuration:/workspaces/TIAgo_humble/install/pal_urdf_utils:/opt/ros/humble PYTHONPATH=/workspaces/TIAgo_humble/install/pmb2_description/local/lib/python3.10/dist-packages:/workspaces/TIAgo_humble/build/launch_pal:/workspaces/TIAgo_humble/install/launch_pal/lib/python3.10/site-packages:${PYTHONPATH} /usr/bin/cmake --install /workspaces/TIAgo_humble/build/pmb2_robot
[14.956s] Level 1:colcon.colcon_core.environment:create_environment_scripts_only(pmb2_robot)
[14.957s] Level 1:colcon.colcon_core.environment:checking '/workspaces/TIAgo_humble/install/pmb2_robot' for CMake module files
[14.956s] DEBUG:colcon.colcon_core.event_handler.log_command:Invoked command in '/workspaces/TIAgo_humble/build/pmb2_robot' returned '0': AMENT_PREFIX_PATH=/workspaces/TIAgo_humble/install/pmb2_bringup:/workspaces/TIAgo_humble/install/pmb2_description:/workspaces/TIAgo_humble/install/pmb2_controller_configuration:/workspaces/TIAgo_humble/install/pal_urdf_utils:/workspaces/TIAgo_humble/install/launch_pal:${AMENT_PREFIX_PATH} CMAKE_PREFIX_PATH=/workspaces/TIAgo_humble/install/pmb2_bringup:/workspaces/TIAgo_humble/install/pmb2_description:/workspaces/TIAgo_humble/install/pmb2_controller_configuration:/workspaces/TIAgo_humble/install/pal_urdf_utils:/opt/ros/humble PYTHONPATH=/workspaces/TIAgo_humble/install/pmb2_description/local/lib/python3.10/dist-packages:/workspaces/TIAgo_humble/build/launch_pal:/workspaces/TIAgo_humble/install/launch_pal/lib/python3.10/site-packages:${PYTHONPATH} /usr/bin/cmake --install /workspaces/TIAgo_humble/build/pmb2_robot
[14.958s] Level 1:colcon.colcon_core.environment:checking '/workspaces/TIAgo_humble/install/pmb2_robot' for CMake config files
[14.959s] Level 1:colcon.colcon_core.shell:create_environment_hook('pmb2_robot', 'cmake_prefix_path')
[14.960s] INFO:colcon.colcon_core.shell:Creating environment hook '/workspaces/TIAgo_humble/install/pmb2_robot/share/pmb2_robot/hook/cmake_prefix_path.ps1'
[14.961s] INFO:colcon.colcon_core.shell:Creating environment descriptor '/workspaces/TIAgo_humble/install/pmb2_robot/share/pmb2_robot/hook/cmake_prefix_path.dsv'
[14.963s] INFO:colcon.colcon_core.shell:Creating environment hook '/workspaces/TIAgo_humble/install/pmb2_robot/share/pmb2_robot/hook/cmake_prefix_path.sh'
[14.965s] Level 1:colcon.colcon_core.environment:checking '/workspaces/TIAgo_humble/install/pmb2_robot/bin'
[14.968s] Level 1:colcon.colcon_core.environment:checking '/workspaces/TIAgo_humble/install/pmb2_robot/lib/pkgconfig/pmb2_robot.pc'
[14.970s] Level 1:colcon.colcon_core.environment:checking '/workspaces/TIAgo_humble/install/pmb2_robot/lib/python3.10/site-packages'
[14.972s] Level 1:colcon.colcon_core.environment:checking '/workspaces/TIAgo_humble/install/pmb2_robot/bin'
[14.972s] INFO:colcon.colcon_core.shell:Creating package script '/workspaces/TIAgo_humble/install/pmb2_robot/share/pmb2_robot/package.ps1'
[14.973s] INFO:colcon.colcon_core.shell:Creating package descriptor '/workspaces/TIAgo_humble/install/pmb2_robot/share/pmb2_robot/package.dsv'
[14.974s] INFO:colcon.colcon_core.shell:Creating package script '/workspaces/TIAgo_humble/install/pmb2_robot/share/pmb2_robot/package.sh'
[14.974s] INFO:colcon.colcon_core.shell:Creating package script '/workspaces/TIAgo_humble/install/pmb2_robot/share/pmb2_robot/package.bash'
[14.975s] INFO:colcon.colcon_core.shell:Creating package script '/workspaces/TIAgo_humble/install/pmb2_robot/share/pmb2_robot/package.zsh'
[14.975s] Level 1:colcon.colcon_core.environment:create_file_with_runtime_dependencies(/workspaces/TIAgo_humble/install/pmb2_robot/share/colcon-core/packages/pmb2_robot)
[14.976s] Level 1:colcon.colcon_core.environment:create_environment_scripts_only(pmb2_robot)
[14.976s] Level 1:colcon.colcon_core.environment:checking '/workspaces/TIAgo_humble/install/pmb2_robot' for CMake module files
[14.976s] Level 1:colcon.colcon_core.environment:checking '/workspaces/TIAgo_humble/install/pmb2_robot' for CMake config files
[14.977s] Level 1:colcon.colcon_core.shell:create_environment_hook('pmb2_robot', 'cmake_prefix_path')
[14.977s] INFO:colcon.colcon_core.shell:Creating environment hook '/workspaces/TIAgo_humble/install/pmb2_robot/share/pmb2_robot/hook/cmake_prefix_path.ps1'
[14.977s] INFO:colcon.colcon_core.shell:Creating environment descriptor '/workspaces/TIAgo_humble/install/pmb2_robot/share/pmb2_robot/hook/cmake_prefix_path.dsv'
[14.978s] INFO:colcon.colcon_core.shell:Creating environment hook '/workspaces/TIAgo_humble/install/pmb2_robot/share/pmb2_robot/hook/cmake_prefix_path.sh'
[14.979s] Level 1:colcon.colcon_core.environment:checking '/workspaces/TIAgo_humble/install/pmb2_robot/bin'
[14.979s] Level 1:colcon.colcon_core.environment:checking '/workspaces/TIAgo_humble/install/pmb2_robot/lib/pkgconfig/pmb2_robot.pc'
[14.979s] Level 1:colcon.colcon_core.environment:checking '/workspaces/TIAgo_humble/install/pmb2_robot/lib/python3.10/site-packages'
[14.980s] Level 1:colcon.colcon_core.environment:checking '/workspaces/TIAgo_humble/install/pmb2_robot/bin'
[14.980s] INFO:colcon.colcon_core.shell:Creating package script '/workspaces/TIAgo_humble/install/pmb2_robot/share/pmb2_robot/package.ps1'
[14.981s] INFO:colcon.colcon_core.shell:Creating package descriptor '/workspaces/TIAgo_humble/install/pmb2_robot/share/pmb2_robot/package.dsv'
[14.982s] INFO:colcon.colcon_core.shell:Creating package script '/workspaces/TIAgo_humble/install/pmb2_robot/share/pmb2_robot/package.sh'
[14.991s] INFO:colcon.colcon_core.shell:Creating package script '/workspaces/TIAgo_humble/install/pmb2_robot/share/pmb2_robot/package.bash'
[14.993s] INFO:colcon.colcon_core.shell:Creating package script '/workspaces/TIAgo_humble/install/pmb2_robot/share/pmb2_robot/package.zsh'
[14.994s] Level 1:colcon.colcon_core.environment:create_file_with_runtime_dependencies(/workspaces/TIAgo_humble/install/pmb2_robot/share/colcon-core/packages/pmb2_robot)
[14.997s] Level 1:colcon.colcon_core.environment:create_environment_scripts_only(omni_base_robot)
[14.998s] Level 1:colcon.colcon_core.environment:checking '/workspaces/TIAgo_humble/install/omni_base_robot' for CMake module files
[14.998s] DEBUG:colcon.colcon_core.event_handler.log_command:Invoked command in '/workspaces/TIAgo_humble/build/omni_base_robot' returned '0': AMENT_PREFIX_PATH=/workspaces/TIAgo_humble/install/omni_base_bringup:/workspaces/TIAgo_humble/install/omni_base_description:/workspaces/TIAgo_humble/install/pal_urdf_utils:/workspaces/TIAgo_humble/install/omni_base_controller_configuration:/workspaces/TIAgo_humble/install/launch_pal:${AMENT_PREFIX_PATH} CMAKE_PREFIX_PATH=/workspaces/TIAgo_humble/install/omni_base_bringup:/workspaces/TIAgo_humble/install/omni_base_description:/workspaces/TIAgo_humble/install/pal_urdf_utils:/workspaces/TIAgo_humble/install/omni_base_controller_configuration:/opt/ros/humble PYTHONPATH=/workspaces/TIAgo_humble/install/omni_base_description/local/lib/python3.10/dist-packages:/workspaces/TIAgo_humble/build/launch_pal:/workspaces/TIAgo_humble/install/launch_pal/lib/python3.10/site-packages:${PYTHONPATH} /usr/bin/cmake --install /workspaces/TIAgo_humble/build/omni_base_robot
[14.999s] Level 1:colcon.colcon_core.environment:checking '/workspaces/TIAgo_humble/install/omni_base_robot' for CMake config files
[14.999s] Level 1:colcon.colcon_core.shell:create_environment_hook('omni_base_robot', 'cmake_prefix_path')
[15.000s] INFO:colcon.colcon_core.shell:Creating environment hook '/workspaces/TIAgo_humble/install/omni_base_robot/share/omni_base_robot/hook/cmake_prefix_path.ps1'
[15.001s] INFO:colcon.colcon_core.shell:Creating environment descriptor '/workspaces/TIAgo_humble/install/omni_base_robot/share/omni_base_robot/hook/cmake_prefix_path.dsv'
[15.002s] INFO:colcon.colcon_core.shell:Creating environment hook '/workspaces/TIAgo_humble/install/omni_base_robot/share/omni_base_robot/hook/cmake_prefix_path.sh'
[15.003s] Level 1:colcon.colcon_core.environment:checking '/workspaces/TIAgo_humble/install/omni_base_robot/bin'
[15.004s] Level 1:colcon.colcon_core.environment:checking '/workspaces/TIAgo_humble/install/omni_base_robot/lib/pkgconfig/omni_base_robot.pc'
[15.004s] Level 1:colcon.colcon_core.environment:checking '/workspaces/TIAgo_humble/install/omni_base_robot/lib/python3.10/site-packages'
[15.004s] Level 1:colcon.colcon_core.environment:checking '/workspaces/TIAgo_humble/install/omni_base_robot/bin'
[15.005s] INFO:colcon.colcon_core.shell:Creating package script '/workspaces/TIAgo_humble/install/omni_base_robot/share/omni_base_robot/package.ps1'
[15.006s] INFO:colcon.colcon_core.shell:Creating package descriptor '/workspaces/TIAgo_humble/install/omni_base_robot/share/omni_base_robot/package.dsv'
[15.006s] INFO:colcon.colcon_core.shell:Creating package script '/workspaces/TIAgo_humble/install/omni_base_robot/share/omni_base_robot/package.sh'
[15.007s] INFO:colcon.colcon_core.shell:Creating package script '/workspaces/TIAgo_humble/install/omni_base_robot/share/omni_base_robot/package.bash'
[15.007s] INFO:colcon.colcon_core.shell:Creating package script '/workspaces/TIAgo_humble/install/omni_base_robot/share/omni_base_robot/package.zsh'
[15.008s] Level 1:colcon.colcon_core.environment:create_file_with_runtime_dependencies(/workspaces/TIAgo_humble/install/omni_base_robot/share/colcon-core/packages/omni_base_robot)
[15.008s] Level 1:colcon.colcon_core.environment:create_environment_scripts_only(omni_base_robot)
[15.009s] Level 1:colcon.colcon_core.environment:checking '/workspaces/TIAgo_humble/install/omni_base_robot' for CMake module files
[15.010s] Level 1:colcon.colcon_core.environment:checking '/workspaces/TIAgo_humble/install/omni_base_robot' for CMake config files
[15.010s] Level 1:colcon.colcon_core.shell:create_environment_hook('omni_base_robot', 'cmake_prefix_path')
[15.012s] INFO:colcon.colcon_core.shell:Creating environment hook '/workspaces/TIAgo_humble/install/omni_base_robot/share/omni_base_robot/hook/cmake_prefix_path.ps1'
[15.012s] INFO:colcon.colcon_core.shell:Creating environment descriptor '/workspaces/TIAgo_humble/install/omni_base_robot/share/omni_base_robot/hook/cmake_prefix_path.dsv'
[15.013s] INFO:colcon.colcon_core.shell:Creating environment hook '/workspaces/TIAgo_humble/install/omni_base_robot/share/omni_base_robot/hook/cmake_prefix_path.sh'
[15.015s] Level 1:colcon.colcon_core.environment:checking '/workspaces/TIAgo_humble/install/omni_base_robot/bin'
[15.015s] Level 1:colcon.colcon_core.environment:checking '/workspaces/TIAgo_humble/install/omni_base_robot/lib/pkgconfig/omni_base_robot.pc'
[15.015s] Level 1:colcon.colcon_core.environment:checking '/workspaces/TIAgo_humble/install/omni_base_robot/lib/python3.10/site-packages'
[15.018s] Level 1:colcon.colcon_core.environment:checking '/workspaces/TIAgo_humble/install/omni_base_robot/bin'
[15.018s] INFO:colcon.colcon_core.shell:Creating package script '/workspaces/TIAgo_humble/install/omni_base_robot/share/omni_base_robot/package.ps1'
[15.019s] INFO:colcon.colcon_core.shell:Creating package descriptor '/workspaces/TIAgo_humble/install/omni_base_robot/share/omni_base_robot/package.dsv'
[15.020s] INFO:colcon.colcon_core.shell:Creating package script '/workspaces/TIAgo_humble/install/omni_base_robot/share/omni_base_robot/package.sh'
[15.022s] INFO:colcon.colcon_core.shell:Creating package script '/workspaces/TIAgo_humble/install/omni_base_robot/share/omni_base_robot/package.bash'
[15.022s] INFO:colcon.colcon_core.shell:Creating package script '/workspaces/TIAgo_humble/install/omni_base_robot/share/omni_base_robot/package.zsh'
[15.023s] Level 1:colcon.colcon_core.environment:create_file_with_runtime_dependencies(/workspaces/TIAgo_humble/install/omni_base_robot/share/colcon-core/packages/omni_base_robot)
[15.579s] Level 1:colcon.colcon_core.environment:create_environment_scripts_only(tiago_description)
[15.579s] Level 1:colcon.colcon_core.environment:checking '/workspaces/TIAgo_humble/install/tiago_description' for CMake module files
[15.581s] DEBUG:colcon.colcon_core.event_handler.log_command:Invoked command in '/workspaces/TIAgo_humble/build/tiago_description' returned '0': AMENT_PREFIX_PATH=/workspaces/TIAgo_humble/install/pmb2_description:/workspaces/TIAgo_humble/install/pal_hey5_description:/workspaces/TIAgo_humble/install/pal_gripper_description:/workspaces/TIAgo_humble/install/omni_base_description:/workspaces/TIAgo_humble/install/pal_urdf_utils:/workspaces/TIAgo_humble/install/pal_robotiq_description:/workspaces/TIAgo_humble/install/launch_pal:${AMENT_PREFIX_PATH} CMAKE_PREFIX_PATH=/workspaces/TIAgo_humble/install/pmb2_description:/workspaces/TIAgo_humble/install/pal_hey5_description:/workspaces/TIAgo_humble/install/pal_gripper_description:/workspaces/TIAgo_humble/install/omni_base_description:/workspaces/TIAgo_humble/install/pal_urdf_utils:/workspaces/TIAgo_humble/install/pal_robotiq_description:/opt/ros/humble PYTHONPATH=/workspaces/TIAgo_humble/install/pmb2_description/local/lib/python3.10/dist-packages:/workspaces/TIAgo_humble/install/omni_base_description/local/lib/python3.10/dist-packages:/workspaces/TIAgo_humble/build/launch_pal:/workspaces/TIAgo_humble/install/launch_pal/lib/python3.10/site-packages:${PYTHONPATH} /usr/bin/cmake --install /workspaces/TIAgo_humble/build/tiago_description
[15.581s] Level 1:colcon.colcon_core.environment:checking '/workspaces/TIAgo_humble/install/tiago_description' for CMake config files
[15.582s] Level 1:colcon.colcon_core.shell:create_environment_hook('tiago_description', 'cmake_prefix_path')
[15.583s] INFO:colcon.colcon_core.shell:Creating environment hook '/workspaces/TIAgo_humble/install/tiago_description/share/tiago_description/hook/cmake_prefix_path.ps1'
[15.584s] INFO:colcon.colcon_core.shell:Creating environment descriptor '/workspaces/TIAgo_humble/install/tiago_description/share/tiago_description/hook/cmake_prefix_path.dsv'
[15.585s] INFO:colcon.colcon_core.shell:Creating environment hook '/workspaces/TIAgo_humble/install/tiago_description/share/tiago_description/hook/cmake_prefix_path.sh'
[15.586s] Level 1:colcon.colcon_core.environment:checking '/workspaces/TIAgo_humble/install/tiago_description/bin'
[15.586s] Level 1:colcon.colcon_core.environment:checking '/workspaces/TIAgo_humble/install/tiago_description/lib/pkgconfig/tiago_description.pc'
[15.586s] Level 1:colcon.colcon_core.environment:checking '/workspaces/TIAgo_humble/install/tiago_description/lib/python3.10/site-packages'
[15.587s] Level 1:colcon.colcon_core.environment:checking '/workspaces/TIAgo_humble/install/tiago_description/bin'
[15.588s] INFO:colcon.colcon_core.shell:Creating package script '/workspaces/TIAgo_humble/install/tiago_description/share/tiago_description/package.ps1'
[15.589s] INFO:colcon.colcon_core.shell:Creating package descriptor '/workspaces/TIAgo_humble/install/tiago_description/share/tiago_description/package.dsv'
[15.591s] INFO:colcon.colcon_core.shell:Creating package script '/workspaces/TIAgo_humble/install/tiago_description/share/tiago_description/package.sh'
[15.591s] INFO:colcon.colcon_core.shell:Creating package script '/workspaces/TIAgo_humble/install/tiago_description/share/tiago_description/package.bash'
[15.592s] INFO:colcon.colcon_core.shell:Creating package script '/workspaces/TIAgo_humble/install/tiago_description/share/tiago_description/package.zsh'
[15.593s] Level 1:colcon.colcon_core.environment:create_file_with_runtime_dependencies(/workspaces/TIAgo_humble/install/tiago_description/share/colcon-core/packages/tiago_description)
[15.594s] Level 1:colcon.colcon_core.environment:create_environment_scripts_only(tiago_description)
[15.595s] Level 1:colcon.colcon_core.environment:checking '/workspaces/TIAgo_humble/install/tiago_description' for CMake module files
[15.596s] Level 1:colcon.colcon_core.environment:checking '/workspaces/TIAgo_humble/install/tiago_description' for CMake config files
[15.597s] Level 1:colcon.colcon_core.shell:create_environment_hook('tiago_description', 'cmake_prefix_path')
[15.597s] INFO:colcon.colcon_core.shell:Creating environment hook '/workspaces/TIAgo_humble/install/tiago_description/share/tiago_description/hook/cmake_prefix_path.ps1'
[15.598s] INFO:colcon.colcon_core.shell:Creating environment descriptor '/workspaces/TIAgo_humble/install/tiago_description/share/tiago_description/hook/cmake_prefix_path.dsv'
[15.599s] INFO:colcon.colcon_core.shell:Creating environment hook '/workspaces/TIAgo_humble/install/tiago_description/share/tiago_description/hook/cmake_prefix_path.sh'
[15.600s] Level 1:colcon.colcon_core.environment:checking '/workspaces/TIAgo_humble/install/tiago_description/bin'
[15.600s] Level 1:colcon.colcon_core.environment:checking '/workspaces/TIAgo_humble/install/tiago_description/lib/pkgconfig/tiago_description.pc'
[15.601s] Level 1:colcon.colcon_core.environment:checking '/workspaces/TIAgo_humble/install/tiago_description/lib/python3.10/site-packages'
[15.602s] Level 1:colcon.colcon_core.environment:checking '/workspaces/TIAgo_humble/install/tiago_description/bin'
[15.602s] INFO:colcon.colcon_core.shell:Creating package script '/workspaces/TIAgo_humble/install/tiago_description/share/tiago_description/package.ps1'
[15.604s] INFO:colcon.colcon_core.shell:Creating package descriptor '/workspaces/TIAgo_humble/install/tiago_description/share/tiago_description/package.dsv'
[15.605s] INFO:colcon.colcon_core.shell:Creating package script '/workspaces/TIAgo_humble/install/tiago_description/share/tiago_description/package.sh'
[15.606s] INFO:colcon.colcon_core.shell:Creating package script '/workspaces/TIAgo_humble/install/tiago_description/share/tiago_description/package.bash'
[15.607s] INFO:colcon.colcon_core.shell:Creating package script '/workspaces/TIAgo_humble/install/tiago_description/share/tiago_description/package.zsh'
[15.607s] Level 1:colcon.colcon_core.environment:create_file_with_runtime_dependencies(/workspaces/TIAgo_humble/install/tiago_description/share/colcon-core/packages/tiago_description)
[15.832s] DEBUG:colcon.colcon_core.event_handler.log_command:Invoked command in '/workspaces/TIAgo_humble/build/pal_gripper_simulation' returned '0': AMENT_PREFIX_PATH=/workspaces/TIAgo_humble/install/pal_gripper_description:/workspaces/TIAgo_humble/install/pal_gazebo_worlds:/workspaces/TIAgo_humble/install/pal_urdf_utils:/workspaces/TIAgo_humble/install/pal_gripper_controller_configuration:/workspaces/TIAgo_humble/install/launch_pal:${AMENT_PREFIX_PATH} CMAKE_PREFIX_PATH=/workspaces/TIAgo_humble/install/pal_gripper_description:/workspaces/TIAgo_humble/install/pal_gazebo_worlds:/workspaces/TIAgo_humble/install/pal_urdf_utils:/workspaces/TIAgo_humble/install/pal_gripper_controller_configuration:/opt/ros/humble GAZEBO_MODEL_PATH=/workspaces/TIAgo_humble/install/pal_gazebo_worlds/share/pal_gazebo_worlds/models:${GAZEBO_MODEL_PATH} GZ_SIM_RESOURCE_PATH=/workspaces/TIAgo_humble/install/pal_gazebo_worlds/share/pal_gazebo_worlds/models PYTHONPATH=/workspaces/TIAgo_humble/build/launch_pal:/workspaces/TIAgo_humble/install/launch_pal/lib/python3.10/site-packages:${PYTHONPATH} /usr/bin/cmake /workspaces/TIAgo_humble/ros2_ws/src/pal_gripper/pal_gripper_simulation -DCMAKE_BUILD_TYPE=Release -DAMENT_CMAKE_SYMLINK_INSTALL=1 -DCMAKE_INSTALL_PREFIX=/workspaces/TIAgo_humble/install/pal_gripper_simulation
[15.835s] DEBUG:colcon.colcon_core.event_handler.log_command:Invoking command in '/workspaces/TIAgo_humble/build/pal_gripper_simulation': AMENT_PREFIX_PATH=/workspaces/TIAgo_humble/install/pal_gripper_description:/workspaces/TIAgo_humble/install/pal_gazebo_worlds:/workspaces/TIAgo_humble/install/pal_urdf_utils:/workspaces/TIAgo_humble/install/pal_gripper_controller_configuration:/workspaces/TIAgo_humble/install/launch_pal:${AMENT_PREFIX_PATH} CMAKE_PREFIX_PATH=/workspaces/TIAgo_humble/install/pal_gripper_description:/workspaces/TIAgo_humble/install/pal_gazebo_worlds:/workspaces/TIAgo_humble/install/pal_urdf_utils:/workspaces/TIAgo_humble/install/pal_gripper_controller_configuration:/opt/ros/humble GAZEBO_MODEL_PATH=/workspaces/TIAgo_humble/install/pal_gazebo_worlds/share/pal_gazebo_worlds/models:${GAZEBO_MODEL_PATH} GZ_SIM_RESOURCE_PATH=/workspaces/TIAgo_humble/install/pal_gazebo_worlds/share/pal_gazebo_worlds/models PYTHONPATH=/workspaces/TIAgo_humble/build/launch_pal:/workspaces/TIAgo_humble/install/launch_pal/lib/python3.10/site-packages:${PYTHONPATH} /usr/bin/cmake --build /workspaces/TIAgo_humble/build/pal_gripper_simulation -- -j24 -l24
[15.882s] DEBUG:colcon.colcon_core.event_handler.log_command:Invoked command in '/workspaces/TIAgo_humble/build/pal_gripper_simulation' returned '0': AMENT_PREFIX_PATH=/workspaces/TIAgo_humble/install/pal_gripper_description:/workspaces/TIAgo_humble/install/pal_gazebo_worlds:/workspaces/TIAgo_humble/install/pal_urdf_utils:/workspaces/TIAgo_humble/install/pal_gripper_controller_configuration:/workspaces/TIAgo_humble/install/launch_pal:${AMENT_PREFIX_PATH} CMAKE_PREFIX_PATH=/workspaces/TIAgo_humble/install/pal_gripper_description:/workspaces/TIAgo_humble/install/pal_gazebo_worlds:/workspaces/TIAgo_humble/install/pal_urdf_utils:/workspaces/TIAgo_humble/install/pal_gripper_controller_configuration:/opt/ros/humble GAZEBO_MODEL_PATH=/workspaces/TIAgo_humble/install/pal_gazebo_worlds/share/pal_gazebo_worlds/models:${GAZEBO_MODEL_PATH} GZ_SIM_RESOURCE_PATH=/workspaces/TIAgo_humble/install/pal_gazebo_worlds/share/pal_gazebo_worlds/models PYTHONPATH=/workspaces/TIAgo_humble/build/launch_pal:/workspaces/TIAgo_humble/install/launch_pal/lib/python3.10/site-packages:${PYTHONPATH} /usr/bin/cmake --build /workspaces/TIAgo_humble/build/pal_gripper_simulation -- -j24 -l24
[15.884s] DEBUG:colcon.colcon_core.event_handler.log_command:Invoking command in '/workspaces/TIAgo_humble/build/pal_gripper_simulation': AMENT_PREFIX_PATH=/workspaces/TIAgo_humble/install/pal_gripper_description:/workspaces/TIAgo_humble/install/pal_gazebo_worlds:/workspaces/TIAgo_humble/install/pal_urdf_utils:/workspaces/TIAgo_humble/install/pal_gripper_controller_configuration:/workspaces/TIAgo_humble/install/launch_pal:${AMENT_PREFIX_PATH} CMAKE_PREFIX_PATH=/workspaces/TIAgo_humble/install/pal_gripper_description:/workspaces/TIAgo_humble/install/pal_gazebo_worlds:/workspaces/TIAgo_humble/install/pal_urdf_utils:/workspaces/TIAgo_humble/install/pal_gripper_controller_configuration:/opt/ros/humble GAZEBO_MODEL_PATH=/workspaces/TIAgo_humble/install/pal_gazebo_worlds/share/pal_gazebo_worlds/models:${GAZEBO_MODEL_PATH} GZ_SIM_RESOURCE_PATH=/workspaces/TIAgo_humble/install/pal_gazebo_worlds/share/pal_gazebo_worlds/models PYTHONPATH=/workspaces/TIAgo_humble/build/launch_pal:/workspaces/TIAgo_humble/install/launch_pal/lib/python3.10/site-packages:${PYTHONPATH} /usr/bin/cmake --install /workspaces/TIAgo_humble/build/pal_gripper_simulation
[16.110s] Level 1:colcon.colcon_core.environment:create_environment_scripts_only(pal_gripper_simulation)
[16.110s] Level 1:colcon.colcon_core.environment:checking '/workspaces/TIAgo_humble/install/pal_gripper_simulation' for CMake module files
[16.111s] Level 1:colcon.colcon_core.environment:checking '/workspaces/TIAgo_humble/install/pal_gripper_simulation' for CMake config files
[16.111s] Level 1:colcon.colcon_core.shell:create_environment_hook('pal_gripper_simulation', 'cmake_prefix_path')
[16.112s] INFO:colcon.colcon_core.shell:Creating environment hook '/workspaces/TIAgo_humble/install/pal_gripper_simulation/share/pal_gripper_simulation/hook/cmake_prefix_path.ps1'
[16.113s] INFO:colcon.colcon_core.shell:Creating environment descriptor '/workspaces/TIAgo_humble/install/pal_gripper_simulation/share/pal_gripper_simulation/hook/cmake_prefix_path.dsv'
[16.114s] DEBUG:colcon.colcon_core.event_handler.log_command:Invoked command in '/workspaces/TIAgo_humble/build/pal_gripper_simulation' returned '0': AMENT_PREFIX_PATH=/workspaces/TIAgo_humble/install/pal_gripper_description:/workspaces/TIAgo_humble/install/pal_gazebo_worlds:/workspaces/TIAgo_humble/install/pal_urdf_utils:/workspaces/TIAgo_humble/install/pal_gripper_controller_configuration:/workspaces/TIAgo_humble/install/launch_pal:${AMENT_PREFIX_PATH} CMAKE_PREFIX_PATH=/workspaces/TIAgo_humble/install/pal_gripper_description:/workspaces/TIAgo_humble/install/pal_gazebo_worlds:/workspaces/TIAgo_humble/install/pal_urdf_utils:/workspaces/TIAgo_humble/install/pal_gripper_controller_configuration:/opt/ros/humble GAZEBO_MODEL_PATH=/workspaces/TIAgo_humble/install/pal_gazebo_worlds/share/pal_gazebo_worlds/models:${GAZEBO_MODEL_PATH} GZ_SIM_RESOURCE_PATH=/workspaces/TIAgo_humble/install/pal_gazebo_worlds/share/pal_gazebo_worlds/models PYTHONPATH=/workspaces/TIAgo_humble/build/launch_pal:/workspaces/TIAgo_humble/install/launch_pal/lib/python3.10/site-packages:${PYTHONPATH} /usr/bin/cmake --install /workspaces/TIAgo_humble/build/pal_gripper_simulation
[16.114s] INFO:colcon.colcon_core.shell:Creating environment hook '/workspaces/TIAgo_humble/install/pal_gripper_simulation/share/pal_gripper_simulation/hook/cmake_prefix_path.sh'
[16.115s] Level 1:colcon.colcon_core.environment:checking '/workspaces/TIAgo_humble/install/pal_gripper_simulation/bin'
[16.115s] Level 1:colcon.colcon_core.environment:checking '/workspaces/TIAgo_humble/install/pal_gripper_simulation/lib/pkgconfig/pal_gripper_simulation.pc'
[16.116s] Level 1:colcon.colcon_core.environment:checking '/workspaces/TIAgo_humble/install/pal_gripper_simulation/lib/python3.10/site-packages'
[16.116s] Level 1:colcon.colcon_core.environment:checking '/workspaces/TIAgo_humble/install/pal_gripper_simulation/bin'
[16.117s] INFO:colcon.colcon_core.shell:Creating package script '/workspaces/TIAgo_humble/install/pal_gripper_simulation/share/pal_gripper_simulation/package.ps1'
[16.117s] INFO:colcon.colcon_core.shell:Creating package descriptor '/workspaces/TIAgo_humble/install/pal_gripper_simulation/share/pal_gripper_simulation/package.dsv'
[16.118s] INFO:colcon.colcon_core.shell:Creating package script '/workspaces/TIAgo_humble/install/pal_gripper_simulation/share/pal_gripper_simulation/package.sh'
[16.119s] INFO:colcon.colcon_core.shell:Creating package script '/workspaces/TIAgo_humble/install/pal_gripper_simulation/share/pal_gripper_simulation/package.bash'
[16.119s] INFO:colcon.colcon_core.shell:Creating package script '/workspaces/TIAgo_humble/install/pal_gripper_simulation/share/pal_gripper_simulation/package.zsh'
[16.119s] Level 1:colcon.colcon_core.environment:create_file_with_runtime_dependencies(/workspaces/TIAgo_humble/install/pal_gripper_simulation/share/colcon-core/packages/pal_gripper_simulation)
[16.120s] Level 1:colcon.colcon_core.environment:create_environment_scripts_only(pal_gripper_simulation)
[16.121s] Level 1:colcon.colcon_core.environment:checking '/workspaces/TIAgo_humble/install/pal_gripper_simulation' for CMake module files
[16.121s] Level 1:colcon.colcon_core.environment:checking '/workspaces/TIAgo_humble/install/pal_gripper_simulation' for CMake config files
[16.122s] Level 1:colcon.colcon_core.shell:create_environment_hook('pal_gripper_simulation', 'cmake_prefix_path')
[16.122s] INFO:colcon.colcon_core.shell:Creating environment hook '/workspaces/TIAgo_humble/install/pal_gripper_simulation/share/pal_gripper_simulation/hook/cmake_prefix_path.ps1'
[16.123s] INFO:colcon.colcon_core.shell:Creating environment descriptor '/workspaces/TIAgo_humble/install/pal_gripper_simulation/share/pal_gripper_simulation/hook/cmake_prefix_path.dsv'
[16.123s] INFO:colcon.colcon_core.shell:Creating environment hook '/workspaces/TIAgo_humble/install/pal_gripper_simulation/share/pal_gripper_simulation/hook/cmake_prefix_path.sh'
[16.124s] Level 1:colcon.colcon_core.environment:checking '/workspaces/TIAgo_humble/install/pal_gripper_simulation/bin'
[16.124s] Level 1:colcon.colcon_core.environment:checking '/workspaces/TIAgo_humble/install/pal_gripper_simulation/lib/pkgconfig/pal_gripper_simulation.pc'
[16.124s] Level 1:colcon.colcon_core.environment:checking '/workspaces/TIAgo_humble/install/pal_gripper_simulation/lib/python3.10/site-packages'
[16.125s] Level 1:colcon.colcon_core.environment:checking '/workspaces/TIAgo_humble/install/pal_gripper_simulation/bin'
[16.125s] INFO:colcon.colcon_core.shell:Creating package script '/workspaces/TIAgo_humble/install/pal_gripper_simulation/share/pal_gripper_simulation/package.ps1'
[16.126s] INFO:colcon.colcon_core.shell:Creating package descriptor '/workspaces/TIAgo_humble/install/pal_gripper_simulation/share/pal_gripper_simulation/package.dsv'
[16.127s] INFO:colcon.colcon_core.shell:Creating package script '/workspaces/TIAgo_humble/install/pal_gripper_simulation/share/pal_gripper_simulation/package.sh'
[16.128s] INFO:colcon.colcon_core.shell:Creating package script '/workspaces/TIAgo_humble/install/pal_gripper_simulation/share/pal_gripper_simulation/package.bash'
[16.128s] INFO:colcon.colcon_core.shell:Creating package script '/workspaces/TIAgo_humble/install/pal_gripper_simulation/share/pal_gripper_simulation/package.zsh'
[16.129s] Level 1:colcon.colcon_core.environment:create_file_with_runtime_dependencies(/workspaces/TIAgo_humble/install/pal_gripper_simulation/share/colcon-core/packages/pal_gripper_simulation)
[18.300s] DEBUG:colcon.colcon_core.event_handler.log_command:Invoked command in '/workspaces/TIAgo_humble/build/play_motion2_msgs' returned '0': CMAKE_PREFIX_PATH=/opt/ros/humble /usr/bin/cmake --build /workspaces/TIAgo_humble/build/play_motion2_msgs -- -j24 -l24
[18.302s] DEBUG:colcon.colcon_core.event_handler.log_command:Invoking command in '/workspaces/TIAgo_humble/build/play_motion2_msgs': CMAKE_PREFIX_PATH=/opt/ros/humble /usr/bin/cmake --install /workspaces/TIAgo_humble/build/play_motion2_msgs
[19.587s] DEBUG:colcon.colcon_core.event_handler.log_command:Invoked command in '/workspaces/TIAgo_humble/build/pal_device_msgs' returned '0': CMAKE_PREFIX_PATH=/opt/ros/humble /usr/bin/cmake --build /workspaces/TIAgo_humble/build/pal_device_msgs -- -j24 -l24
[19.588s] DEBUG:colcon.colcon_core.event_handler.log_command:Invoking command in '/workspaces/TIAgo_humble/build/pal_device_msgs': CMAKE_PREFIX_PATH=/opt/ros/humble /usr/bin/cmake --install /workspaces/TIAgo_humble/build/pal_device_msgs
[20.486s] Level 1:colcon.colcon_core.environment:create_environment_scripts_only(play_motion2_msgs)
[20.486s] Level 1:colcon.colcon_core.environment:checking '/workspaces/TIAgo_humble/install/play_motion2_msgs' for CMake module files
[20.486s] DEBUG:colcon.colcon_core.event_handler.log_command:Invoked command in '/workspaces/TIAgo_humble/build/play_motion2_msgs' returned '0': CMAKE_PREFIX_PATH=/opt/ros/humble /usr/bin/cmake --install /workspaces/TIAgo_humble/build/play_motion2_msgs
[20.487s] Level 1:colcon.colcon_core.environment:checking '/workspaces/TIAgo_humble/install/play_motion2_msgs' for CMake config files
[20.487s] Level 1:colcon.colcon_core.shell:create_environment_hook('play_motion2_msgs', 'cmake_prefix_path')
[20.487s] INFO:colcon.colcon_core.shell:Creating environment hook '/workspaces/TIAgo_humble/install/play_motion2_msgs/share/play_motion2_msgs/hook/cmake_prefix_path.ps1'
[20.488s] INFO:colcon.colcon_core.shell:Creating environment descriptor '/workspaces/TIAgo_humble/install/play_motion2_msgs/share/play_motion2_msgs/hook/cmake_prefix_path.dsv'
[20.488s] INFO:colcon.colcon_core.shell:Creating environment hook '/workspaces/TIAgo_humble/install/play_motion2_msgs/share/play_motion2_msgs/hook/cmake_prefix_path.sh'
[20.489s] Level 1:colcon.colcon_core.environment:checking '/workspaces/TIAgo_humble/install/play_motion2_msgs/lib'
[20.489s] Level 1:colcon.colcon_core.shell:create_environment_hook('play_motion2_msgs', 'ld_library_path_lib')
[20.489s] INFO:colcon.colcon_core.shell:Creating environment hook '/workspaces/TIAgo_humble/install/play_motion2_msgs/share/play_motion2_msgs/hook/ld_library_path_lib.ps1'
[20.489s] INFO:colcon.colcon_core.shell:Creating environment descriptor '/workspaces/TIAgo_humble/install/play_motion2_msgs/share/play_motion2_msgs/hook/ld_library_path_lib.dsv'
[20.490s] INFO:colcon.colcon_core.shell:Creating environment hook '/workspaces/TIAgo_humble/install/play_motion2_msgs/share/play_motion2_msgs/hook/ld_library_path_lib.sh'
[20.490s] Level 1:colcon.colcon_core.environment:checking '/workspaces/TIAgo_humble/install/play_motion2_msgs/bin'
[20.490s] Level 1:colcon.colcon_core.environment:checking '/workspaces/TIAgo_humble/install/play_motion2_msgs/lib/pkgconfig/play_motion2_msgs.pc'
[20.490s] Level 1:colcon.colcon_core.environment:checking '/workspaces/TIAgo_humble/install/play_motion2_msgs/lib/python3.10/site-packages'
[20.491s] Level 1:colcon.colcon_core.environment:checking '/workspaces/TIAgo_humble/install/play_motion2_msgs/bin'
[20.491s] INFO:colcon.colcon_core.shell:Creating package script '/workspaces/TIAgo_humble/install/play_motion2_msgs/share/play_motion2_msgs/package.ps1'
[20.492s] INFO:colcon.colcon_core.shell:Creating package descriptor '/workspaces/TIAgo_humble/install/play_motion2_msgs/share/play_motion2_msgs/package.dsv'
[20.492s] INFO:colcon.colcon_core.shell:Creating package script '/workspaces/TIAgo_humble/install/play_motion2_msgs/share/play_motion2_msgs/package.sh'
[20.492s] INFO:colcon.colcon_core.shell:Creating package script '/workspaces/TIAgo_humble/install/play_motion2_msgs/share/play_motion2_msgs/package.bash'
[20.493s] INFO:colcon.colcon_core.shell:Creating package script '/workspaces/TIAgo_humble/install/play_motion2_msgs/share/play_motion2_msgs/package.zsh'
[20.493s] Level 1:colcon.colcon_core.environment:create_file_with_runtime_dependencies(/workspaces/TIAgo_humble/install/play_motion2_msgs/share/colcon-core/packages/play_motion2_msgs)
[20.493s] Level 1:colcon.colcon_core.environment:create_environment_scripts_only(play_motion2_msgs)
[20.494s] Level 1:colcon.colcon_core.environment:checking '/workspaces/TIAgo_humble/install/play_motion2_msgs' for CMake module files
[20.494s] Level 1:colcon.colcon_core.environment:checking '/workspaces/TIAgo_humble/install/play_motion2_msgs' for CMake config files
[20.495s] Level 1:colcon.colcon_core.shell:create_environment_hook('play_motion2_msgs', 'cmake_prefix_path')
[20.495s] INFO:colcon.colcon_core.shell:Creating environment hook '/workspaces/TIAgo_humble/install/play_motion2_msgs/share/play_motion2_msgs/hook/cmake_prefix_path.ps1'
[20.495s] INFO:colcon.colcon_core.shell:Creating environment descriptor '/workspaces/TIAgo_humble/install/play_motion2_msgs/share/play_motion2_msgs/hook/cmake_prefix_path.dsv'
[20.495s] INFO:colcon.colcon_core.shell:Creating environment hook '/workspaces/TIAgo_humble/install/play_motion2_msgs/share/play_motion2_msgs/hook/cmake_prefix_path.sh'
[20.496s] Level 1:colcon.colcon_core.environment:checking '/workspaces/TIAgo_humble/install/play_motion2_msgs/lib'
[20.496s] Level 1:colcon.colcon_core.shell:create_environment_hook('play_motion2_msgs', 'ld_library_path_lib')
[20.496s] INFO:colcon.colcon_core.shell:Creating environment hook '/workspaces/TIAgo_humble/install/play_motion2_msgs/share/play_motion2_msgs/hook/ld_library_path_lib.ps1'
[20.497s] INFO:colcon.colcon_core.shell:Creating environment descriptor '/workspaces/TIAgo_humble/install/play_motion2_msgs/share/play_motion2_msgs/hook/ld_library_path_lib.dsv'
[20.497s] INFO:colcon.colcon_core.shell:Creating environment hook '/workspaces/TIAgo_humble/install/play_motion2_msgs/share/play_motion2_msgs/hook/ld_library_path_lib.sh'
[20.497s] Level 1:colcon.colcon_core.environment:checking '/workspaces/TIAgo_humble/install/play_motion2_msgs/bin'
[20.497s] Level 1:colcon.colcon_core.environment:checking '/workspaces/TIAgo_humble/install/play_motion2_msgs/lib/pkgconfig/play_motion2_msgs.pc'
[20.498s] Level 1:colcon.colcon_core.environment:checking '/workspaces/TIAgo_humble/install/play_motion2_msgs/lib/python3.10/site-packages'
[20.498s] Level 1:colcon.colcon_core.environment:checking '/workspaces/TIAgo_humble/install/play_motion2_msgs/bin'
[20.498s] INFO:colcon.colcon_core.shell:Creating package script '/workspaces/TIAgo_humble/install/play_motion2_msgs/share/play_motion2_msgs/package.ps1'
[20.499s] INFO:colcon.colcon_core.shell:Creating package descriptor '/workspaces/TIAgo_humble/install/play_motion2_msgs/share/play_motion2_msgs/package.dsv'
[20.500s] INFO:colcon.colcon_core.shell:Creating package script '/workspaces/TIAgo_humble/install/play_motion2_msgs/share/play_motion2_msgs/package.sh'
[20.500s] INFO:colcon.colcon_core.shell:Creating package script '/workspaces/TIAgo_humble/install/play_motion2_msgs/share/play_motion2_msgs/package.bash'
[20.501s] INFO:colcon.colcon_core.shell:Creating package script '/workspaces/TIAgo_humble/install/play_motion2_msgs/share/play_motion2_msgs/package.zsh'
[20.501s] Level 1:colcon.colcon_core.environment:create_file_with_runtime_dependencies(/workspaces/TIAgo_humble/install/play_motion2_msgs/share/colcon-core/packages/play_motion2_msgs)
[20.501s] INFO:colcon.colcon_ros.task.ament_cmake.build:Building ROS package in '/workspaces/TIAgo_humble/ros2_ws/src/play_motion2/play_motion2' with build type 'ament_cmake'
[20.502s] INFO:colcon.colcon_cmake.task.cmake.build:Building CMake package in '/workspaces/TIAgo_humble/ros2_ws/src/play_motion2/play_motion2'
[20.502s] INFO:colcon.colcon_core.shell:Skip shell extension 'powershell' for command environment: Not usable outside of PowerShell
[20.502s] DEBUG:colcon.colcon_core.shell:Skip shell extension 'dsv' for command environment
[20.513s] DEBUG:colcon.colcon_core.event_handler.log_command:Invoking command in '/workspaces/TIAgo_humble/build/play_motion2': AMENT_PREFIX_PATH=/workspaces/TIAgo_humble/install/play_motion2_msgs:${AMENT_PREFIX_PATH} CMAKE_PREFIX_PATH=/workspaces/TIAgo_humble/install/play_motion2_msgs:/opt/ros/humble LD_LIBRARY_PATH=/workspaces/TIAgo_humble/install/play_motion2_msgs/lib:/usr/lib/x86_64-linux-gnu/gazebo-11/plugins:/opt/ros/humble/opt/rviz_ogre_vendor/lib:/opt/ros/humble/lib/x86_64-linux-gnu:/opt/ros/humble/lib:/usr/lib/x86_64-linux-gnu/gazebo-11/plugins PYTHONPATH=/workspaces/TIAgo_humble/install/play_motion2_msgs/local/lib/python3.10/dist-packages:${PYTHONPATH} /usr/bin/cmake /workspaces/TIAgo_humble/ros2_ws/src/play_motion2/play_motion2 -DCMAKE_BUILD_TYPE=Release -DAMENT_CMAKE_SYMLINK_INSTALL=1 -DCMAKE_INSTALL_PREFIX=/workspaces/TIAgo_humble/install/play_motion2
[22.371s] Level 1:colcon.colcon_core.environment:create_environment_scripts_only(pal_device_msgs)
[22.371s] Level 1:colcon.colcon_core.environment:checking '/workspaces/TIAgo_humble/install/pal_device_msgs' for CMake module files
[22.371s] DEBUG:colcon.colcon_core.event_handler.log_command:Invoked command in '/workspaces/TIAgo_humble/build/pal_device_msgs' returned '0': CMAKE_PREFIX_PATH=/opt/ros/humble /usr/bin/cmake --install /workspaces/TIAgo_humble/build/pal_device_msgs
[22.372s] Level 1:colcon.colcon_core.environment:checking '/workspaces/TIAgo_humble/install/pal_device_msgs' for CMake config files
[22.372s] Level 1:colcon.colcon_core.shell:create_environment_hook('pal_device_msgs', 'cmake_prefix_path')
[22.372s] INFO:colcon.colcon_core.shell:Creating environment hook '/workspaces/TIAgo_humble/install/pal_device_msgs/share/pal_device_msgs/hook/cmake_prefix_path.ps1'
[22.373s] INFO:colcon.colcon_core.shell:Creating environment descriptor '/workspaces/TIAgo_humble/install/pal_device_msgs/share/pal_device_msgs/hook/cmake_prefix_path.dsv'
[22.373s] INFO:colcon.colcon_core.shell:Creating environment hook '/workspaces/TIAgo_humble/install/pal_device_msgs/share/pal_device_msgs/hook/cmake_prefix_path.sh'
[22.374s] Level 1:colcon.colcon_core.environment:checking '/workspaces/TIAgo_humble/install/pal_device_msgs/lib'
[22.374s] Level 1:colcon.colcon_core.shell:create_environment_hook('pal_device_msgs', 'ld_library_path_lib')
[22.374s] INFO:colcon.colcon_core.shell:Creating environment hook '/workspaces/TIAgo_humble/install/pal_device_msgs/share/pal_device_msgs/hook/ld_library_path_lib.ps1'
[22.375s] INFO:colcon.colcon_core.shell:Creating environment descriptor '/workspaces/TIAgo_humble/install/pal_device_msgs/share/pal_device_msgs/hook/ld_library_path_lib.dsv'
[22.375s] INFO:colcon.colcon_core.shell:Creating environment hook '/workspaces/TIAgo_humble/install/pal_device_msgs/share/pal_device_msgs/hook/ld_library_path_lib.sh'
[22.375s] Level 1:colcon.colcon_core.environment:checking '/workspaces/TIAgo_humble/install/pal_device_msgs/bin'
[22.375s] Level 1:colcon.colcon_core.environment:checking '/workspaces/TIAgo_humble/install/pal_device_msgs/lib/pkgconfig/pal_device_msgs.pc'
[22.375s] Level 1:colcon.colcon_core.environment:checking '/workspaces/TIAgo_humble/install/pal_device_msgs/lib/python3.10/site-packages'
[22.376s] Level 1:colcon.colcon_core.environment:checking '/workspaces/TIAgo_humble/install/pal_device_msgs/bin'
[22.376s] INFO:colcon.colcon_core.shell:Creating package script '/workspaces/TIAgo_humble/install/pal_device_msgs/share/pal_device_msgs/package.ps1'
[22.377s] INFO:colcon.colcon_core.shell:Creating package descriptor '/workspaces/TIAgo_humble/install/pal_device_msgs/share/pal_device_msgs/package.dsv'
[22.377s] INFO:colcon.colcon_core.shell:Creating package script '/workspaces/TIAgo_humble/install/pal_device_msgs/share/pal_device_msgs/package.sh'
[22.377s] INFO:colcon.colcon_core.shell:Creating package script '/workspaces/TIAgo_humble/install/pal_device_msgs/share/pal_device_msgs/package.bash'
[22.378s] INFO:colcon.colcon_core.shell:Creating package script '/workspaces/TIAgo_humble/install/pal_device_msgs/share/pal_device_msgs/package.zsh'
[22.378s] Level 1:colcon.colcon_core.environment:create_file_with_runtime_dependencies(/workspaces/TIAgo_humble/install/pal_device_msgs/share/colcon-core/packages/pal_device_msgs)
[22.378s] Level 1:colcon.colcon_core.environment:create_environment_scripts_only(pal_device_msgs)
[22.379s] Level 1:colcon.colcon_core.environment:checking '/workspaces/TIAgo_humble/install/pal_device_msgs' for CMake module files
[22.379s] Level 1:colcon.colcon_core.environment:checking '/workspaces/TIAgo_humble/install/pal_device_msgs' for CMake config files
[22.379s] Level 1:colcon.colcon_core.shell:create_environment_hook('pal_device_msgs', 'cmake_prefix_path')
[22.380s] INFO:colcon.colcon_core.shell:Creating environment hook '/workspaces/TIAgo_humble/install/pal_device_msgs/share/pal_device_msgs/hook/cmake_prefix_path.ps1'
[22.380s] INFO:colcon.colcon_core.shell:Creating environment descriptor '/workspaces/TIAgo_humble/install/pal_device_msgs/share/pal_device_msgs/hook/cmake_prefix_path.dsv'
[22.380s] INFO:colcon.colcon_core.shell:Creating environment hook '/workspaces/TIAgo_humble/install/pal_device_msgs/share/pal_device_msgs/hook/cmake_prefix_path.sh'
[22.381s] Level 1:colcon.colcon_core.environment:checking '/workspaces/TIAgo_humble/install/pal_device_msgs/lib'
[22.381s] Level 1:colcon.colcon_core.shell:create_environment_hook('pal_device_msgs', 'ld_library_path_lib')
[22.381s] INFO:colcon.colcon_core.shell:Creating environment hook '/workspaces/TIAgo_humble/install/pal_device_msgs/share/pal_device_msgs/hook/ld_library_path_lib.ps1'
[22.381s] INFO:colcon.colcon_core.shell:Creating environment descriptor '/workspaces/TIAgo_humble/install/pal_device_msgs/share/pal_device_msgs/hook/ld_library_path_lib.dsv'
[22.381s] INFO:colcon.colcon_core.shell:Creating environment hook '/workspaces/TIAgo_humble/install/pal_device_msgs/share/pal_device_msgs/hook/ld_library_path_lib.sh'
[22.382s] Level 1:colcon.colcon_core.environment:checking '/workspaces/TIAgo_humble/install/pal_device_msgs/bin'
[22.382s] Level 1:colcon.colcon_core.environment:checking '/workspaces/TIAgo_humble/install/pal_device_msgs/lib/pkgconfig/pal_device_msgs.pc'
[22.382s] Level 1:colcon.colcon_core.environment:checking '/workspaces/TIAgo_humble/install/pal_device_msgs/lib/python3.10/site-packages'
[22.382s] Level 1:colcon.colcon_core.environment:checking '/workspaces/TIAgo_humble/install/pal_device_msgs/bin'
[22.383s] INFO:colcon.colcon_core.shell:Creating package script '/workspaces/TIAgo_humble/install/pal_device_msgs/share/pal_device_msgs/package.ps1'
[22.383s] INFO:colcon.colcon_core.shell:Creating package descriptor '/workspaces/TIAgo_humble/install/pal_device_msgs/share/pal_device_msgs/package.dsv'
[22.383s] INFO:colcon.colcon_core.shell:Creating package script '/workspaces/TIAgo_humble/install/pal_device_msgs/share/pal_device_msgs/package.sh'
[22.384s] INFO:colcon.colcon_core.shell:Creating package script '/workspaces/TIAgo_humble/install/pal_device_msgs/share/pal_device_msgs/package.bash'
[22.384s] INFO:colcon.colcon_core.shell:Creating package script '/workspaces/TIAgo_humble/install/pal_device_msgs/share/pal_device_msgs/package.zsh'
[22.385s] Level 1:colcon.colcon_core.environment:create_file_with_runtime_dependencies(/workspaces/TIAgo_humble/install/pal_device_msgs/share/colcon-core/packages/pal_device_msgs)
[22.687s] DEBUG:colcon.colcon_core.event_handler.log_command:Invoked command in '/workspaces/TIAgo_humble/build/play_motion2' returned '0': AMENT_PREFIX_PATH=/workspaces/TIAgo_humble/install/play_motion2_msgs:${AMENT_PREFIX_PATH} CMAKE_PREFIX_PATH=/workspaces/TIAgo_humble/install/play_motion2_msgs:/opt/ros/humble LD_LIBRARY_PATH=/workspaces/TIAgo_humble/install/play_motion2_msgs/lib:/usr/lib/x86_64-linux-gnu/gazebo-11/plugins:/opt/ros/humble/opt/rviz_ogre_vendor/lib:/opt/ros/humble/lib/x86_64-linux-gnu:/opt/ros/humble/lib:/usr/lib/x86_64-linux-gnu/gazebo-11/plugins PYTHONPATH=/workspaces/TIAgo_humble/install/play_motion2_msgs/local/lib/python3.10/dist-packages:${PYTHONPATH} /usr/bin/cmake /workspaces/TIAgo_humble/ros2_ws/src/play_motion2/play_motion2 -DCMAKE_BUILD_TYPE=Release -DAMENT_CMAKE_SYMLINK_INSTALL=1 -DCMAKE_INSTALL_PREFIX=/workspaces/TIAgo_humble/install/play_motion2
[22.688s] DEBUG:colcon.colcon_core.event_handler.log_command:Invoking command in '/workspaces/TIAgo_humble/build/play_motion2': AMENT_PREFIX_PATH=/workspaces/TIAgo_humble/install/play_motion2_msgs:${AMENT_PREFIX_PATH} CMAKE_PREFIX_PATH=/workspaces/TIAgo_humble/install/play_motion2_msgs:/opt/ros/humble LD_LIBRARY_PATH=/workspaces/TIAgo_humble/install/play_motion2_msgs/lib:/usr/lib/x86_64-linux-gnu/gazebo-11/plugins:/opt/ros/humble/opt/rviz_ogre_vendor/lib:/opt/ros/humble/lib/x86_64-linux-gnu:/opt/ros/humble/lib:/usr/lib/x86_64-linux-gnu/gazebo-11/plugins PYTHONPATH=/workspaces/TIAgo_humble/install/play_motion2_msgs/local/lib/python3.10/dist-packages:${PYTHONPATH} /usr/bin/cmake --build /workspaces/TIAgo_humble/build/play_motion2 -- -j24 -l24
[34.996s] DEBUG:colcon.colcon_core.event_handler.log_command:Invoked command in '/workspaces/TIAgo_humble/build/moveit_ros_control_interface' returned '0': CMAKE_PREFIX_PATH=/opt/ros/humble /usr/bin/cmake --build /workspaces/TIAgo_humble/build/moveit_ros_control_interface -- -j24 -l24
[34.998s] DEBUG:colcon.colcon_core.event_handler.log_command:Invoking command in '/workspaces/TIAgo_humble/build/moveit_ros_control_interface': CMAKE_PREFIX_PATH=/opt/ros/humble /usr/bin/cmake --install /workspaces/TIAgo_humble/build/moveit_ros_control_interface
[35.214s] Level 1:colcon.colcon_core.environment:create_environment_scripts_only(moveit_ros_control_interface)
[35.214s] Level 1:colcon.colcon_core.environment:checking '/workspaces/TIAgo_humble/install/moveit_ros_control_interface' for CMake module files
[35.214s] DEBUG:colcon.colcon_core.event_handler.log_command:Invoked command in '/workspaces/TIAgo_humble/build/moveit_ros_control_interface' returned '0': CMAKE_PREFIX_PATH=/opt/ros/humble /usr/bin/cmake --install /workspaces/TIAgo_humble/build/moveit_ros_control_interface
[35.215s] Level 1:colcon.colcon_core.environment:checking '/workspaces/TIAgo_humble/install/moveit_ros_control_interface' for CMake config files
[35.215s] Level 1:colcon.colcon_core.shell:create_environment_hook('moveit_ros_control_interface', 'cmake_prefix_path')
[35.215s] INFO:colcon.colcon_core.shell:Creating environment hook '/workspaces/TIAgo_humble/install/moveit_ros_control_interface/share/moveit_ros_control_interface/hook/cmake_prefix_path.ps1'
[35.216s] INFO:colcon.colcon_core.shell:Creating environment descriptor '/workspaces/TIAgo_humble/install/moveit_ros_control_interface/share/moveit_ros_control_interface/hook/cmake_prefix_path.dsv'
[35.216s] INFO:colcon.colcon_core.shell:Creating environment hook '/workspaces/TIAgo_humble/install/moveit_ros_control_interface/share/moveit_ros_control_interface/hook/cmake_prefix_path.sh'
[35.217s] Level 1:colcon.colcon_core.environment:checking '/workspaces/TIAgo_humble/install/moveit_ros_control_interface/lib'
[35.217s] Level 1:colcon.colcon_core.shell:create_environment_hook('moveit_ros_control_interface', 'ld_library_path_lib')
[35.217s] INFO:colcon.colcon_core.shell:Creating environment hook '/workspaces/TIAgo_humble/install/moveit_ros_control_interface/share/moveit_ros_control_interface/hook/ld_library_path_lib.ps1'
[35.217s] INFO:colcon.colcon_core.shell:Creating environment descriptor '/workspaces/TIAgo_humble/install/moveit_ros_control_interface/share/moveit_ros_control_interface/hook/ld_library_path_lib.dsv'
[35.217s] INFO:colcon.colcon_core.shell:Creating environment hook '/workspaces/TIAgo_humble/install/moveit_ros_control_interface/share/moveit_ros_control_interface/hook/ld_library_path_lib.sh'
[35.218s] Level 1:colcon.colcon_core.environment:checking '/workspaces/TIAgo_humble/install/moveit_ros_control_interface/bin'
[35.218s] Level 1:colcon.colcon_core.environment:checking '/workspaces/TIAgo_humble/install/moveit_ros_control_interface/lib/pkgconfig/moveit_ros_control_interface.pc'
[35.218s] Level 1:colcon.colcon_core.environment:checking '/workspaces/TIAgo_humble/install/moveit_ros_control_interface/lib/python3.10/site-packages'
[35.218s] Level 1:colcon.colcon_core.environment:checking '/workspaces/TIAgo_humble/install/moveit_ros_control_interface/bin'
[35.219s] INFO:colcon.colcon_core.shell:Creating package script '/workspaces/TIAgo_humble/install/moveit_ros_control_interface/share/moveit_ros_control_interface/package.ps1'
[35.219s] INFO:colcon.colcon_core.shell:Creating package descriptor '/workspaces/TIAgo_humble/install/moveit_ros_control_interface/share/moveit_ros_control_interface/package.dsv'
[35.219s] INFO:colcon.colcon_core.shell:Creating package script '/workspaces/TIAgo_humble/install/moveit_ros_control_interface/share/moveit_ros_control_interface/package.sh'
[35.220s] INFO:colcon.colcon_core.shell:Creating package script '/workspaces/TIAgo_humble/install/moveit_ros_control_interface/share/moveit_ros_control_interface/package.bash'
[35.220s] INFO:colcon.colcon_core.shell:Creating package script '/workspaces/TIAgo_humble/install/moveit_ros_control_interface/share/moveit_ros_control_interface/package.zsh'
[35.220s] Level 1:colcon.colcon_core.environment:create_file_with_runtime_dependencies(/workspaces/TIAgo_humble/install/moveit_ros_control_interface/share/colcon-core/packages/moveit_ros_control_interface)
[35.221s] Level 1:colcon.colcon_core.environment:create_environment_scripts_only(moveit_ros_control_interface)
[35.221s] Level 1:colcon.colcon_core.environment:checking '/workspaces/TIAgo_humble/install/moveit_ros_control_interface' for CMake module files
[35.221s] Level 1:colcon.colcon_core.environment:checking '/workspaces/TIAgo_humble/install/moveit_ros_control_interface' for CMake config files
[35.221s] Level 1:colcon.colcon_core.shell:create_environment_hook('moveit_ros_control_interface', 'cmake_prefix_path')
[35.222s] INFO:colcon.colcon_core.shell:Creating environment hook '/workspaces/TIAgo_humble/install/moveit_ros_control_interface/share/moveit_ros_control_interface/hook/cmake_prefix_path.ps1'
[35.222s] INFO:colcon.colcon_core.shell:Creating environment descriptor '/workspaces/TIAgo_humble/install/moveit_ros_control_interface/share/moveit_ros_control_interface/hook/cmake_prefix_path.dsv'
[35.222s] INFO:colcon.colcon_core.shell:Creating environment hook '/workspaces/TIAgo_humble/install/moveit_ros_control_interface/share/moveit_ros_control_interface/hook/cmake_prefix_path.sh'
[35.223s] Level 1:colcon.colcon_core.environment:checking '/workspaces/TIAgo_humble/install/moveit_ros_control_interface/lib'
[35.223s] Level 1:colcon.colcon_core.shell:create_environment_hook('moveit_ros_control_interface', 'ld_library_path_lib')
[35.223s] INFO:colcon.colcon_core.shell:Creating environment hook '/workspaces/TIAgo_humble/install/moveit_ros_control_interface/share/moveit_ros_control_interface/hook/ld_library_path_lib.ps1'
[35.223s] INFO:colcon.colcon_core.shell:Creating environment descriptor '/workspaces/TIAgo_humble/install/moveit_ros_control_interface/share/moveit_ros_control_interface/hook/ld_library_path_lib.dsv'
[35.223s] INFO:colcon.colcon_core.shell:Creating environment hook '/workspaces/TIAgo_humble/install/moveit_ros_control_interface/share/moveit_ros_control_interface/hook/ld_library_path_lib.sh'
[35.224s] Level 1:colcon.colcon_core.environment:checking '/workspaces/TIAgo_humble/install/moveit_ros_control_interface/bin'
[35.224s] Level 1:colcon.colcon_core.environment:checking '/workspaces/TIAgo_humble/install/moveit_ros_control_interface/lib/pkgconfig/moveit_ros_control_interface.pc'
[35.224s] Level 1:colcon.colcon_core.environment:checking '/workspaces/TIAgo_humble/install/moveit_ros_control_interface/lib/python3.10/site-packages'
[35.224s] Level 1:colcon.colcon_core.environment:checking '/workspaces/TIAgo_humble/install/moveit_ros_control_interface/bin'
[35.225s] INFO:colcon.colcon_core.shell:Creating package script '/workspaces/TIAgo_humble/install/moveit_ros_control_interface/share/moveit_ros_control_interface/package.ps1'
[35.225s] INFO:colcon.colcon_core.shell:Creating package descriptor '/workspaces/TIAgo_humble/install/moveit_ros_control_interface/share/moveit_ros_control_interface/package.dsv'
[35.226s] INFO:colcon.colcon_core.shell:Creating package script '/workspaces/TIAgo_humble/install/moveit_ros_control_interface/share/moveit_ros_control_interface/package.sh'
[35.226s] INFO:colcon.colcon_core.shell:Creating package script '/workspaces/TIAgo_humble/install/moveit_ros_control_interface/share/moveit_ros_control_interface/package.bash'
[35.226s] INFO:colcon.colcon_core.shell:Creating package script '/workspaces/TIAgo_humble/install/moveit_ros_control_interface/share/moveit_ros_control_interface/package.zsh'
[35.227s] Level 1:colcon.colcon_core.environment:create_file_with_runtime_dependencies(/workspaces/TIAgo_humble/install/moveit_ros_control_interface/share/colcon-core/packages/moveit_ros_control_interface)
[35.227s] INFO:colcon.colcon_ros.task.ament_cmake.build:Building ROS package in '/workspaces/TIAgo_humble/ros2_ws/src/tiago_moveit_config' with build type 'ament_cmake'
[35.227s] INFO:colcon.colcon_cmake.task.cmake.build:Building CMake package in '/workspaces/TIAgo_humble/ros2_ws/src/tiago_moveit_config'
[35.227s] INFO:colcon.colcon_core.shell:Skip shell extension 'powershell' for command environment: Not usable outside of PowerShell
[35.228s] DEBUG:colcon.colcon_core.shell:Skip shell extension 'dsv' for command environment
[35.244s] DEBUG:colcon.colcon_core.event_handler.log_command:Invoking command in '/workspaces/TIAgo_humble/build/tiago_moveit_config': AMENT_PREFIX_PATH=/workspaces/TIAgo_humble/install/tiago_description:/workspaces/TIAgo_humble/install/pmb2_description:/workspaces/TIAgo_humble/install/pal_hey5_description:/workspaces/TIAgo_humble/install/pal_gripper_description:/workspaces/TIAgo_humble/install/omni_base_description:/workspaces/TIAgo_humble/install/pal_urdf_utils:/workspaces/TIAgo_humble/install/pal_robotiq_description:/workspaces/TIAgo_humble/install/moveit_ros_control_interface:/workspaces/TIAgo_humble/install/launch_pal:${AMENT_PREFIX_PATH} CMAKE_PREFIX_PATH=/workspaces/TIAgo_humble/install/tiago_description:/workspaces/TIAgo_humble/install/pmb2_description:/workspaces/TIAgo_humble/install/pal_hey5_description:/workspaces/TIAgo_humble/install/pal_gripper_description:/workspaces/TIAgo_humble/install/omni_base_description:/workspaces/TIAgo_humble/install/pal_urdf_utils:/workspaces/TIAgo_humble/install/pal_robotiq_description:/workspaces/TIAgo_humble/install/moveit_ros_control_interface:/opt/ros/humble LD_LIBRARY_PATH=/workspaces/TIAgo_humble/install/moveit_ros_control_interface/lib:/usr/lib/x86_64-linux-gnu/gazebo-11/plugins:/opt/ros/humble/opt/rviz_ogre_vendor/lib:/opt/ros/humble/lib/x86_64-linux-gnu:/opt/ros/humble/lib:/usr/lib/x86_64-linux-gnu/gazebo-11/plugins PYTHONPATH=/workspaces/TIAgo_humble/install/tiago_description/local/lib/python3.10/dist-packages:/workspaces/TIAgo_humble/install/pmb2_description/local/lib/python3.10/dist-packages:/workspaces/TIAgo_humble/install/omni_base_description/local/lib/python3.10/dist-packages:/workspaces/TIAgo_humble/build/launch_pal:/workspaces/TIAgo_humble/install/launch_pal/lib/python3.10/site-packages:${PYTHONPATH} /usr/bin/cmake /workspaces/TIAgo_humble/ros2_ws/src/tiago_moveit_config -DCMAKE_BUILD_TYPE=Release -DAMENT_CMAKE_SYMLINK_INSTALL=1 -DCMAKE_INSTALL_PREFIX=/workspaces/TIAgo_humble/install/tiago_moveit_config
[35.987s] DEBUG:colcon.colcon_core.event_handler.log_command:Invoked command in '/workspaces/TIAgo_humble/build/tiago_moveit_config' returned '0': AMENT_PREFIX_PATH=/workspaces/TIAgo_humble/install/tiago_description:/workspaces/TIAgo_humble/install/pmb2_description:/workspaces/TIAgo_humble/install/pal_hey5_description:/workspaces/TIAgo_humble/install/pal_gripper_description:/workspaces/TIAgo_humble/install/omni_base_description:/workspaces/TIAgo_humble/install/pal_urdf_utils:/workspaces/TIAgo_humble/install/pal_robotiq_description:/workspaces/TIAgo_humble/install/moveit_ros_control_interface:/workspaces/TIAgo_humble/install/launch_pal:${AMENT_PREFIX_PATH} CMAKE_PREFIX_PATH=/workspaces/TIAgo_humble/install/tiago_description:/workspaces/TIAgo_humble/install/pmb2_description:/workspaces/TIAgo_humble/install/pal_hey5_description:/workspaces/TIAgo_humble/install/pal_gripper_description:/workspaces/TIAgo_humble/install/omni_base_description:/workspaces/TIAgo_humble/install/pal_urdf_utils:/workspaces/TIAgo_humble/install/pal_robotiq_description:/workspaces/TIAgo_humble/install/moveit_ros_control_interface:/opt/ros/humble LD_LIBRARY_PATH=/workspaces/TIAgo_humble/install/moveit_ros_control_interface/lib:/usr/lib/x86_64-linux-gnu/gazebo-11/plugins:/opt/ros/humble/opt/rviz_ogre_vendor/lib:/opt/ros/humble/lib/x86_64-linux-gnu:/opt/ros/humble/lib:/usr/lib/x86_64-linux-gnu/gazebo-11/plugins PYTHONPATH=/workspaces/TIAgo_humble/install/tiago_description/local/lib/python3.10/dist-packages:/workspaces/TIAgo_humble/install/pmb2_description/local/lib/python3.10/dist-packages:/workspaces/TIAgo_humble/install/omni_base_description/local/lib/python3.10/dist-packages:/workspaces/TIAgo_humble/build/launch_pal:/workspaces/TIAgo_humble/install/launch_pal/lib/python3.10/site-packages:${PYTHONPATH} /usr/bin/cmake /workspaces/TIAgo_humble/ros2_ws/src/tiago_moveit_config -DCMAKE_BUILD_TYPE=Release -DAMENT_CMAKE_SYMLINK_INSTALL=1 -DCMAKE_INSTALL_PREFIX=/workspaces/TIAgo_humble/install/tiago_moveit_config
[35.989s] DEBUG:colcon.colcon_core.event_handler.log_command:Invoking command in '/workspaces/TIAgo_humble/build/tiago_moveit_config': AMENT_PREFIX_PATH=/workspaces/TIAgo_humble/install/tiago_description:/workspaces/TIAgo_humble/install/pmb2_description:/workspaces/TIAgo_humble/install/pal_hey5_description:/workspaces/TIAgo_humble/install/pal_gripper_description:/workspaces/TIAgo_humble/install/omni_base_description:/workspaces/TIAgo_humble/install/pal_urdf_utils:/workspaces/TIAgo_humble/install/pal_robotiq_description:/workspaces/TIAgo_humble/install/moveit_ros_control_interface:/workspaces/TIAgo_humble/install/launch_pal:${AMENT_PREFIX_PATH} CMAKE_PREFIX_PATH=/workspaces/TIAgo_humble/install/tiago_description:/workspaces/TIAgo_humble/install/pmb2_description:/workspaces/TIAgo_humble/install/pal_hey5_description:/workspaces/TIAgo_humble/install/pal_gripper_description:/workspaces/TIAgo_humble/install/omni_base_description:/workspaces/TIAgo_humble/install/pal_urdf_utils:/workspaces/TIAgo_humble/install/pal_robotiq_description:/workspaces/TIAgo_humble/install/moveit_ros_control_interface:/opt/ros/humble LD_LIBRARY_PATH=/workspaces/TIAgo_humble/install/moveit_ros_control_interface/lib:/usr/lib/x86_64-linux-gnu/gazebo-11/plugins:/opt/ros/humble/opt/rviz_ogre_vendor/lib:/opt/ros/humble/lib/x86_64-linux-gnu:/opt/ros/humble/lib:/usr/lib/x86_64-linux-gnu/gazebo-11/plugins PYTHONPATH=/workspaces/TIAgo_humble/install/tiago_description/local/lib/python3.10/dist-packages:/workspaces/TIAgo_humble/install/pmb2_description/local/lib/python3.10/dist-packages:/workspaces/TIAgo_humble/install/omni_base_description/local/lib/python3.10/dist-packages:/workspaces/TIAgo_humble/build/launch_pal:/workspaces/TIAgo_humble/install/launch_pal/lib/python3.10/site-packages:${PYTHONPATH} /usr/bin/cmake --build /workspaces/TIAgo_humble/build/tiago_moveit_config -- -j24 -l24
[36.034s] DEBUG:colcon.colcon_core.event_handler.log_command:Invoked command in '/workspaces/TIAgo_humble/build/tiago_moveit_config' returned '0': AMENT_PREFIX_PATH=/workspaces/TIAgo_humble/install/tiago_description:/workspaces/TIAgo_humble/install/pmb2_description:/workspaces/TIAgo_humble/install/pal_hey5_description:/workspaces/TIAgo_humble/install/pal_gripper_description:/workspaces/TIAgo_humble/install/omni_base_description:/workspaces/TIAgo_humble/install/pal_urdf_utils:/workspaces/TIAgo_humble/install/pal_robotiq_description:/workspaces/TIAgo_humble/install/moveit_ros_control_interface:/workspaces/TIAgo_humble/install/launch_pal:${AMENT_PREFIX_PATH} CMAKE_PREFIX_PATH=/workspaces/TIAgo_humble/install/tiago_description:/workspaces/TIAgo_humble/install/pmb2_description:/workspaces/TIAgo_humble/install/pal_hey5_description:/workspaces/TIAgo_humble/install/pal_gripper_description:/workspaces/TIAgo_humble/install/omni_base_description:/workspaces/TIAgo_humble/install/pal_urdf_utils:/workspaces/TIAgo_humble/install/pal_robotiq_description:/workspaces/TIAgo_humble/install/moveit_ros_control_interface:/opt/ros/humble LD_LIBRARY_PATH=/workspaces/TIAgo_humble/install/moveit_ros_control_interface/lib:/usr/lib/x86_64-linux-gnu/gazebo-11/plugins:/opt/ros/humble/opt/rviz_ogre_vendor/lib:/opt/ros/humble/lib/x86_64-linux-gnu:/opt/ros/humble/lib:/usr/lib/x86_64-linux-gnu/gazebo-11/plugins PYTHONPATH=/workspaces/TIAgo_humble/install/tiago_description/local/lib/python3.10/dist-packages:/workspaces/TIAgo_humble/install/pmb2_description/local/lib/python3.10/dist-packages:/workspaces/TIAgo_humble/install/omni_base_description/local/lib/python3.10/dist-packages:/workspaces/TIAgo_humble/build/launch_pal:/workspaces/TIAgo_humble/install/launch_pal/lib/python3.10/site-packages:${PYTHONPATH} /usr/bin/cmake --build /workspaces/TIAgo_humble/build/tiago_moveit_config -- -j24 -l24
[36.037s] DEBUG:colcon.colcon_core.event_handler.log_command:Invoking command in '/workspaces/TIAgo_humble/build/tiago_moveit_config': AMENT_PREFIX_PATH=/workspaces/TIAgo_humble/install/tiago_description:/workspaces/TIAgo_humble/install/pmb2_description:/workspaces/TIAgo_humble/install/pal_hey5_description:/workspaces/TIAgo_humble/install/pal_gripper_description:/workspaces/TIAgo_humble/install/omni_base_description:/workspaces/TIAgo_humble/install/pal_urdf_utils:/workspaces/TIAgo_humble/install/pal_robotiq_description:/workspaces/TIAgo_humble/install/moveit_ros_control_interface:/workspaces/TIAgo_humble/install/launch_pal:${AMENT_PREFIX_PATH} CMAKE_PREFIX_PATH=/workspaces/TIAgo_humble/install/tiago_description:/workspaces/TIAgo_humble/install/pmb2_description:/workspaces/TIAgo_humble/install/pal_hey5_description:/workspaces/TIAgo_humble/install/pal_gripper_description:/workspaces/TIAgo_humble/install/omni_base_description:/workspaces/TIAgo_humble/install/pal_urdf_utils:/workspaces/TIAgo_humble/install/pal_robotiq_description:/workspaces/TIAgo_humble/install/moveit_ros_control_interface:/opt/ros/humble LD_LIBRARY_PATH=/workspaces/TIAgo_humble/install/moveit_ros_control_interface/lib:/usr/lib/x86_64-linux-gnu/gazebo-11/plugins:/opt/ros/humble/opt/rviz_ogre_vendor/lib:/opt/ros/humble/lib/x86_64-linux-gnu:/opt/ros/humble/lib:/usr/lib/x86_64-linux-gnu/gazebo-11/plugins PYTHONPATH=/workspaces/TIAgo_humble/install/tiago_description/local/lib/python3.10/dist-packages:/workspaces/TIAgo_humble/install/pmb2_description/local/lib/python3.10/dist-packages:/workspaces/TIAgo_humble/install/omni_base_description/local/lib/python3.10/dist-packages:/workspaces/TIAgo_humble/build/launch_pal:/workspaces/TIAgo_humble/install/launch_pal/lib/python3.10/site-packages:${PYTHONPATH} /usr/bin/cmake --install /workspaces/TIAgo_humble/build/tiago_moveit_config
[36.787s] Level 1:colcon.colcon_core.environment:create_environment_scripts_only(tiago_moveit_config)
[36.788s] Level 1:colcon.colcon_core.environment:checking '/workspaces/TIAgo_humble/install/tiago_moveit_config' for CMake module files
[36.788s] DEBUG:colcon.colcon_core.event_handler.log_command:Invoked command in '/workspaces/TIAgo_humble/build/tiago_moveit_config' returned '0': AMENT_PREFIX_PATH=/workspaces/TIAgo_humble/install/tiago_description:/workspaces/TIAgo_humble/install/pmb2_description:/workspaces/TIAgo_humble/install/pal_hey5_description:/workspaces/TIAgo_humble/install/pal_gripper_description:/workspaces/TIAgo_humble/install/omni_base_description:/workspaces/TIAgo_humble/install/pal_urdf_utils:/workspaces/TIAgo_humble/install/pal_robotiq_description:/workspaces/TIAgo_humble/install/moveit_ros_control_interface:/workspaces/TIAgo_humble/install/launch_pal:${AMENT_PREFIX_PATH} CMAKE_PREFIX_PATH=/workspaces/TIAgo_humble/install/tiago_description:/workspaces/TIAgo_humble/install/pmb2_description:/workspaces/TIAgo_humble/install/pal_hey5_description:/workspaces/TIAgo_humble/install/pal_gripper_description:/workspaces/TIAgo_humble/install/omni_base_description:/workspaces/TIAgo_humble/install/pal_urdf_utils:/workspaces/TIAgo_humble/install/pal_robotiq_description:/workspaces/TIAgo_humble/install/moveit_ros_control_interface:/opt/ros/humble LD_LIBRARY_PATH=/workspaces/TIAgo_humble/install/moveit_ros_control_interface/lib:/usr/lib/x86_64-linux-gnu/gazebo-11/plugins:/opt/ros/humble/opt/rviz_ogre_vendor/lib:/opt/ros/humble/lib/x86_64-linux-gnu:/opt/ros/humble/lib:/usr/lib/x86_64-linux-gnu/gazebo-11/plugins PYTHONPATH=/workspaces/TIAgo_humble/install/tiago_description/local/lib/python3.10/dist-packages:/workspaces/TIAgo_humble/install/pmb2_description/local/lib/python3.10/dist-packages:/workspaces/TIAgo_humble/install/omni_base_description/local/lib/python3.10/dist-packages:/workspaces/TIAgo_humble/build/launch_pal:/workspaces/TIAgo_humble/install/launch_pal/lib/python3.10/site-packages:${PYTHONPATH} /usr/bin/cmake --install /workspaces/TIAgo_humble/build/tiago_moveit_config
[36.788s] Level 1:colcon.colcon_core.environment:checking '/workspaces/TIAgo_humble/install/tiago_moveit_config' for CMake config files
[36.789s] Level 1:colcon.colcon_core.shell:create_environment_hook('tiago_moveit_config', 'cmake_prefix_path')
[36.789s] INFO:colcon.colcon_core.shell:Creating environment hook '/workspaces/TIAgo_humble/install/tiago_moveit_config/share/tiago_moveit_config/hook/cmake_prefix_path.ps1'
[36.789s] INFO:colcon.colcon_core.shell:Creating environment descriptor '/workspaces/TIAgo_humble/install/tiago_moveit_config/share/tiago_moveit_config/hook/cmake_prefix_path.dsv'
[36.790s] INFO:colcon.colcon_core.shell:Creating environment hook '/workspaces/TIAgo_humble/install/tiago_moveit_config/share/tiago_moveit_config/hook/cmake_prefix_path.sh'
[36.790s] Level 1:colcon.colcon_core.environment:checking '/workspaces/TIAgo_humble/install/tiago_moveit_config/bin'
[36.791s] Level 1:colcon.colcon_core.environment:checking '/workspaces/TIAgo_humble/install/tiago_moveit_config/lib/pkgconfig/tiago_moveit_config.pc'
[36.791s] Level 1:colcon.colcon_core.environment:checking '/workspaces/TIAgo_humble/install/tiago_moveit_config/lib/python3.10/site-packages'
[36.791s] Level 1:colcon.colcon_core.environment:checking '/workspaces/TIAgo_humble/install/tiago_moveit_config/bin'
[36.791s] INFO:colcon.colcon_core.shell:Creating package script '/workspaces/TIAgo_humble/install/tiago_moveit_config/share/tiago_moveit_config/package.ps1'
[36.792s] INFO:colcon.colcon_core.shell:Creating package descriptor '/workspaces/TIAgo_humble/install/tiago_moveit_config/share/tiago_moveit_config/package.dsv'
[36.793s] INFO:colcon.colcon_core.shell:Creating package script '/workspaces/TIAgo_humble/install/tiago_moveit_config/share/tiago_moveit_config/package.sh'
[36.793s] INFO:colcon.colcon_core.shell:Creating package script '/workspaces/TIAgo_humble/install/tiago_moveit_config/share/tiago_moveit_config/package.bash'
[36.793s] INFO:colcon.colcon_core.shell:Creating package script '/workspaces/TIAgo_humble/install/tiago_moveit_config/share/tiago_moveit_config/package.zsh'
[36.794s] Level 1:colcon.colcon_core.environment:create_file_with_runtime_dependencies(/workspaces/TIAgo_humble/install/tiago_moveit_config/share/colcon-core/packages/tiago_moveit_config)
[36.794s] Level 1:colcon.colcon_core.environment:create_environment_scripts_only(tiago_moveit_config)
[36.795s] Level 1:colcon.colcon_core.environment:checking '/workspaces/TIAgo_humble/install/tiago_moveit_config' for CMake module files
[36.795s] Level 1:colcon.colcon_core.environment:checking '/workspaces/TIAgo_humble/install/tiago_moveit_config' for CMake config files
[36.795s] Level 1:colcon.colcon_core.shell:create_environment_hook('tiago_moveit_config', 'cmake_prefix_path')
[36.796s] INFO:colcon.colcon_core.shell:Creating environment hook '/workspaces/TIAgo_humble/install/tiago_moveit_config/share/tiago_moveit_config/hook/cmake_prefix_path.ps1'
[36.796s] INFO:colcon.colcon_core.shell:Creating environment descriptor '/workspaces/TIAgo_humble/install/tiago_moveit_config/share/tiago_moveit_config/hook/cmake_prefix_path.dsv'
[36.796s] INFO:colcon.colcon_core.shell:Creating environment hook '/workspaces/TIAgo_humble/install/tiago_moveit_config/share/tiago_moveit_config/hook/cmake_prefix_path.sh'
[36.797s] Level 1:colcon.colcon_core.environment:checking '/workspaces/TIAgo_humble/install/tiago_moveit_config/bin'
[36.797s] Level 1:colcon.colcon_core.environment:checking '/workspaces/TIAgo_humble/install/tiago_moveit_config/lib/pkgconfig/tiago_moveit_config.pc'
[36.797s] Level 1:colcon.colcon_core.environment:checking '/workspaces/TIAgo_humble/install/tiago_moveit_config/lib/python3.10/site-packages'
[36.798s] Level 1:colcon.colcon_core.environment:checking '/workspaces/TIAgo_humble/install/tiago_moveit_config/bin'
[36.798s] INFO:colcon.colcon_core.shell:Creating package script '/workspaces/TIAgo_humble/install/tiago_moveit_config/share/tiago_moveit_config/package.ps1'
[36.799s] INFO:colcon.colcon_core.shell:Creating package descriptor '/workspaces/TIAgo_humble/install/tiago_moveit_config/share/tiago_moveit_config/package.dsv'
[36.799s] INFO:colcon.colcon_core.shell:Creating package script '/workspaces/TIAgo_humble/install/tiago_moveit_config/share/tiago_moveit_config/package.sh'
[36.800s] INFO:colcon.colcon_core.shell:Creating package script '/workspaces/TIAgo_humble/install/tiago_moveit_config/share/tiago_moveit_config/package.bash'
[36.800s] INFO:colcon.colcon_core.shell:Creating package script '/workspaces/TIAgo_humble/install/tiago_moveit_config/share/tiago_moveit_config/package.zsh'
[36.801s] Level 1:colcon.colcon_core.environment:create_file_with_runtime_dependencies(/workspaces/TIAgo_humble/install/tiago_moveit_config/share/colcon-core/packages/tiago_moveit_config)
[48.117s] DEBUG:colcon.colcon_core.event_handler.log_command:Invoked command in '/workspaces/TIAgo_humble/build/play_motion2' returned '0': AMENT_PREFIX_PATH=/workspaces/TIAgo_humble/install/play_motion2_msgs:${AMENT_PREFIX_PATH} CMAKE_PREFIX_PATH=/workspaces/TIAgo_humble/install/play_motion2_msgs:/opt/ros/humble LD_LIBRARY_PATH=/workspaces/TIAgo_humble/install/play_motion2_msgs/lib:/usr/lib/x86_64-linux-gnu/gazebo-11/plugins:/opt/ros/humble/opt/rviz_ogre_vendor/lib:/opt/ros/humble/lib/x86_64-linux-gnu:/opt/ros/humble/lib:/usr/lib/x86_64-linux-gnu/gazebo-11/plugins PYTHONPATH=/workspaces/TIAgo_humble/install/play_motion2_msgs/local/lib/python3.10/dist-packages:${PYTHONPATH} /usr/bin/cmake --build /workspaces/TIAgo_humble/build/play_motion2 -- -j24 -l24
[48.118s] DEBUG:colcon.colcon_core.event_handler.log_command:Invoking command in '/workspaces/TIAgo_humble/build/play_motion2': AMENT_PREFIX_PATH=/workspaces/TIAgo_humble/install/play_motion2_msgs:${AMENT_PREFIX_PATH} CMAKE_PREFIX_PATH=/workspaces/TIAgo_humble/install/play_motion2_msgs:/opt/ros/humble LD_LIBRARY_PATH=/workspaces/TIAgo_humble/install/play_motion2_msgs/lib:/usr/lib/x86_64-linux-gnu/gazebo-11/plugins:/opt/ros/humble/opt/rviz_ogre_vendor/lib:/opt/ros/humble/lib/x86_64-linux-gnu:/opt/ros/humble/lib:/usr/lib/x86_64-linux-gnu/gazebo-11/plugins PYTHONPATH=/workspaces/TIAgo_humble/install/play_motion2_msgs/local/lib/python3.10/dist-packages:${PYTHONPATH} /usr/bin/cmake --install /workspaces/TIAgo_humble/build/play_motion2
[48.368s] Level 1:colcon.colcon_core.environment:create_environment_scripts_only(play_motion2)
[48.369s] Level 1:colcon.colcon_core.environment:checking '/workspaces/TIAgo_humble/install/play_motion2' for CMake module files
[48.369s] DEBUG:colcon.colcon_core.event_handler.log_command:Invoked command in '/workspaces/TIAgo_humble/build/play_motion2' returned '0': AMENT_PREFIX_PATH=/workspaces/TIAgo_humble/install/play_motion2_msgs:${AMENT_PREFIX_PATH} CMAKE_PREFIX_PATH=/workspaces/TIAgo_humble/install/play_motion2_msgs:/opt/ros/humble LD_LIBRARY_PATH=/workspaces/TIAgo_humble/install/play_motion2_msgs/lib:/usr/lib/x86_64-linux-gnu/gazebo-11/plugins:/opt/ros/humble/opt/rviz_ogre_vendor/lib:/opt/ros/humble/lib/x86_64-linux-gnu:/opt/ros/humble/lib:/usr/lib/x86_64-linux-gnu/gazebo-11/plugins PYTHONPATH=/workspaces/TIAgo_humble/install/play_motion2_msgs/local/lib/python3.10/dist-packages:${PYTHONPATH} /usr/bin/cmake --install /workspaces/TIAgo_humble/build/play_motion2
[48.369s] Level 1:colcon.colcon_core.environment:checking '/workspaces/TIAgo_humble/install/play_motion2' for CMake config files
[48.369s] Level 1:colcon.colcon_core.shell:create_environment_hook('play_motion2', 'cmake_prefix_path')
[48.370s] INFO:colcon.colcon_core.shell:Creating environment hook '/workspaces/TIAgo_humble/install/play_motion2/share/play_motion2/hook/cmake_prefix_path.ps1'
[48.370s] INFO:colcon.colcon_core.shell:Creating environment descriptor '/workspaces/TIAgo_humble/install/play_motion2/share/play_motion2/hook/cmake_prefix_path.dsv'
[48.370s] INFO:colcon.colcon_core.shell:Creating environment hook '/workspaces/TIAgo_humble/install/play_motion2/share/play_motion2/hook/cmake_prefix_path.sh'
[48.370s] Level 1:colcon.colcon_core.environment:checking '/workspaces/TIAgo_humble/install/play_motion2/lib'
[48.370s] Level 1:colcon.colcon_core.shell:create_environment_hook('play_motion2', 'ld_library_path_lib')
[48.371s] INFO:colcon.colcon_core.shell:Creating environment hook '/workspaces/TIAgo_humble/install/play_motion2/share/play_motion2/hook/ld_library_path_lib.ps1'
[48.371s] INFO:colcon.colcon_core.shell:Creating environment descriptor '/workspaces/TIAgo_humble/install/play_motion2/share/play_motion2/hook/ld_library_path_lib.dsv'
[48.371s] INFO:colcon.colcon_core.shell:Creating environment hook '/workspaces/TIAgo_humble/install/play_motion2/share/play_motion2/hook/ld_library_path_lib.sh'
[48.371s] Level 1:colcon.colcon_core.environment:checking '/workspaces/TIAgo_humble/install/play_motion2/bin'
[48.371s] Level 1:colcon.colcon_core.environment:checking '/workspaces/TIAgo_humble/install/play_motion2/lib/pkgconfig/play_motion2.pc'
[48.371s] Level 1:colcon.colcon_core.environment:checking '/workspaces/TIAgo_humble/install/play_motion2/lib/python3.10/site-packages'
[48.372s] Level 1:colcon.colcon_core.environment:checking '/workspaces/TIAgo_humble/install/play_motion2/bin'
[48.372s] INFO:colcon.colcon_core.shell:Creating package script '/workspaces/TIAgo_humble/install/play_motion2/share/play_motion2/package.ps1'
[48.372s] INFO:colcon.colcon_core.shell:Creating package descriptor '/workspaces/TIAgo_humble/install/play_motion2/share/play_motion2/package.dsv'
[48.372s] INFO:colcon.colcon_core.shell:Creating package script '/workspaces/TIAgo_humble/install/play_motion2/share/play_motion2/package.sh'
[48.373s] INFO:colcon.colcon_core.shell:Creating package script '/workspaces/TIAgo_humble/install/play_motion2/share/play_motion2/package.bash'
[48.373s] INFO:colcon.colcon_core.shell:Creating package script '/workspaces/TIAgo_humble/install/play_motion2/share/play_motion2/package.zsh'
[48.373s] Level 1:colcon.colcon_core.environment:create_file_with_runtime_dependencies(/workspaces/TIAgo_humble/install/play_motion2/share/colcon-core/packages/play_motion2)
[48.373s] Level 1:colcon.colcon_core.environment:create_environment_scripts_only(play_motion2)
[48.374s] Level 1:colcon.colcon_core.environment:checking '/workspaces/TIAgo_humble/install/play_motion2' for CMake module files
[48.374s] Level 1:colcon.colcon_core.environment:checking '/workspaces/TIAgo_humble/install/play_motion2' for CMake config files
[48.374s] Level 1:colcon.colcon_core.shell:create_environment_hook('play_motion2', 'cmake_prefix_path')
[48.374s] INFO:colcon.colcon_core.shell:Creating environment hook '/workspaces/TIAgo_humble/install/play_motion2/share/play_motion2/hook/cmake_prefix_path.ps1'
[48.374s] INFO:colcon.colcon_core.shell:Creating environment descriptor '/workspaces/TIAgo_humble/install/play_motion2/share/play_motion2/hook/cmake_prefix_path.dsv'
[48.375s] INFO:colcon.colcon_core.shell:Creating environment hook '/workspaces/TIAgo_humble/install/play_motion2/share/play_motion2/hook/cmake_prefix_path.sh'
[48.375s] Level 1:colcon.colcon_core.environment:checking '/workspaces/TIAgo_humble/install/play_motion2/lib'
[48.375s] Level 1:colcon.colcon_core.shell:create_environment_hook('play_motion2', 'ld_library_path_lib')
[48.375s] INFO:colcon.colcon_core.shell:Creating environment hook '/workspaces/TIAgo_humble/install/play_motion2/share/play_motion2/hook/ld_library_path_lib.ps1'
[48.376s] INFO:colcon.colcon_core.shell:Creating environment descriptor '/workspaces/TIAgo_humble/install/play_motion2/share/play_motion2/hook/ld_library_path_lib.dsv'
[48.376s] INFO:colcon.colcon_core.shell:Creating environment hook '/workspaces/TIAgo_humble/install/play_motion2/share/play_motion2/hook/ld_library_path_lib.sh'
[48.376s] Level 1:colcon.colcon_core.environment:checking '/workspaces/TIAgo_humble/install/play_motion2/bin'
[48.376s] Level 1:colcon.colcon_core.environment:checking '/workspaces/TIAgo_humble/install/play_motion2/lib/pkgconfig/play_motion2.pc'
[48.376s] Level 1:colcon.colcon_core.environment:checking '/workspaces/TIAgo_humble/install/play_motion2/lib/python3.10/site-packages'
[48.376s] Level 1:colcon.colcon_core.environment:checking '/workspaces/TIAgo_humble/install/play_motion2/bin'
[48.377s] INFO:colcon.colcon_core.shell:Creating package script '/workspaces/TIAgo_humble/install/play_motion2/share/play_motion2/package.ps1'
[48.377s] INFO:colcon.colcon_core.shell:Creating package descriptor '/workspaces/TIAgo_humble/install/play_motion2/share/play_motion2/package.dsv'
[48.377s] INFO:colcon.colcon_core.shell:Creating package script '/workspaces/TIAgo_humble/install/play_motion2/share/play_motion2/package.sh'
[48.378s] INFO:colcon.colcon_core.shell:Creating package script '/workspaces/TIAgo_humble/install/play_motion2/share/play_motion2/package.bash'
[48.378s] INFO:colcon.colcon_core.shell:Creating package script '/workspaces/TIAgo_humble/install/play_motion2/share/play_motion2/package.zsh'
[48.378s] Level 1:colcon.colcon_core.environment:create_file_with_runtime_dependencies(/workspaces/TIAgo_humble/install/play_motion2/share/colcon-core/packages/play_motion2)
[48.378s] INFO:colcon.colcon_ros.task.ament_python.build:Building ROS package in '/workspaces/TIAgo_humble/ros2_ws/src/play_motion2/play_motion2_cli' with build type 'ament_python'
[48.378s] Level 1:colcon.colcon_core.shell:create_environment_hook('play_motion2_cli', 'ament_prefix_path')
[48.379s] INFO:colcon.colcon_core.shell:Creating environment hook '/workspaces/TIAgo_humble/install/play_motion2_cli/share/play_motion2_cli/hook/ament_prefix_path.ps1'
[48.379s] INFO:colcon.colcon_core.shell:Creating environment descriptor '/workspaces/TIAgo_humble/install/play_motion2_cli/share/play_motion2_cli/hook/ament_prefix_path.dsv'
[48.379s] INFO:colcon.colcon_core.shell:Creating environment hook '/workspaces/TIAgo_humble/install/play_motion2_cli/share/play_motion2_cli/hook/ament_prefix_path.sh'
[48.380s] INFO:colcon.colcon_core.shell:Skip shell extension 'powershell' for command environment: Not usable outside of PowerShell
[48.380s] DEBUG:colcon.colcon_core.shell:Skip shell extension 'dsv' for command environment
[48.558s] INFO:colcon.colcon_core.task.python.build:Building Python package in '/workspaces/TIAgo_humble/ros2_ws/src/play_motion2/play_motion2_cli'
[48.558s] INFO:colcon.colcon_core.shell:Skip shell extension 'powershell' for command environment: Not usable outside of PowerShell
[48.558s] DEBUG:colcon.colcon_core.shell:Skip shell extension 'dsv' for command environment
[48.746s] DEBUG:colcon.colcon_core.task.python.build:Available setuptools commands: register, build, init_catalog, upload, rotate, dist_info, saveopts, setopt, build_py, bdist_dumb, bdist_rpm, develop, install_lib, bdist_egg, build_ext, easy_install, build_clib, build_scripts, alias, bdist, install_headers, install_egg_info, symlink_data, install, bdist_wheel, update_catalog, install_scripts, extract_messages, compile_catalog, egg_info, install_data, check, sdist, clean, test, upload_docs
[48.901s] DEBUG:colcon.colcon_core.task.python.build:Available setuptools 'develop' options: --install-dir, --record, --always-copy, --dry-run, --exclude-scripts, --editable, --find-links, --no-user-cfg, --egg-path, --no-find-links, --local-snapshots-ok, --upgrade, --site-dirs, --verbose, --always-unzip, --user, --no-deps, --optimize, --version, --script-dir, --prefix, --force-installation-into-system-dir, --build-directory, --index-url, --install-layout, --help, --uninstall, --quiet, --zip-ok, --allow-hosts, --multi-version
[48.903s] DEBUG:colcon.colcon_core.event_handler.log_command:Invoking command in '/workspaces/TIAgo_humble/build/play_motion2_cli': AMENT_PREFIX_PATH=/workspaces/TIAgo_humble/install/play_motion2:/workspaces/TIAgo_humble/install/play_motion2_msgs:${AMENT_PREFIX_PATH} CMAKE_PREFIX_PATH=/workspaces/TIAgo_humble/install/play_motion2:/workspaces/TIAgo_humble/install/play_motion2_msgs LD_LIBRARY_PATH=/workspaces/TIAgo_humble/install/play_motion2/lib:/workspaces/TIAgo_humble/install/play_motion2_msgs/lib:/usr/lib/x86_64-linux-gnu/gazebo-11/plugins:/opt/ros/humble/opt/rviz_ogre_vendor/lib:/opt/ros/humble/lib/x86_64-linux-gnu:/opt/ros/humble/lib:/usr/lib/x86_64-linux-gnu/gazebo-11/plugins PYTHONPATH=/workspaces/TIAgo_humble/build/play_motion2_cli/prefix_override:/usr/lib/python3/dist-packages/colcon_core/task/python/colcon_distutils_commands:/workspaces/TIAgo_humble/install/play_motion2_cli/lib/python3.10/site-packages:/workspaces/TIAgo_humble/install/play_motion2/local/lib/python3.10/dist-packages:/workspaces/TIAgo_humble/install/play_motion2_msgs/local/lib/python3.10/dist-packages:${PYTHONPATH} /usr/bin/python3 -W ignore:setup.py install is deprecated -W ignore:easy_install command is deprecated setup.py develop --editable --build-directory /workspaces/TIAgo_humble/build/play_motion2_cli/build --no-deps symlink_data
[49.141s] Level 1:colcon.colcon_core.shell:create_environment_hook('play_motion2_cli', 'pythonpath_develop')
[49.141s] INFO:colcon.colcon_core.shell:Creating environment hook '/workspaces/TIAgo_humble/build/play_motion2_cli/share/play_motion2_cli/hook/pythonpath_develop.ps1'
[49.141s] DEBUG:colcon.colcon_core.event_handler.log_command:Invoked command in '/workspaces/TIAgo_humble/build/play_motion2_cli' returned '0': AMENT_PREFIX_PATH=/workspaces/TIAgo_humble/install/play_motion2:/workspaces/TIAgo_humble/install/play_motion2_msgs:${AMENT_PREFIX_PATH} CMAKE_PREFIX_PATH=/workspaces/TIAgo_humble/install/play_motion2:/workspaces/TIAgo_humble/install/play_motion2_msgs LD_LIBRARY_PATH=/workspaces/TIAgo_humble/install/play_motion2/lib:/workspaces/TIAgo_humble/install/play_motion2_msgs/lib:/usr/lib/x86_64-linux-gnu/gazebo-11/plugins:/opt/ros/humble/opt/rviz_ogre_vendor/lib:/opt/ros/humble/lib/x86_64-linux-gnu:/opt/ros/humble/lib:/usr/lib/x86_64-linux-gnu/gazebo-11/plugins PYTHONPATH=/workspaces/TIAgo_humble/build/play_motion2_cli/prefix_override:/usr/lib/python3/dist-packages/colcon_core/task/python/colcon_distutils_commands:/workspaces/TIAgo_humble/install/play_motion2_cli/lib/python3.10/site-packages:/workspaces/TIAgo_humble/install/play_motion2/local/lib/python3.10/dist-packages:/workspaces/TIAgo_humble/install/play_motion2_msgs/local/lib/python3.10/dist-packages:${PYTHONPATH} /usr/bin/python3 -W ignore:setup.py install is deprecated -W ignore:easy_install command is deprecated setup.py develop --editable --build-directory /workspaces/TIAgo_humble/build/play_motion2_cli/build --no-deps symlink_data
[49.142s] INFO:colcon.colcon_core.shell:Creating environment descriptor '/workspaces/TIAgo_humble/build/play_motion2_cli/share/play_motion2_cli/hook/pythonpath_develop.dsv'
[49.142s] INFO:colcon.colcon_core.shell:Creating environment hook '/workspaces/TIAgo_humble/build/play_motion2_cli/share/play_motion2_cli/hook/pythonpath_develop.sh'
[49.143s] Level 1:colcon.colcon_core.environment:checking '/workspaces/TIAgo_humble/install/play_motion2_cli' for CMake module files
[49.143s] Level 1:colcon.colcon_core.environment:checking '/workspaces/TIAgo_humble/install/play_motion2_cli' for CMake config files
[49.143s] Level 1:colcon.colcon_core.environment:checking '/workspaces/TIAgo_humble/install/play_motion2_cli/lib'
[49.143s] Level 1:colcon.colcon_core.environment:checking '/workspaces/TIAgo_humble/install/play_motion2_cli/bin'
[49.143s] Level 1:colcon.colcon_core.environment:checking '/workspaces/TIAgo_humble/install/play_motion2_cli/lib/pkgconfig/play_motion2_cli.pc'
[49.143s] Level 1:colcon.colcon_core.environment:checking '/workspaces/TIAgo_humble/install/play_motion2_cli/lib/python3.10/site-packages'
[49.143s] Level 1:colcon.colcon_core.shell:create_environment_hook('play_motion2_cli', 'pythonpath')
[49.144s] INFO:colcon.colcon_core.shell:Creating environment hook '/workspaces/TIAgo_humble/install/play_motion2_cli/share/play_motion2_cli/hook/pythonpath.ps1'
[49.144s] INFO:colcon.colcon_core.shell:Creating environment descriptor '/workspaces/TIAgo_humble/install/play_motion2_cli/share/play_motion2_cli/hook/pythonpath.dsv'
[49.144s] INFO:colcon.colcon_core.shell:Creating environment hook '/workspaces/TIAgo_humble/install/play_motion2_cli/share/play_motion2_cli/hook/pythonpath.sh'
[49.144s] Level 1:colcon.colcon_core.environment:checking '/workspaces/TIAgo_humble/install/play_motion2_cli/bin'
[49.144s] Level 1:colcon.colcon_core.environment:create_environment_scripts_only(play_motion2_cli)
[49.145s] INFO:colcon.colcon_core.shell:Creating package script '/workspaces/TIAgo_humble/install/play_motion2_cli/share/play_motion2_cli/package.ps1'
[49.145s] INFO:colcon.colcon_core.shell:Creating package descriptor '/workspaces/TIAgo_humble/install/play_motion2_cli/share/play_motion2_cli/package.dsv'
[49.145s] INFO:colcon.colcon_core.shell:Creating package script '/workspaces/TIAgo_humble/install/play_motion2_cli/share/play_motion2_cli/package.sh'
[49.146s] INFO:colcon.colcon_core.shell:Creating package script '/workspaces/TIAgo_humble/install/play_motion2_cli/share/play_motion2_cli/package.bash'
[49.146s] INFO:colcon.colcon_core.shell:Creating package script '/workspaces/TIAgo_humble/install/play_motion2_cli/share/play_motion2_cli/package.zsh'
[49.146s] Level 1:colcon.colcon_core.environment:create_file_with_runtime_dependencies(/workspaces/TIAgo_humble/install/play_motion2_cli/share/colcon-core/packages/play_motion2_cli)
[49.147s] INFO:colcon.colcon_ros.task.ament_cmake.build:Building ROS package in '/workspaces/TIAgo_humble/ros2_ws/src/tiago_robot/tiago_bringup' with build type 'ament_cmake'
[49.147s] INFO:colcon.colcon_cmake.task.cmake.build:Building CMake package in '/workspaces/TIAgo_humble/ros2_ws/src/tiago_robot/tiago_bringup'
[49.147s] INFO:colcon.colcon_core.shell:Skip shell extension 'powershell' for command environment: Not usable outside of PowerShell
[49.147s] DEBUG:colcon.colcon_core.shell:Skip shell extension 'dsv' for command environment
[49.165s] DEBUG:colcon.colcon_core.event_handler.log_command:Invoking command in '/workspaces/TIAgo_humble/build/tiago_bringup': AMENT_PREFIX_PATH=/workspaces/TIAgo_humble/install/tiago_description:/workspaces/TIAgo_humble/install/tiago_controller_configuration:/workspaces/TIAgo_humble/install/play_motion2_cli:/workspaces/TIAgo_humble/install/pmb2_description:/workspaces/TIAgo_humble/install/pmb2_controller_configuration:/workspaces/TIAgo_humble/install/play_motion2:/workspaces/TIAgo_humble/install/pal_hey5_description:/workspaces/TIAgo_humble/install/pal_gripper_description:/workspaces/TIAgo_humble/install/omni_base_description:/workspaces/TIAgo_humble/install/play_motion2_msgs:/workspaces/TIAgo_humble/install/pal_urdf_utils:/workspaces/TIAgo_humble/install/pal_robotiq_description:/workspaces/TIAgo_humble/install/pal_robotiq_controller_configuration:/workspaces/TIAgo_humble/install/pal_hey5_controller_configuration:/workspaces/TIAgo_humble/install/pal_gripper_controller_configuration:/workspaces/TIAgo_humble/install/omni_base_controller_configuration:/workspaces/TIAgo_humble/install/launch_pal:${AMENT_PREFIX_PATH} CMAKE_PREFIX_PATH=/workspaces/TIAgo_humble/install/tiago_description:/workspaces/TIAgo_humble/install/tiago_controller_configuration:/workspaces/TIAgo_humble/install/pmb2_description:/workspaces/TIAgo_humble/install/pmb2_controller_configuration:/workspaces/TIAgo_humble/install/play_motion2:/workspaces/TIAgo_humble/install/pal_hey5_description:/workspaces/TIAgo_humble/install/pal_gripper_description:/workspaces/TIAgo_humble/install/omni_base_description:/workspaces/TIAgo_humble/install/play_motion2_msgs:/workspaces/TIAgo_humble/install/pal_urdf_utils:/workspaces/TIAgo_humble/install/pal_robotiq_description:/workspaces/TIAgo_humble/install/pal_robotiq_controller_configuration:/workspaces/TIAgo_humble/install/pal_hey5_controller_configuration:/workspaces/TIAgo_humble/install/pal_gripper_controller_configuration:/workspaces/TIAgo_humble/install/omni_base_controller_configuration:/opt/ros/humble LD_LIBRARY_PATH=/workspaces/TIAgo_humble/install/play_motion2/lib:/workspaces/TIAgo_humble/install/play_motion2_msgs/lib:/usr/lib/x86_64-linux-gnu/gazebo-11/plugins:/opt/ros/humble/opt/rviz_ogre_vendor/lib:/opt/ros/humble/lib/x86_64-linux-gnu:/opt/ros/humble/lib:/usr/lib/x86_64-linux-gnu/gazebo-11/plugins PYTHONPATH=/workspaces/TIAgo_humble/install/tiago_description/local/lib/python3.10/dist-packages:/workspaces/TIAgo_humble/build/play_motion2_cli:/workspaces/TIAgo_humble/install/play_motion2_cli/lib/python3.10/site-packages:/workspaces/TIAgo_humble/install/pmb2_description/local/lib/python3.10/dist-packages:/workspaces/TIAgo_humble/install/play_motion2/local/lib/python3.10/dist-packages:/workspaces/TIAgo_humble/install/omni_base_description/local/lib/python3.10/dist-packages:/workspaces/TIAgo_humble/install/play_motion2_msgs/local/lib/python3.10/dist-packages:/workspaces/TIAgo_humble/build/launch_pal:/workspaces/TIAgo_humble/install/launch_pal/lib/python3.10/site-packages:${PYTHONPATH} /usr/bin/cmake /workspaces/TIAgo_humble/ros2_ws/src/tiago_robot/tiago_bringup -DCMAKE_BUILD_TYPE=Release -DAMENT_CMAKE_SYMLINK_INSTALL=1 -DCMAKE_INSTALL_PREFIX=/workspaces/TIAgo_humble/install/tiago_bringup
[49.689s] DEBUG:colcon.colcon_core.event_handler.log_command:Invoked command in '/workspaces/TIAgo_humble/build/tiago_bringup' returned '0': AMENT_PREFIX_PATH=/workspaces/TIAgo_humble/install/tiago_description:/workspaces/TIAgo_humble/install/tiago_controller_configuration:/workspaces/TIAgo_humble/install/play_motion2_cli:/workspaces/TIAgo_humble/install/pmb2_description:/workspaces/TIAgo_humble/install/pmb2_controller_configuration:/workspaces/TIAgo_humble/install/play_motion2:/workspaces/TIAgo_humble/install/pal_hey5_description:/workspaces/TIAgo_humble/install/pal_gripper_description:/workspaces/TIAgo_humble/install/omni_base_description:/workspaces/TIAgo_humble/install/play_motion2_msgs:/workspaces/TIAgo_humble/install/pal_urdf_utils:/workspaces/TIAgo_humble/install/pal_robotiq_description:/workspaces/TIAgo_humble/install/pal_robotiq_controller_configuration:/workspaces/TIAgo_humble/install/pal_hey5_controller_configuration:/workspaces/TIAgo_humble/install/pal_gripper_controller_configuration:/workspaces/TIAgo_humble/install/omni_base_controller_configuration:/workspaces/TIAgo_humble/install/launch_pal:${AMENT_PREFIX_PATH} CMAKE_PREFIX_PATH=/workspaces/TIAgo_humble/install/tiago_description:/workspaces/TIAgo_humble/install/tiago_controller_configuration:/workspaces/TIAgo_humble/install/pmb2_description:/workspaces/TIAgo_humble/install/pmb2_controller_configuration:/workspaces/TIAgo_humble/install/play_motion2:/workspaces/TIAgo_humble/install/pal_hey5_description:/workspaces/TIAgo_humble/install/pal_gripper_description:/workspaces/TIAgo_humble/install/omni_base_description:/workspaces/TIAgo_humble/install/play_motion2_msgs:/workspaces/TIAgo_humble/install/pal_urdf_utils:/workspaces/TIAgo_humble/install/pal_robotiq_description:/workspaces/TIAgo_humble/install/pal_robotiq_controller_configuration:/workspaces/TIAgo_humble/install/pal_hey5_controller_configuration:/workspaces/TIAgo_humble/install/pal_gripper_controller_configuration:/workspaces/TIAgo_humble/install/omni_base_controller_configuration:/opt/ros/humble LD_LIBRARY_PATH=/workspaces/TIAgo_humble/install/play_motion2/lib:/workspaces/TIAgo_humble/install/play_motion2_msgs/lib:/usr/lib/x86_64-linux-gnu/gazebo-11/plugins:/opt/ros/humble/opt/rviz_ogre_vendor/lib:/opt/ros/humble/lib/x86_64-linux-gnu:/opt/ros/humble/lib:/usr/lib/x86_64-linux-gnu/gazebo-11/plugins PYTHONPATH=/workspaces/TIAgo_humble/install/tiago_description/local/lib/python3.10/dist-packages:/workspaces/TIAgo_humble/build/play_motion2_cli:/workspaces/TIAgo_humble/install/play_motion2_cli/lib/python3.10/site-packages:/workspaces/TIAgo_humble/install/pmb2_description/local/lib/python3.10/dist-packages:/workspaces/TIAgo_humble/install/play_motion2/local/lib/python3.10/dist-packages:/workspaces/TIAgo_humble/install/omni_base_description/local/lib/python3.10/dist-packages:/workspaces/TIAgo_humble/install/play_motion2_msgs/local/lib/python3.10/dist-packages:/workspaces/TIAgo_humble/build/launch_pal:/workspaces/TIAgo_humble/install/launch_pal/lib/python3.10/site-packages:${PYTHONPATH} /usr/bin/cmake /workspaces/TIAgo_humble/ros2_ws/src/tiago_robot/tiago_bringup -DCMAKE_BUILD_TYPE=Release -DAMENT_CMAKE_SYMLINK_INSTALL=1 -DCMAKE_INSTALL_PREFIX=/workspaces/TIAgo_humble/install/tiago_bringup
[49.690s] DEBUG:colcon.colcon_core.event_handler.log_command:Invoking command in '/workspaces/TIAgo_humble/build/tiago_bringup': AMENT_PREFIX_PATH=/workspaces/TIAgo_humble/install/tiago_description:/workspaces/TIAgo_humble/install/tiago_controller_configuration:/workspaces/TIAgo_humble/install/play_motion2_cli:/workspaces/TIAgo_humble/install/pmb2_description:/workspaces/TIAgo_humble/install/pmb2_controller_configuration:/workspaces/TIAgo_humble/install/play_motion2:/workspaces/TIAgo_humble/install/pal_hey5_description:/workspaces/TIAgo_humble/install/pal_gripper_description:/workspaces/TIAgo_humble/install/omni_base_description:/workspaces/TIAgo_humble/install/play_motion2_msgs:/workspaces/TIAgo_humble/install/pal_urdf_utils:/workspaces/TIAgo_humble/install/pal_robotiq_description:/workspaces/TIAgo_humble/install/pal_robotiq_controller_configuration:/workspaces/TIAgo_humble/install/pal_hey5_controller_configuration:/workspaces/TIAgo_humble/install/pal_gripper_controller_configuration:/workspaces/TIAgo_humble/install/omni_base_controller_configuration:/workspaces/TIAgo_humble/install/launch_pal:${AMENT_PREFIX_PATH} CMAKE_PREFIX_PATH=/workspaces/TIAgo_humble/install/tiago_description:/workspaces/TIAgo_humble/install/tiago_controller_configuration:/workspaces/TIAgo_humble/install/pmb2_description:/workspaces/TIAgo_humble/install/pmb2_controller_configuration:/workspaces/TIAgo_humble/install/play_motion2:/workspaces/TIAgo_humble/install/pal_hey5_description:/workspaces/TIAgo_humble/install/pal_gripper_description:/workspaces/TIAgo_humble/install/omni_base_description:/workspaces/TIAgo_humble/install/play_motion2_msgs:/workspaces/TIAgo_humble/install/pal_urdf_utils:/workspaces/TIAgo_humble/install/pal_robotiq_description:/workspaces/TIAgo_humble/install/pal_robotiq_controller_configuration:/workspaces/TIAgo_humble/install/pal_hey5_controller_configuration:/workspaces/TIAgo_humble/install/pal_gripper_controller_configuration:/workspaces/TIAgo_humble/install/omni_base_controller_configuration:/opt/ros/humble LD_LIBRARY_PATH=/workspaces/TIAgo_humble/install/play_motion2/lib:/workspaces/TIAgo_humble/install/play_motion2_msgs/lib:/usr/lib/x86_64-linux-gnu/gazebo-11/plugins:/opt/ros/humble/opt/rviz_ogre_vendor/lib:/opt/ros/humble/lib/x86_64-linux-gnu:/opt/ros/humble/lib:/usr/lib/x86_64-linux-gnu/gazebo-11/plugins PYTHONPATH=/workspaces/TIAgo_humble/install/tiago_description/local/lib/python3.10/dist-packages:/workspaces/TIAgo_humble/build/play_motion2_cli:/workspaces/TIAgo_humble/install/play_motion2_cli/lib/python3.10/site-packages:/workspaces/TIAgo_humble/install/pmb2_description/local/lib/python3.10/dist-packages:/workspaces/TIAgo_humble/install/play_motion2/local/lib/python3.10/dist-packages:/workspaces/TIAgo_humble/install/omni_base_description/local/lib/python3.10/dist-packages:/workspaces/TIAgo_humble/install/play_motion2_msgs/local/lib/python3.10/dist-packages:/workspaces/TIAgo_humble/build/launch_pal:/workspaces/TIAgo_humble/install/launch_pal/lib/python3.10/site-packages:${PYTHONPATH} /usr/bin/cmake --build /workspaces/TIAgo_humble/build/tiago_bringup -- -j24 -l24
[49.724s] DEBUG:colcon.colcon_core.event_handler.log_command:Invoked command in '/workspaces/TIAgo_humble/build/tiago_bringup' returned '0': AMENT_PREFIX_PATH=/workspaces/TIAgo_humble/install/tiago_description:/workspaces/TIAgo_humble/install/tiago_controller_configuration:/workspaces/TIAgo_humble/install/play_motion2_cli:/workspaces/TIAgo_humble/install/pmb2_description:/workspaces/TIAgo_humble/install/pmb2_controller_configuration:/workspaces/TIAgo_humble/install/play_motion2:/workspaces/TIAgo_humble/install/pal_hey5_description:/workspaces/TIAgo_humble/install/pal_gripper_description:/workspaces/TIAgo_humble/install/omni_base_description:/workspaces/TIAgo_humble/install/play_motion2_msgs:/workspaces/TIAgo_humble/install/pal_urdf_utils:/workspaces/TIAgo_humble/install/pal_robotiq_description:/workspaces/TIAgo_humble/install/pal_robotiq_controller_configuration:/workspaces/TIAgo_humble/install/pal_hey5_controller_configuration:/workspaces/TIAgo_humble/install/pal_gripper_controller_configuration:/workspaces/TIAgo_humble/install/omni_base_controller_configuration:/workspaces/TIAgo_humble/install/launch_pal:${AMENT_PREFIX_PATH} CMAKE_PREFIX_PATH=/workspaces/TIAgo_humble/install/tiago_description:/workspaces/TIAgo_humble/install/tiago_controller_configuration:/workspaces/TIAgo_humble/install/pmb2_description:/workspaces/TIAgo_humble/install/pmb2_controller_configuration:/workspaces/TIAgo_humble/install/play_motion2:/workspaces/TIAgo_humble/install/pal_hey5_description:/workspaces/TIAgo_humble/install/pal_gripper_description:/workspaces/TIAgo_humble/install/omni_base_description:/workspaces/TIAgo_humble/install/play_motion2_msgs:/workspaces/TIAgo_humble/install/pal_urdf_utils:/workspaces/TIAgo_humble/install/pal_robotiq_description:/workspaces/TIAgo_humble/install/pal_robotiq_controller_configuration:/workspaces/TIAgo_humble/install/pal_hey5_controller_configuration:/workspaces/TIAgo_humble/install/pal_gripper_controller_configuration:/workspaces/TIAgo_humble/install/omni_base_controller_configuration:/opt/ros/humble LD_LIBRARY_PATH=/workspaces/TIAgo_humble/install/play_motion2/lib:/workspaces/TIAgo_humble/install/play_motion2_msgs/lib:/usr/lib/x86_64-linux-gnu/gazebo-11/plugins:/opt/ros/humble/opt/rviz_ogre_vendor/lib:/opt/ros/humble/lib/x86_64-linux-gnu:/opt/ros/humble/lib:/usr/lib/x86_64-linux-gnu/gazebo-11/plugins PYTHONPATH=/workspaces/TIAgo_humble/install/tiago_description/local/lib/python3.10/dist-packages:/workspaces/TIAgo_humble/build/play_motion2_cli:/workspaces/TIAgo_humble/install/play_motion2_cli/lib/python3.10/site-packages:/workspaces/TIAgo_humble/install/pmb2_description/local/lib/python3.10/dist-packages:/workspaces/TIAgo_humble/install/play_motion2/local/lib/python3.10/dist-packages:/workspaces/TIAgo_humble/install/omni_base_description/local/lib/python3.10/dist-packages:/workspaces/TIAgo_humble/install/play_motion2_msgs/local/lib/python3.10/dist-packages:/workspaces/TIAgo_humble/build/launch_pal:/workspaces/TIAgo_humble/install/launch_pal/lib/python3.10/site-packages:${PYTHONPATH} /usr/bin/cmake --build /workspaces/TIAgo_humble/build/tiago_bringup -- -j24 -l24
[49.725s] DEBUG:colcon.colcon_core.event_handler.log_command:Invoking command in '/workspaces/TIAgo_humble/build/tiago_bringup': AMENT_PREFIX_PATH=/workspaces/TIAgo_humble/install/tiago_description:/workspaces/TIAgo_humble/install/tiago_controller_configuration:/workspaces/TIAgo_humble/install/play_motion2_cli:/workspaces/TIAgo_humble/install/pmb2_description:/workspaces/TIAgo_humble/install/pmb2_controller_configuration:/workspaces/TIAgo_humble/install/play_motion2:/workspaces/TIAgo_humble/install/pal_hey5_description:/workspaces/TIAgo_humble/install/pal_gripper_description:/workspaces/TIAgo_humble/install/omni_base_description:/workspaces/TIAgo_humble/install/play_motion2_msgs:/workspaces/TIAgo_humble/install/pal_urdf_utils:/workspaces/TIAgo_humble/install/pal_robotiq_description:/workspaces/TIAgo_humble/install/pal_robotiq_controller_configuration:/workspaces/TIAgo_humble/install/pal_hey5_controller_configuration:/workspaces/TIAgo_humble/install/pal_gripper_controller_configuration:/workspaces/TIAgo_humble/install/omni_base_controller_configuration:/workspaces/TIAgo_humble/install/launch_pal:${AMENT_PREFIX_PATH} CMAKE_PREFIX_PATH=/workspaces/TIAgo_humble/install/tiago_description:/workspaces/TIAgo_humble/install/tiago_controller_configuration:/workspaces/TIAgo_humble/install/pmb2_description:/workspaces/TIAgo_humble/install/pmb2_controller_configuration:/workspaces/TIAgo_humble/install/play_motion2:/workspaces/TIAgo_humble/install/pal_hey5_description:/workspaces/TIAgo_humble/install/pal_gripper_description:/workspaces/TIAgo_humble/install/omni_base_description:/workspaces/TIAgo_humble/install/play_motion2_msgs:/workspaces/TIAgo_humble/install/pal_urdf_utils:/workspaces/TIAgo_humble/install/pal_robotiq_description:/workspaces/TIAgo_humble/install/pal_robotiq_controller_configuration:/workspaces/TIAgo_humble/install/pal_hey5_controller_configuration:/workspaces/TIAgo_humble/install/pal_gripper_controller_configuration:/workspaces/TIAgo_humble/install/omni_base_controller_configuration:/opt/ros/humble LD_LIBRARY_PATH=/workspaces/TIAgo_humble/install/play_motion2/lib:/workspaces/TIAgo_humble/install/play_motion2_msgs/lib:/usr/lib/x86_64-linux-gnu/gazebo-11/plugins:/opt/ros/humble/opt/rviz_ogre_vendor/lib:/opt/ros/humble/lib/x86_64-linux-gnu:/opt/ros/humble/lib:/usr/lib/x86_64-linux-gnu/gazebo-11/plugins PYTHONPATH=/workspaces/TIAgo_humble/install/tiago_description/local/lib/python3.10/dist-packages:/workspaces/TIAgo_humble/build/play_motion2_cli:/workspaces/TIAgo_humble/install/play_motion2_cli/lib/python3.10/site-packages:/workspaces/TIAgo_humble/install/pmb2_description/local/lib/python3.10/dist-packages:/workspaces/TIAgo_humble/install/play_motion2/local/lib/python3.10/dist-packages:/workspaces/TIAgo_humble/install/omni_base_description/local/lib/python3.10/dist-packages:/workspaces/TIAgo_humble/install/play_motion2_msgs/local/lib/python3.10/dist-packages:/workspaces/TIAgo_humble/build/launch_pal:/workspaces/TIAgo_humble/install/launch_pal/lib/python3.10/site-packages:${PYTHONPATH} /usr/bin/cmake --install /workspaces/TIAgo_humble/build/tiago_bringup
[50.019s] Level 1:colcon.colcon_core.environment:create_environment_scripts_only(tiago_bringup)
[50.020s] Level 1:colcon.colcon_core.environment:checking '/workspaces/TIAgo_humble/install/tiago_bringup' for CMake module files
[50.020s] DEBUG:colcon.colcon_core.event_handler.log_command:Invoked command in '/workspaces/TIAgo_humble/build/tiago_bringup' returned '0': AMENT_PREFIX_PATH=/workspaces/TIAgo_humble/install/tiago_description:/workspaces/TIAgo_humble/install/tiago_controller_configuration:/workspaces/TIAgo_humble/install/play_motion2_cli:/workspaces/TIAgo_humble/install/pmb2_description:/workspaces/TIAgo_humble/install/pmb2_controller_configuration:/workspaces/TIAgo_humble/install/play_motion2:/workspaces/TIAgo_humble/install/pal_hey5_description:/workspaces/TIAgo_humble/install/pal_gripper_description:/workspaces/TIAgo_humble/install/omni_base_description:/workspaces/TIAgo_humble/install/play_motion2_msgs:/workspaces/TIAgo_humble/install/pal_urdf_utils:/workspaces/TIAgo_humble/install/pal_robotiq_description:/workspaces/TIAgo_humble/install/pal_robotiq_controller_configuration:/workspaces/TIAgo_humble/install/pal_hey5_controller_configuration:/workspaces/TIAgo_humble/install/pal_gripper_controller_configuration:/workspaces/TIAgo_humble/install/omni_base_controller_configuration:/workspaces/TIAgo_humble/install/launch_pal:${AMENT_PREFIX_PATH} CMAKE_PREFIX_PATH=/workspaces/TIAgo_humble/install/tiago_description:/workspaces/TIAgo_humble/install/tiago_controller_configuration:/workspaces/TIAgo_humble/install/pmb2_description:/workspaces/TIAgo_humble/install/pmb2_controller_configuration:/workspaces/TIAgo_humble/install/play_motion2:/workspaces/TIAgo_humble/install/pal_hey5_description:/workspaces/TIAgo_humble/install/pal_gripper_description:/workspaces/TIAgo_humble/install/omni_base_description:/workspaces/TIAgo_humble/install/play_motion2_msgs:/workspaces/TIAgo_humble/install/pal_urdf_utils:/workspaces/TIAgo_humble/install/pal_robotiq_description:/workspaces/TIAgo_humble/install/pal_robotiq_controller_configuration:/workspaces/TIAgo_humble/install/pal_hey5_controller_configuration:/workspaces/TIAgo_humble/install/pal_gripper_controller_configuration:/workspaces/TIAgo_humble/install/omni_base_controller_configuration:/opt/ros/humble LD_LIBRARY_PATH=/workspaces/TIAgo_humble/install/play_motion2/lib:/workspaces/TIAgo_humble/install/play_motion2_msgs/lib:/usr/lib/x86_64-linux-gnu/gazebo-11/plugins:/opt/ros/humble/opt/rviz_ogre_vendor/lib:/opt/ros/humble/lib/x86_64-linux-gnu:/opt/ros/humble/lib:/usr/lib/x86_64-linux-gnu/gazebo-11/plugins PYTHONPATH=/workspaces/TIAgo_humble/install/tiago_description/local/lib/python3.10/dist-packages:/workspaces/TIAgo_humble/build/play_motion2_cli:/workspaces/TIAgo_humble/install/play_motion2_cli/lib/python3.10/site-packages:/workspaces/TIAgo_humble/install/pmb2_description/local/lib/python3.10/dist-packages:/workspaces/TIAgo_humble/install/play_motion2/local/lib/python3.10/dist-packages:/workspaces/TIAgo_humble/install/omni_base_description/local/lib/python3.10/dist-packages:/workspaces/TIAgo_humble/install/play_motion2_msgs/local/lib/python3.10/dist-packages:/workspaces/TIAgo_humble/build/launch_pal:/workspaces/TIAgo_humble/install/launch_pal/lib/python3.10/site-packages:${PYTHONPATH} /usr/bin/cmake --install /workspaces/TIAgo_humble/build/tiago_bringup
[50.020s] Level 1:colcon.colcon_core.environment:checking '/workspaces/TIAgo_humble/install/tiago_bringup' for CMake config files
[50.020s] Level 1:colcon.colcon_core.shell:create_environment_hook('tiago_bringup', 'cmake_prefix_path')
[50.020s] INFO:colcon.colcon_core.shell:Creating environment hook '/workspaces/TIAgo_humble/install/tiago_bringup/share/tiago_bringup/hook/cmake_prefix_path.ps1'
[50.021s] INFO:colcon.colcon_core.shell:Creating environment descriptor '/workspaces/TIAgo_humble/install/tiago_bringup/share/tiago_bringup/hook/cmake_prefix_path.dsv'
[50.021s] INFO:colcon.colcon_core.shell:Creating environment hook '/workspaces/TIAgo_humble/install/tiago_bringup/share/tiago_bringup/hook/cmake_prefix_path.sh'
[50.021s] Level 1:colcon.colcon_core.environment:checking '/workspaces/TIAgo_humble/install/tiago_bringup/lib'
[50.021s] Level 1:colcon.colcon_core.environment:checking '/workspaces/TIAgo_humble/install/tiago_bringup/bin'
[50.021s] Level 1:colcon.colcon_core.environment:checking '/workspaces/TIAgo_humble/install/tiago_bringup/lib/pkgconfig/tiago_bringup.pc'
[50.021s] Level 1:colcon.colcon_core.environment:checking '/workspaces/TIAgo_humble/install/tiago_bringup/lib/python3.10/site-packages'
[50.022s] Level 1:colcon.colcon_core.environment:checking '/workspaces/TIAgo_humble/install/tiago_bringup/bin'
[50.022s] INFO:colcon.colcon_core.shell:Creating package script '/workspaces/TIAgo_humble/install/tiago_bringup/share/tiago_bringup/package.ps1'
[50.022s] INFO:colcon.colcon_core.shell:Creating package descriptor '/workspaces/TIAgo_humble/install/tiago_bringup/share/tiago_bringup/package.dsv'
[50.022s] INFO:colcon.colcon_core.shell:Creating package script '/workspaces/TIAgo_humble/install/tiago_bringup/share/tiago_bringup/package.sh'
[50.023s] INFO:colcon.colcon_core.shell:Creating package script '/workspaces/TIAgo_humble/install/tiago_bringup/share/tiago_bringup/package.bash'
[50.023s] INFO:colcon.colcon_core.shell:Creating package script '/workspaces/TIAgo_humble/install/tiago_bringup/share/tiago_bringup/package.zsh'
[50.023s] Level 1:colcon.colcon_core.environment:create_file_with_runtime_dependencies(/workspaces/TIAgo_humble/install/tiago_bringup/share/colcon-core/packages/tiago_bringup)
[50.023s] Level 1:colcon.colcon_core.environment:create_environment_scripts_only(tiago_bringup)
[50.023s] Level 1:colcon.colcon_core.environment:checking '/workspaces/TIAgo_humble/install/tiago_bringup' for CMake module files
[50.024s] Level 1:colcon.colcon_core.environment:checking '/workspaces/TIAgo_humble/install/tiago_bringup' for CMake config files
[50.024s] Level 1:colcon.colcon_core.shell:create_environment_hook('tiago_bringup', 'cmake_prefix_path')
[50.024s] INFO:colcon.colcon_core.shell:Creating environment hook '/workspaces/TIAgo_humble/install/tiago_bringup/share/tiago_bringup/hook/cmake_prefix_path.ps1'
[50.024s] INFO:colcon.colcon_core.shell:Creating environment descriptor '/workspaces/TIAgo_humble/install/tiago_bringup/share/tiago_bringup/hook/cmake_prefix_path.dsv'
[50.024s] INFO:colcon.colcon_core.shell:Creating environment hook '/workspaces/TIAgo_humble/install/tiago_bringup/share/tiago_bringup/hook/cmake_prefix_path.sh'
[50.025s] Level 1:colcon.colcon_core.environment:checking '/workspaces/TIAgo_humble/install/tiago_bringup/lib'
[50.025s] Level 1:colcon.colcon_core.environment:checking '/workspaces/TIAgo_humble/install/tiago_bringup/bin'
[50.025s] Level 1:colcon.colcon_core.environment:checking '/workspaces/TIAgo_humble/install/tiago_bringup/lib/pkgconfig/tiago_bringup.pc'
[50.025s] Level 1:colcon.colcon_core.environment:checking '/workspaces/TIAgo_humble/install/tiago_bringup/lib/python3.10/site-packages'
[50.025s] Level 1:colcon.colcon_core.environment:checking '/workspaces/TIAgo_humble/install/tiago_bringup/bin'
[50.025s] INFO:colcon.colcon_core.shell:Creating package script '/workspaces/TIAgo_humble/install/tiago_bringup/share/tiago_bringup/package.ps1'
[50.026s] INFO:colcon.colcon_core.shell:Creating package descriptor '/workspaces/TIAgo_humble/install/tiago_bringup/share/tiago_bringup/package.dsv'
[50.026s] INFO:colcon.colcon_core.shell:Creating package script '/workspaces/TIAgo_humble/install/tiago_bringup/share/tiago_bringup/package.sh'
[50.026s] INFO:colcon.colcon_core.shell:Creating package script '/workspaces/TIAgo_humble/install/tiago_bringup/share/tiago_bringup/package.bash'
[50.027s] INFO:colcon.colcon_core.shell:Creating package script '/workspaces/TIAgo_humble/install/tiago_bringup/share/tiago_bringup/package.zsh'
[50.027s] Level 1:colcon.colcon_core.environment:create_file_with_runtime_dependencies(/workspaces/TIAgo_humble/install/tiago_bringup/share/colcon-core/packages/tiago_bringup)
[50.027s] INFO:colcon.colcon_ros.task.ament_cmake.build:Building ROS package in '/workspaces/TIAgo_humble/ros2_ws/src/tiago_robot/tiago_robot' with build type 'ament_cmake'
[50.027s] INFO:colcon.colcon_cmake.task.cmake.build:Building CMake package in '/workspaces/TIAgo_humble/ros2_ws/src/tiago_robot/tiago_robot'
[50.028s] INFO:colcon.colcon_core.shell:Skip shell extension 'powershell' for command environment: Not usable outside of PowerShell
[50.028s] DEBUG:colcon.colcon_core.shell:Skip shell extension 'dsv' for command environment
[50.043s] DEBUG:colcon.colcon_core.event_handler.log_command:Invoking command in '/workspaces/TIAgo_humble/build/tiago_robot': AMENT_PREFIX_PATH=/workspaces/TIAgo_humble/install/tiago_bringup:/workspaces/TIAgo_humble/install/tiago_description:/workspaces/TIAgo_humble/install/tiago_controller_configuration:/workspaces/TIAgo_humble/install/play_motion2_cli:/workspaces/TIAgo_humble/install/pmb2_description:/workspaces/TIAgo_humble/install/pmb2_controller_configuration:/workspaces/TIAgo_humble/install/play_motion2:/workspaces/TIAgo_humble/install/pal_hey5_description:/workspaces/TIAgo_humble/install/pal_gripper_description:/workspaces/TIAgo_humble/install/omni_base_description:/workspaces/TIAgo_humble/install/play_motion2_msgs:/workspaces/TIAgo_humble/install/pal_urdf_utils:/workspaces/TIAgo_humble/install/pal_robotiq_description:/workspaces/TIAgo_humble/install/pal_robotiq_controller_configuration:/workspaces/TIAgo_humble/install/pal_hey5_controller_configuration:/workspaces/TIAgo_humble/install/pal_gripper_controller_configuration:/workspaces/TIAgo_humble/install/omni_base_controller_configuration:/workspaces/TIAgo_humble/install/launch_pal:${AMENT_PREFIX_PATH} CMAKE_PREFIX_PATH=/workspaces/TIAgo_humble/install/tiago_bringup:/workspaces/TIAgo_humble/install/tiago_description:/workspaces/TIAgo_humble/install/tiago_controller_configuration:/workspaces/TIAgo_humble/install/pmb2_description:/workspaces/TIAgo_humble/install/pmb2_controller_configuration:/workspaces/TIAgo_humble/install/play_motion2:/workspaces/TIAgo_humble/install/pal_hey5_description:/workspaces/TIAgo_humble/install/pal_gripper_description:/workspaces/TIAgo_humble/install/omni_base_description:/workspaces/TIAgo_humble/install/play_motion2_msgs:/workspaces/TIAgo_humble/install/pal_urdf_utils:/workspaces/TIAgo_humble/install/pal_robotiq_description:/workspaces/TIAgo_humble/install/pal_robotiq_controller_configuration:/workspaces/TIAgo_humble/install/pal_hey5_controller_configuration:/workspaces/TIAgo_humble/install/pal_gripper_controller_configuration:/workspaces/TIAgo_humble/install/omni_base_controller_configuration:/opt/ros/humble LD_LIBRARY_PATH=/workspaces/TIAgo_humble/install/play_motion2/lib:/workspaces/TIAgo_humble/install/play_motion2_msgs/lib:/usr/lib/x86_64-linux-gnu/gazebo-11/plugins:/opt/ros/humble/opt/rviz_ogre_vendor/lib:/opt/ros/humble/lib/x86_64-linux-gnu:/opt/ros/humble/lib:/usr/lib/x86_64-linux-gnu/gazebo-11/plugins PYTHONPATH=/workspaces/TIAgo_humble/install/tiago_description/local/lib/python3.10/dist-packages:/workspaces/TIAgo_humble/build/play_motion2_cli:/workspaces/TIAgo_humble/install/play_motion2_cli/lib/python3.10/site-packages:/workspaces/TIAgo_humble/install/pmb2_description/local/lib/python3.10/dist-packages:/workspaces/TIAgo_humble/install/play_motion2/local/lib/python3.10/dist-packages:/workspaces/TIAgo_humble/install/omni_base_description/local/lib/python3.10/dist-packages:/workspaces/TIAgo_humble/install/play_motion2_msgs/local/lib/python3.10/dist-packages:/workspaces/TIAgo_humble/build/launch_pal:/workspaces/TIAgo_humble/install/launch_pal/lib/python3.10/site-packages:${PYTHONPATH} /usr/bin/cmake /workspaces/TIAgo_humble/ros2_ws/src/tiago_robot/tiago_robot -DCMAKE_BUILD_TYPE=Release -DAMENT_CMAKE_SYMLINK_INSTALL=1 -DCMAKE_INSTALL_PREFIX=/workspaces/TIAgo_humble/install/tiago_robot
[50.526s] DEBUG:colcon.colcon_core.event_handler.log_command:Invoked command in '/workspaces/TIAgo_humble/build/tiago_robot' returned '0': AMENT_PREFIX_PATH=/workspaces/TIAgo_humble/install/tiago_bringup:/workspaces/TIAgo_humble/install/tiago_description:/workspaces/TIAgo_humble/install/tiago_controller_configuration:/workspaces/TIAgo_humble/install/play_motion2_cli:/workspaces/TIAgo_humble/install/pmb2_description:/workspaces/TIAgo_humble/install/pmb2_controller_configuration:/workspaces/TIAgo_humble/install/play_motion2:/workspaces/TIAgo_humble/install/pal_hey5_description:/workspaces/TIAgo_humble/install/pal_gripper_description:/workspaces/TIAgo_humble/install/omni_base_description:/workspaces/TIAgo_humble/install/play_motion2_msgs:/workspaces/TIAgo_humble/install/pal_urdf_utils:/workspaces/TIAgo_humble/install/pal_robotiq_description:/workspaces/TIAgo_humble/install/pal_robotiq_controller_configuration:/workspaces/TIAgo_humble/install/pal_hey5_controller_configuration:/workspaces/TIAgo_humble/install/pal_gripper_controller_configuration:/workspaces/TIAgo_humble/install/omni_base_controller_configuration:/workspaces/TIAgo_humble/install/launch_pal:${AMENT_PREFIX_PATH} CMAKE_PREFIX_PATH=/workspaces/TIAgo_humble/install/tiago_bringup:/workspaces/TIAgo_humble/install/tiago_description:/workspaces/TIAgo_humble/install/tiago_controller_configuration:/workspaces/TIAgo_humble/install/pmb2_description:/workspaces/TIAgo_humble/install/pmb2_controller_configuration:/workspaces/TIAgo_humble/install/play_motion2:/workspaces/TIAgo_humble/install/pal_hey5_description:/workspaces/TIAgo_humble/install/pal_gripper_description:/workspaces/TIAgo_humble/install/omni_base_description:/workspaces/TIAgo_humble/install/play_motion2_msgs:/workspaces/TIAgo_humble/install/pal_urdf_utils:/workspaces/TIAgo_humble/install/pal_robotiq_description:/workspaces/TIAgo_humble/install/pal_robotiq_controller_configuration:/workspaces/TIAgo_humble/install/pal_hey5_controller_configuration:/workspaces/TIAgo_humble/install/pal_gripper_controller_configuration:/workspaces/TIAgo_humble/install/omni_base_controller_configuration:/opt/ros/humble LD_LIBRARY_PATH=/workspaces/TIAgo_humble/install/play_motion2/lib:/workspaces/TIAgo_humble/install/play_motion2_msgs/lib:/usr/lib/x86_64-linux-gnu/gazebo-11/plugins:/opt/ros/humble/opt/rviz_ogre_vendor/lib:/opt/ros/humble/lib/x86_64-linux-gnu:/opt/ros/humble/lib:/usr/lib/x86_64-linux-gnu/gazebo-11/plugins PYTHONPATH=/workspaces/TIAgo_humble/install/tiago_description/local/lib/python3.10/dist-packages:/workspaces/TIAgo_humble/build/play_motion2_cli:/workspaces/TIAgo_humble/install/play_motion2_cli/lib/python3.10/site-packages:/workspaces/TIAgo_humble/install/pmb2_description/local/lib/python3.10/dist-packages:/workspaces/TIAgo_humble/install/play_motion2/local/lib/python3.10/dist-packages:/workspaces/TIAgo_humble/install/omni_base_description/local/lib/python3.10/dist-packages:/workspaces/TIAgo_humble/install/play_motion2_msgs/local/lib/python3.10/dist-packages:/workspaces/TIAgo_humble/build/launch_pal:/workspaces/TIAgo_humble/install/launch_pal/lib/python3.10/site-packages:${PYTHONPATH} /usr/bin/cmake /workspaces/TIAgo_humble/ros2_ws/src/tiago_robot/tiago_robot -DCMAKE_BUILD_TYPE=Release -DAMENT_CMAKE_SYMLINK_INSTALL=1 -DCMAKE_INSTALL_PREFIX=/workspaces/TIAgo_humble/install/tiago_robot
[50.527s] DEBUG:colcon.colcon_core.event_handler.log_command:Invoking command in '/workspaces/TIAgo_humble/build/tiago_robot': AMENT_PREFIX_PATH=/workspaces/TIAgo_humble/install/tiago_bringup:/workspaces/TIAgo_humble/install/tiago_description:/workspaces/TIAgo_humble/install/tiago_controller_configuration:/workspaces/TIAgo_humble/install/play_motion2_cli:/workspaces/TIAgo_humble/install/pmb2_description:/workspaces/TIAgo_humble/install/pmb2_controller_configuration:/workspaces/TIAgo_humble/install/play_motion2:/workspaces/TIAgo_humble/install/pal_hey5_description:/workspaces/TIAgo_humble/install/pal_gripper_description:/workspaces/TIAgo_humble/install/omni_base_description:/workspaces/TIAgo_humble/install/play_motion2_msgs:/workspaces/TIAgo_humble/install/pal_urdf_utils:/workspaces/TIAgo_humble/install/pal_robotiq_description:/workspaces/TIAgo_humble/install/pal_robotiq_controller_configuration:/workspaces/TIAgo_humble/install/pal_hey5_controller_configuration:/workspaces/TIAgo_humble/install/pal_gripper_controller_configuration:/workspaces/TIAgo_humble/install/omni_base_controller_configuration:/workspaces/TIAgo_humble/install/launch_pal:${AMENT_PREFIX_PATH} CMAKE_PREFIX_PATH=/workspaces/TIAgo_humble/install/tiago_bringup:/workspaces/TIAgo_humble/install/tiago_description:/workspaces/TIAgo_humble/install/tiago_controller_configuration:/workspaces/TIAgo_humble/install/pmb2_description:/workspaces/TIAgo_humble/install/pmb2_controller_configuration:/workspaces/TIAgo_humble/install/play_motion2:/workspaces/TIAgo_humble/install/pal_hey5_description:/workspaces/TIAgo_humble/install/pal_gripper_description:/workspaces/TIAgo_humble/install/omni_base_description:/workspaces/TIAgo_humble/install/play_motion2_msgs:/workspaces/TIAgo_humble/install/pal_urdf_utils:/workspaces/TIAgo_humble/install/pal_robotiq_description:/workspaces/TIAgo_humble/install/pal_robotiq_controller_configuration:/workspaces/TIAgo_humble/install/pal_hey5_controller_configuration:/workspaces/TIAgo_humble/install/pal_gripper_controller_configuration:/workspaces/TIAgo_humble/install/omni_base_controller_configuration:/opt/ros/humble LD_LIBRARY_PATH=/workspaces/TIAgo_humble/install/play_motion2/lib:/workspaces/TIAgo_humble/install/play_motion2_msgs/lib:/usr/lib/x86_64-linux-gnu/gazebo-11/plugins:/opt/ros/humble/opt/rviz_ogre_vendor/lib:/opt/ros/humble/lib/x86_64-linux-gnu:/opt/ros/humble/lib:/usr/lib/x86_64-linux-gnu/gazebo-11/plugins PYTHONPATH=/workspaces/TIAgo_humble/install/tiago_description/local/lib/python3.10/dist-packages:/workspaces/TIAgo_humble/build/play_motion2_cli:/workspaces/TIAgo_humble/install/play_motion2_cli/lib/python3.10/site-packages:/workspaces/TIAgo_humble/install/pmb2_description/local/lib/python3.10/dist-packages:/workspaces/TIAgo_humble/install/play_motion2/local/lib/python3.10/dist-packages:/workspaces/TIAgo_humble/install/omni_base_description/local/lib/python3.10/dist-packages:/workspaces/TIAgo_humble/install/play_motion2_msgs/local/lib/python3.10/dist-packages:/workspaces/TIAgo_humble/build/launch_pal:/workspaces/TIAgo_humble/install/launch_pal/lib/python3.10/site-packages:${PYTHONPATH} /usr/bin/cmake --build /workspaces/TIAgo_humble/build/tiago_robot -- -j24 -l24
[50.554s] DEBUG:colcon.colcon_core.event_handler.log_command:Invoked command in '/workspaces/TIAgo_humble/build/tiago_robot' returned '0': AMENT_PREFIX_PATH=/workspaces/TIAgo_humble/install/tiago_bringup:/workspaces/TIAgo_humble/install/tiago_description:/workspaces/TIAgo_humble/install/tiago_controller_configuration:/workspaces/TIAgo_humble/install/play_motion2_cli:/workspaces/TIAgo_humble/install/pmb2_description:/workspaces/TIAgo_humble/install/pmb2_controller_configuration:/workspaces/TIAgo_humble/install/play_motion2:/workspaces/TIAgo_humble/install/pal_hey5_description:/workspaces/TIAgo_humble/install/pal_gripper_description:/workspaces/TIAgo_humble/install/omni_base_description:/workspaces/TIAgo_humble/install/play_motion2_msgs:/workspaces/TIAgo_humble/install/pal_urdf_utils:/workspaces/TIAgo_humble/install/pal_robotiq_description:/workspaces/TIAgo_humble/install/pal_robotiq_controller_configuration:/workspaces/TIAgo_humble/install/pal_hey5_controller_configuration:/workspaces/TIAgo_humble/install/pal_gripper_controller_configuration:/workspaces/TIAgo_humble/install/omni_base_controller_configuration:/workspaces/TIAgo_humble/install/launch_pal:${AMENT_PREFIX_PATH} CMAKE_PREFIX_PATH=/workspaces/TIAgo_humble/install/tiago_bringup:/workspaces/TIAgo_humble/install/tiago_description:/workspaces/TIAgo_humble/install/tiago_controller_configuration:/workspaces/TIAgo_humble/install/pmb2_description:/workspaces/TIAgo_humble/install/pmb2_controller_configuration:/workspaces/TIAgo_humble/install/play_motion2:/workspaces/TIAgo_humble/install/pal_hey5_description:/workspaces/TIAgo_humble/install/pal_gripper_description:/workspaces/TIAgo_humble/install/omni_base_description:/workspaces/TIAgo_humble/install/play_motion2_msgs:/workspaces/TIAgo_humble/install/pal_urdf_utils:/workspaces/TIAgo_humble/install/pal_robotiq_description:/workspaces/TIAgo_humble/install/pal_robotiq_controller_configuration:/workspaces/TIAgo_humble/install/pal_hey5_controller_configuration:/workspaces/TIAgo_humble/install/pal_gripper_controller_configuration:/workspaces/TIAgo_humble/install/omni_base_controller_configuration:/opt/ros/humble LD_LIBRARY_PATH=/workspaces/TIAgo_humble/install/play_motion2/lib:/workspaces/TIAgo_humble/install/play_motion2_msgs/lib:/usr/lib/x86_64-linux-gnu/gazebo-11/plugins:/opt/ros/humble/opt/rviz_ogre_vendor/lib:/opt/ros/humble/lib/x86_64-linux-gnu:/opt/ros/humble/lib:/usr/lib/x86_64-linux-gnu/gazebo-11/plugins PYTHONPATH=/workspaces/TIAgo_humble/install/tiago_description/local/lib/python3.10/dist-packages:/workspaces/TIAgo_humble/build/play_motion2_cli:/workspaces/TIAgo_humble/install/play_motion2_cli/lib/python3.10/site-packages:/workspaces/TIAgo_humble/install/pmb2_description/local/lib/python3.10/dist-packages:/workspaces/TIAgo_humble/install/play_motion2/local/lib/python3.10/dist-packages:/workspaces/TIAgo_humble/install/omni_base_description/local/lib/python3.10/dist-packages:/workspaces/TIAgo_humble/install/play_motion2_msgs/local/lib/python3.10/dist-packages:/workspaces/TIAgo_humble/build/launch_pal:/workspaces/TIAgo_humble/install/launch_pal/lib/python3.10/site-packages:${PYTHONPATH} /usr/bin/cmake --build /workspaces/TIAgo_humble/build/tiago_robot -- -j24 -l24
[50.555s] DEBUG:colcon.colcon_core.event_handler.log_command:Invoking command in '/workspaces/TIAgo_humble/build/tiago_robot': AMENT_PREFIX_PATH=/workspaces/TIAgo_humble/install/tiago_bringup:/workspaces/TIAgo_humble/install/tiago_description:/workspaces/TIAgo_humble/install/tiago_controller_configuration:/workspaces/TIAgo_humble/install/play_motion2_cli:/workspaces/TIAgo_humble/install/pmb2_description:/workspaces/TIAgo_humble/install/pmb2_controller_configuration:/workspaces/TIAgo_humble/install/play_motion2:/workspaces/TIAgo_humble/install/pal_hey5_description:/workspaces/TIAgo_humble/install/pal_gripper_description:/workspaces/TIAgo_humble/install/omni_base_description:/workspaces/TIAgo_humble/install/play_motion2_msgs:/workspaces/TIAgo_humble/install/pal_urdf_utils:/workspaces/TIAgo_humble/install/pal_robotiq_description:/workspaces/TIAgo_humble/install/pal_robotiq_controller_configuration:/workspaces/TIAgo_humble/install/pal_hey5_controller_configuration:/workspaces/TIAgo_humble/install/pal_gripper_controller_configuration:/workspaces/TIAgo_humble/install/omni_base_controller_configuration:/workspaces/TIAgo_humble/install/launch_pal:${AMENT_PREFIX_PATH} CMAKE_PREFIX_PATH=/workspaces/TIAgo_humble/install/tiago_bringup:/workspaces/TIAgo_humble/install/tiago_description:/workspaces/TIAgo_humble/install/tiago_controller_configuration:/workspaces/TIAgo_humble/install/pmb2_description:/workspaces/TIAgo_humble/install/pmb2_controller_configuration:/workspaces/TIAgo_humble/install/play_motion2:/workspaces/TIAgo_humble/install/pal_hey5_description:/workspaces/TIAgo_humble/install/pal_gripper_description:/workspaces/TIAgo_humble/install/omni_base_description:/workspaces/TIAgo_humble/install/play_motion2_msgs:/workspaces/TIAgo_humble/install/pal_urdf_utils:/workspaces/TIAgo_humble/install/pal_robotiq_description:/workspaces/TIAgo_humble/install/pal_robotiq_controller_configuration:/workspaces/TIAgo_humble/install/pal_hey5_controller_configuration:/workspaces/TIAgo_humble/install/pal_gripper_controller_configuration:/workspaces/TIAgo_humble/install/omni_base_controller_configuration:/opt/ros/humble LD_LIBRARY_PATH=/workspaces/TIAgo_humble/install/play_motion2/lib:/workspaces/TIAgo_humble/install/play_motion2_msgs/lib:/usr/lib/x86_64-linux-gnu/gazebo-11/plugins:/opt/ros/humble/opt/rviz_ogre_vendor/lib:/opt/ros/humble/lib/x86_64-linux-gnu:/opt/ros/humble/lib:/usr/lib/x86_64-linux-gnu/gazebo-11/plugins PYTHONPATH=/workspaces/TIAgo_humble/install/tiago_description/local/lib/python3.10/dist-packages:/workspaces/TIAgo_humble/build/play_motion2_cli:/workspaces/TIAgo_humble/install/play_motion2_cli/lib/python3.10/site-packages:/workspaces/TIAgo_humble/install/pmb2_description/local/lib/python3.10/dist-packages:/workspaces/TIAgo_humble/install/play_motion2/local/lib/python3.10/dist-packages:/workspaces/TIAgo_humble/install/omni_base_description/local/lib/python3.10/dist-packages:/workspaces/TIAgo_humble/install/play_motion2_msgs/local/lib/python3.10/dist-packages:/workspaces/TIAgo_humble/build/launch_pal:/workspaces/TIAgo_humble/install/launch_pal/lib/python3.10/site-packages:${PYTHONPATH} /usr/bin/cmake --install /workspaces/TIAgo_humble/build/tiago_robot
[50.658s] Level 1:colcon.colcon_core.environment:create_environment_scripts_only(tiago_robot)
[50.658s] Level 1:colcon.colcon_core.environment:checking '/workspaces/TIAgo_humble/install/tiago_robot' for CMake module files
[50.659s] DEBUG:colcon.colcon_core.event_handler.log_command:Invoked command in '/workspaces/TIAgo_humble/build/tiago_robot' returned '0': AMENT_PREFIX_PATH=/workspaces/TIAgo_humble/install/tiago_bringup:/workspaces/TIAgo_humble/install/tiago_description:/workspaces/TIAgo_humble/install/tiago_controller_configuration:/workspaces/TIAgo_humble/install/play_motion2_cli:/workspaces/TIAgo_humble/install/pmb2_description:/workspaces/TIAgo_humble/install/pmb2_controller_configuration:/workspaces/TIAgo_humble/install/play_motion2:/workspaces/TIAgo_humble/install/pal_hey5_description:/workspaces/TIAgo_humble/install/pal_gripper_description:/workspaces/TIAgo_humble/install/omni_base_description:/workspaces/TIAgo_humble/install/play_motion2_msgs:/workspaces/TIAgo_humble/install/pal_urdf_utils:/workspaces/TIAgo_humble/install/pal_robotiq_description:/workspaces/TIAgo_humble/install/pal_robotiq_controller_configuration:/workspaces/TIAgo_humble/install/pal_hey5_controller_configuration:/workspaces/TIAgo_humble/install/pal_gripper_controller_configuration:/workspaces/TIAgo_humble/install/omni_base_controller_configuration:/workspaces/TIAgo_humble/install/launch_pal:${AMENT_PREFIX_PATH} CMAKE_PREFIX_PATH=/workspaces/TIAgo_humble/install/tiago_bringup:/workspaces/TIAgo_humble/install/tiago_description:/workspaces/TIAgo_humble/install/tiago_controller_configuration:/workspaces/TIAgo_humble/install/pmb2_description:/workspaces/TIAgo_humble/install/pmb2_controller_configuration:/workspaces/TIAgo_humble/install/play_motion2:/workspaces/TIAgo_humble/install/pal_hey5_description:/workspaces/TIAgo_humble/install/pal_gripper_description:/workspaces/TIAgo_humble/install/omni_base_description:/workspaces/TIAgo_humble/install/play_motion2_msgs:/workspaces/TIAgo_humble/install/pal_urdf_utils:/workspaces/TIAgo_humble/install/pal_robotiq_description:/workspaces/TIAgo_humble/install/pal_robotiq_controller_configuration:/workspaces/TIAgo_humble/install/pal_hey5_controller_configuration:/workspaces/TIAgo_humble/install/pal_gripper_controller_configuration:/workspaces/TIAgo_humble/install/omni_base_controller_configuration:/opt/ros/humble LD_LIBRARY_PATH=/workspaces/TIAgo_humble/install/play_motion2/lib:/workspaces/TIAgo_humble/install/play_motion2_msgs/lib:/usr/lib/x86_64-linux-gnu/gazebo-11/plugins:/opt/ros/humble/opt/rviz_ogre_vendor/lib:/opt/ros/humble/lib/x86_64-linux-gnu:/opt/ros/humble/lib:/usr/lib/x86_64-linux-gnu/gazebo-11/plugins PYTHONPATH=/workspaces/TIAgo_humble/install/tiago_description/local/lib/python3.10/dist-packages:/workspaces/TIAgo_humble/build/play_motion2_cli:/workspaces/TIAgo_humble/install/play_motion2_cli/lib/python3.10/site-packages:/workspaces/TIAgo_humble/install/pmb2_description/local/lib/python3.10/dist-packages:/workspaces/TIAgo_humble/install/play_motion2/local/lib/python3.10/dist-packages:/workspaces/TIAgo_humble/install/omni_base_description/local/lib/python3.10/dist-packages:/workspaces/TIAgo_humble/install/play_motion2_msgs/local/lib/python3.10/dist-packages:/workspaces/TIAgo_humble/build/launch_pal:/workspaces/TIAgo_humble/install/launch_pal/lib/python3.10/site-packages:${PYTHONPATH} /usr/bin/cmake --install /workspaces/TIAgo_humble/build/tiago_robot
[50.659s] Level 1:colcon.colcon_core.environment:checking '/workspaces/TIAgo_humble/install/tiago_robot' for CMake config files
[50.659s] Level 1:colcon.colcon_core.shell:create_environment_hook('tiago_robot', 'cmake_prefix_path')
[50.659s] INFO:colcon.colcon_core.shell:Creating environment hook '/workspaces/TIAgo_humble/install/tiago_robot/share/tiago_robot/hook/cmake_prefix_path.ps1'
[50.659s] INFO:colcon.colcon_core.shell:Creating environment descriptor '/workspaces/TIAgo_humble/install/tiago_robot/share/tiago_robot/hook/cmake_prefix_path.dsv'
[50.660s] INFO:colcon.colcon_core.shell:Creating environment hook '/workspaces/TIAgo_humble/install/tiago_robot/share/tiago_robot/hook/cmake_prefix_path.sh'
[50.660s] Level 1:colcon.colcon_core.environment:checking '/workspaces/TIAgo_humble/install/tiago_robot/bin'
[50.660s] Level 1:colcon.colcon_core.environment:checking '/workspaces/TIAgo_humble/install/tiago_robot/lib/pkgconfig/tiago_robot.pc'
[50.660s] Level 1:colcon.colcon_core.environment:checking '/workspaces/TIAgo_humble/install/tiago_robot/lib/python3.10/site-packages'
[50.661s] Level 1:colcon.colcon_core.environment:checking '/workspaces/TIAgo_humble/install/tiago_robot/bin'
[50.661s] INFO:colcon.colcon_core.shell:Creating package script '/workspaces/TIAgo_humble/install/tiago_robot/share/tiago_robot/package.ps1'
[50.661s] INFO:colcon.colcon_core.shell:Creating package descriptor '/workspaces/TIAgo_humble/install/tiago_robot/share/tiago_robot/package.dsv'
[50.661s] INFO:colcon.colcon_core.shell:Creating package script '/workspaces/TIAgo_humble/install/tiago_robot/share/tiago_robot/package.sh'
[50.662s] INFO:colcon.colcon_core.shell:Creating package script '/workspaces/TIAgo_humble/install/tiago_robot/share/tiago_robot/package.bash'
[50.662s] INFO:colcon.colcon_core.shell:Creating package script '/workspaces/TIAgo_humble/install/tiago_robot/share/tiago_robot/package.zsh'
[50.662s] Level 1:colcon.colcon_core.environment:create_file_with_runtime_dependencies(/workspaces/TIAgo_humble/install/tiago_robot/share/colcon-core/packages/tiago_robot)
[50.662s] Level 1:colcon.colcon_core.environment:create_environment_scripts_only(tiago_robot)
[50.663s] Level 1:colcon.colcon_core.environment:checking '/workspaces/TIAgo_humble/install/tiago_robot' for CMake module files
[50.663s] Level 1:colcon.colcon_core.environment:checking '/workspaces/TIAgo_humble/install/tiago_robot' for CMake config files
[50.663s] Level 1:colcon.colcon_core.shell:create_environment_hook('tiago_robot', 'cmake_prefix_path')
[50.663s] INFO:colcon.colcon_core.shell:Creating environment hook '/workspaces/TIAgo_humble/install/tiago_robot/share/tiago_robot/hook/cmake_prefix_path.ps1'
[50.663s] INFO:colcon.colcon_core.shell:Creating environment descriptor '/workspaces/TIAgo_humble/install/tiago_robot/share/tiago_robot/hook/cmake_prefix_path.dsv'
[50.664s] INFO:colcon.colcon_core.shell:Creating environment hook '/workspaces/TIAgo_humble/install/tiago_robot/share/tiago_robot/hook/cmake_prefix_path.sh'
[50.664s] Level 1:colcon.colcon_core.environment:checking '/workspaces/TIAgo_humble/install/tiago_robot/bin'
[50.664s] Level 1:colcon.colcon_core.environment:checking '/workspaces/TIAgo_humble/install/tiago_robot/lib/pkgconfig/tiago_robot.pc'
[50.664s] Level 1:colcon.colcon_core.environment:checking '/workspaces/TIAgo_humble/install/tiago_robot/lib/python3.10/site-packages'
[50.665s] Level 1:colcon.colcon_core.environment:checking '/workspaces/TIAgo_humble/install/tiago_robot/bin'
[50.665s] INFO:colcon.colcon_core.shell:Creating package script '/workspaces/TIAgo_humble/install/tiago_robot/share/tiago_robot/package.ps1'
[50.665s] INFO:colcon.colcon_core.shell:Creating package descriptor '/workspaces/TIAgo_humble/install/tiago_robot/share/tiago_robot/package.dsv'
[50.665s] INFO:colcon.colcon_core.shell:Creating package script '/workspaces/TIAgo_humble/install/tiago_robot/share/tiago_robot/package.sh'
[50.666s] INFO:colcon.colcon_core.shell:Creating package script '/workspaces/TIAgo_humble/install/tiago_robot/share/tiago_robot/package.bash'
[50.666s] INFO:colcon.colcon_core.shell:Creating package script '/workspaces/TIAgo_humble/install/tiago_robot/share/tiago_robot/package.zsh'
[50.666s] Level 1:colcon.colcon_core.environment:create_file_with_runtime_dependencies(/workspaces/TIAgo_humble/install/tiago_robot/share/colcon-core/packages/tiago_robot)
[55.639s] DEBUG:colcon.colcon_core.event_handler.log_command:Invoked command in '/workspaces/TIAgo_humble/build/pal_gazebo_plugins' returned '0': CMAKE_PREFIX_PATH=/opt/ros/humble /usr/bin/cmake --build /workspaces/TIAgo_humble/build/pal_gazebo_plugins -- -j24 -l24
[55.641s] DEBUG:colcon.colcon_core.event_handler.log_command:Invoking command in '/workspaces/TIAgo_humble/build/pal_gazebo_plugins': CMAKE_PREFIX_PATH=/opt/ros/humble /usr/bin/cmake --install /workspaces/TIAgo_humble/build/pal_gazebo_plugins
[55.771s] Level 1:colcon.colcon_core.environment:create_environment_scripts_only(pal_gazebo_plugins)
[55.772s] Level 1:colcon.colcon_core.environment:checking '/workspaces/TIAgo_humble/install/pal_gazebo_plugins' for CMake module files
[55.772s] DEBUG:colcon.colcon_core.event_handler.log_command:Invoked command in '/workspaces/TIAgo_humble/build/pal_gazebo_plugins' returned '0': CMAKE_PREFIX_PATH=/opt/ros/humble /usr/bin/cmake --install /workspaces/TIAgo_humble/build/pal_gazebo_plugins
[55.772s] Level 1:colcon.colcon_core.environment:checking '/workspaces/TIAgo_humble/install/pal_gazebo_plugins' for CMake config files
[55.772s] Level 1:colcon.colcon_core.shell:create_environment_hook('pal_gazebo_plugins', 'cmake_prefix_path')
[55.772s] INFO:colcon.colcon_core.shell:Creating environment hook '/workspaces/TIAgo_humble/install/pal_gazebo_plugins/share/pal_gazebo_plugins/hook/cmake_prefix_path.ps1'
[55.773s] INFO:colcon.colcon_core.shell:Creating environment descriptor '/workspaces/TIAgo_humble/install/pal_gazebo_plugins/share/pal_gazebo_plugins/hook/cmake_prefix_path.dsv'
[55.773s] INFO:colcon.colcon_core.shell:Creating environment hook '/workspaces/TIAgo_humble/install/pal_gazebo_plugins/share/pal_gazebo_plugins/hook/cmake_prefix_path.sh'
[55.773s] Level 1:colcon.colcon_core.environment:checking '/workspaces/TIAgo_humble/install/pal_gazebo_plugins/lib'
[55.773s] Level 1:colcon.colcon_core.shell:create_environment_hook('pal_gazebo_plugins', 'ld_library_path_lib')
[55.773s] INFO:colcon.colcon_core.shell:Creating environment hook '/workspaces/TIAgo_humble/install/pal_gazebo_plugins/share/pal_gazebo_plugins/hook/ld_library_path_lib.ps1'
[55.773s] INFO:colcon.colcon_core.shell:Creating environment descriptor '/workspaces/TIAgo_humble/install/pal_gazebo_plugins/share/pal_gazebo_plugins/hook/ld_library_path_lib.dsv'
[55.774s] INFO:colcon.colcon_core.shell:Creating environment hook '/workspaces/TIAgo_humble/install/pal_gazebo_plugins/share/pal_gazebo_plugins/hook/ld_library_path_lib.sh'
[55.774s] Level 1:colcon.colcon_core.environment:checking '/workspaces/TIAgo_humble/install/pal_gazebo_plugins/bin'
[55.774s] Level 1:colcon.colcon_core.environment:checking '/workspaces/TIAgo_humble/install/pal_gazebo_plugins/lib/pkgconfig/pal_gazebo_plugins.pc'
[55.774s] Level 1:colcon.colcon_core.environment:checking '/workspaces/TIAgo_humble/install/pal_gazebo_plugins/lib/python3.10/site-packages'
[55.774s] Level 1:colcon.colcon_core.environment:checking '/workspaces/TIAgo_humble/install/pal_gazebo_plugins/bin'
[55.774s] INFO:colcon.colcon_core.shell:Creating package script '/workspaces/TIAgo_humble/install/pal_gazebo_plugins/share/pal_gazebo_plugins/package.ps1'
[55.775s] INFO:colcon.colcon_core.shell:Creating package descriptor '/workspaces/TIAgo_humble/install/pal_gazebo_plugins/share/pal_gazebo_plugins/package.dsv'
[55.775s] INFO:colcon.colcon_core.shell:Creating package script '/workspaces/TIAgo_humble/install/pal_gazebo_plugins/share/pal_gazebo_plugins/package.sh'
[55.775s] INFO:colcon.colcon_core.shell:Creating package script '/workspaces/TIAgo_humble/install/pal_gazebo_plugins/share/pal_gazebo_plugins/package.bash'
[55.775s] INFO:colcon.colcon_core.shell:Creating package script '/workspaces/TIAgo_humble/install/pal_gazebo_plugins/share/pal_gazebo_plugins/package.zsh'
[55.776s] Level 1:colcon.colcon_core.environment:create_file_with_runtime_dependencies(/workspaces/TIAgo_humble/install/pal_gazebo_plugins/share/colcon-core/packages/pal_gazebo_plugins)
[55.776s] Level 1:colcon.colcon_core.environment:create_environment_scripts_only(pal_gazebo_plugins)
[55.776s] Level 1:colcon.colcon_core.environment:checking '/workspaces/TIAgo_humble/install/pal_gazebo_plugins' for CMake module files
[55.776s] Level 1:colcon.colcon_core.environment:checking '/workspaces/TIAgo_humble/install/pal_gazebo_plugins' for CMake config files
[55.777s] Level 1:colcon.colcon_core.shell:create_environment_hook('pal_gazebo_plugins', 'cmake_prefix_path')
[55.777s] INFO:colcon.colcon_core.shell:Creating environment hook '/workspaces/TIAgo_humble/install/pal_gazebo_plugins/share/pal_gazebo_plugins/hook/cmake_prefix_path.ps1'
[55.777s] INFO:colcon.colcon_core.shell:Creating environment descriptor '/workspaces/TIAgo_humble/install/pal_gazebo_plugins/share/pal_gazebo_plugins/hook/cmake_prefix_path.dsv'
[55.777s] INFO:colcon.colcon_core.shell:Creating environment hook '/workspaces/TIAgo_humble/install/pal_gazebo_plugins/share/pal_gazebo_plugins/hook/cmake_prefix_path.sh'
[55.777s] Level 1:colcon.colcon_core.environment:checking '/workspaces/TIAgo_humble/install/pal_gazebo_plugins/lib'
[55.778s] Level 1:colcon.colcon_core.shell:create_environment_hook('pal_gazebo_plugins', 'ld_library_path_lib')
[55.778s] INFO:colcon.colcon_core.shell:Creating environment hook '/workspaces/TIAgo_humble/install/pal_gazebo_plugins/share/pal_gazebo_plugins/hook/ld_library_path_lib.ps1'
[55.778s] INFO:colcon.colcon_core.shell:Creating environment descriptor '/workspaces/TIAgo_humble/install/pal_gazebo_plugins/share/pal_gazebo_plugins/hook/ld_library_path_lib.dsv'
[55.778s] INFO:colcon.colcon_core.shell:Creating environment hook '/workspaces/TIAgo_humble/install/pal_gazebo_plugins/share/pal_gazebo_plugins/hook/ld_library_path_lib.sh'
[55.778s] Level 1:colcon.colcon_core.environment:checking '/workspaces/TIAgo_humble/install/pal_gazebo_plugins/bin'
[55.778s] Level 1:colcon.colcon_core.environment:checking '/workspaces/TIAgo_humble/install/pal_gazebo_plugins/lib/pkgconfig/pal_gazebo_plugins.pc'
[55.778s] Level 1:colcon.colcon_core.environment:checking '/workspaces/TIAgo_humble/install/pal_gazebo_plugins/lib/python3.10/site-packages'
[55.779s] Level 1:colcon.colcon_core.environment:checking '/workspaces/TIAgo_humble/install/pal_gazebo_plugins/bin'
[55.779s] INFO:colcon.colcon_core.shell:Creating package script '/workspaces/TIAgo_humble/install/pal_gazebo_plugins/share/pal_gazebo_plugins/package.ps1'
[55.779s] INFO:colcon.colcon_core.shell:Creating package descriptor '/workspaces/TIAgo_humble/install/pal_gazebo_plugins/share/pal_gazebo_plugins/package.dsv'
[55.780s] INFO:colcon.colcon_core.shell:Creating package script '/workspaces/TIAgo_humble/install/pal_gazebo_plugins/share/pal_gazebo_plugins/package.sh'
[55.780s] INFO:colcon.colcon_core.shell:Creating package script '/workspaces/TIAgo_humble/install/pal_gazebo_plugins/share/pal_gazebo_plugins/package.bash'
[55.780s] INFO:colcon.colcon_core.shell:Creating package script '/workspaces/TIAgo_humble/install/pal_gazebo_plugins/share/pal_gazebo_plugins/package.zsh'
[55.780s] Level 1:colcon.colcon_core.environment:create_file_with_runtime_dependencies(/workspaces/TIAgo_humble/install/pal_gazebo_plugins/share/colcon-core/packages/pal_gazebo_plugins)
[55.781s] INFO:colcon.colcon_ros.task.ament_cmake.build:Building ROS package in '/workspaces/TIAgo_humble/ros2_ws/src/tiago_simulation/tiago_gazebo' with build type 'ament_cmake'
[55.781s] INFO:colcon.colcon_cmake.task.cmake.build:Building CMake package in '/workspaces/TIAgo_humble/ros2_ws/src/tiago_simulation/tiago_gazebo'
[55.781s] INFO:colcon.colcon_core.shell:Skip shell extension 'powershell' for command environment: Not usable outside of PowerShell
[55.781s] DEBUG:colcon.colcon_core.shell:Skip shell extension 'dsv' for command environment
[55.804s] DEBUG:colcon.colcon_core.event_handler.log_command:Invoking command in '/workspaces/TIAgo_humble/build/tiago_gazebo': AMENT_PREFIX_PATH=/workspaces/TIAgo_humble/install/tiago_moveit_config:/workspaces/TIAgo_humble/install/tiago_bringup:/workspaces/TIAgo_humble/install/tiago_description:/workspaces/TIAgo_humble/install/tiago_controller_configuration:/workspaces/TIAgo_humble/install/tiago_2dnav:/workspaces/TIAgo_humble/install/play_motion2_cli:/workspaces/TIAgo_humble/install/tiago_laser_sensors:/workspaces/TIAgo_humble/install/pmb2_description:/workspaces/TIAgo_humble/install/pmb2_controller_configuration:/workspaces/TIAgo_humble/install/pmb2_2dnav:/workspaces/TIAgo_humble/install/play_motion2:/workspaces/TIAgo_humble/install/pal_hey5_description:/workspaces/TIAgo_humble/install/pal_gripper_description:/workspaces/TIAgo_humble/install/pal_gazebo_worlds:/workspaces/TIAgo_humble/install/omni_base_description:/workspaces/TIAgo_humble/install/tiago_rgbd_sensors:/workspaces/TIAgo_humble/install/pmb2_laser_sensors:/workspaces/TIAgo_humble/install/play_motion2_msgs:/workspaces/TIAgo_humble/install/pal_urdf_utils:/workspaces/TIAgo_humble/install/pal_robotiq_description:/workspaces/TIAgo_humble/install/pal_robotiq_controller_configuration:/workspaces/TIAgo_humble/install/pal_maps:/workspaces/TIAgo_humble/install/pal_hey5_controller_configuration:/workspaces/TIAgo_humble/install/pal_gripper_controller_configuration:/workspaces/TIAgo_humble/install/pal_gazebo_plugins:/workspaces/TIAgo_humble/install/omni_base_controller_configuration:/workspaces/TIAgo_humble/install/moveit_ros_control_interface:/workspaces/TIAgo_humble/install/launch_pal:${AMENT_PREFIX_PATH} CMAKE_PREFIX_PATH=/workspaces/TIAgo_humble/install/tiago_moveit_config:/workspaces/TIAgo_humble/install/tiago_bringup:/workspaces/TIAgo_humble/install/tiago_description:/workspaces/TIAgo_humble/install/tiago_controller_configuration:/workspaces/TIAgo_humble/install/tiago_2dnav:/workspaces/TIAgo_humble/install/tiago_laser_sensors:/workspaces/TIAgo_humble/install/pmb2_description:/workspaces/TIAgo_humble/install/pmb2_controller_configuration:/workspaces/TIAgo_humble/install/pmb2_2dnav:/workspaces/TIAgo_humble/install/play_motion2:/workspaces/TIAgo_humble/install/pal_hey5_description:/workspaces/TIAgo_humble/install/pal_gripper_description:/workspaces/TIAgo_humble/install/pal_gazebo_worlds:/workspaces/TIAgo_humble/install/omni_base_description:/workspaces/TIAgo_humble/install/tiago_rgbd_sensors:/workspaces/TIAgo_humble/install/pmb2_laser_sensors:/workspaces/TIAgo_humble/install/play_motion2_msgs:/workspaces/TIAgo_humble/install/pal_urdf_utils:/workspaces/TIAgo_humble/install/pal_robotiq_description:/workspaces/TIAgo_humble/install/pal_robotiq_controller_configuration:/workspaces/TIAgo_humble/install/pal_maps:/workspaces/TIAgo_humble/install/pal_hey5_controller_configuration:/workspaces/TIAgo_humble/install/pal_gripper_controller_configuration:/workspaces/TIAgo_humble/install/pal_gazebo_plugins:/workspaces/TIAgo_humble/install/omni_base_controller_configuration:/workspaces/TIAgo_humble/install/moveit_ros_control_interface:/opt/ros/humble GAZEBO_MODEL_PATH=/workspaces/TIAgo_humble/install/pal_gazebo_worlds/share/pal_gazebo_worlds/models:${GAZEBO_MODEL_PATH} GZ_SIM_RESOURCE_PATH=/workspaces/TIAgo_humble/install/pal_gazebo_worlds/share/pal_gazebo_worlds/models LD_LIBRARY_PATH=/workspaces/TIAgo_humble/install/play_motion2/lib:/workspaces/TIAgo_humble/install/play_motion2_msgs/lib:/workspaces/TIAgo_humble/install/pal_gazebo_plugins/lib:/workspaces/TIAgo_humble/install/moveit_ros_control_interface/lib:/usr/lib/x86_64-linux-gnu/gazebo-11/plugins:/opt/ros/humble/opt/rviz_ogre_vendor/lib:/opt/ros/humble/lib/x86_64-linux-gnu:/opt/ros/humble/lib:/usr/lib/x86_64-linux-gnu/gazebo-11/plugins PYTHONPATH=/workspaces/TIAgo_humble/install/tiago_description/local/lib/python3.10/dist-packages:/workspaces/TIAgo_humble/build/play_motion2_cli:/workspaces/TIAgo_humble/install/play_motion2_cli/lib/python3.10/site-packages:/workspaces/TIAgo_humble/install/pmb2_description/local/lib/python3.10/dist-packages:/workspaces/TIAgo_humble/install/play_motion2/local/lib/python3.10/dist-packages:/workspaces/TIAgo_humble/install/omni_base_description/local/lib/python3.10/dist-packages:/workspaces/TIAgo_humble/install/play_motion2_msgs/local/lib/python3.10/dist-packages:/workspaces/TIAgo_humble/build/launch_pal:/workspaces/TIAgo_humble/install/launch_pal/lib/python3.10/site-packages:${PYTHONPATH} /usr/bin/cmake /workspaces/TIAgo_humble/ros2_ws/src/tiago_simulation/tiago_gazebo -DCMAKE_BUILD_TYPE=Release -DAMENT_CMAKE_SYMLINK_INSTALL=1 -DCMAKE_INSTALL_PREFIX=/workspaces/TIAgo_humble/install/tiago_gazebo
[56.766s] DEBUG:colcon.colcon_core.event_handler.log_command:Invoked command in '/workspaces/TIAgo_humble/build/tiago_gazebo' returned '0': AMENT_PREFIX_PATH=/workspaces/TIAgo_humble/install/tiago_moveit_config:/workspaces/TIAgo_humble/install/tiago_bringup:/workspaces/TIAgo_humble/install/tiago_description:/workspaces/TIAgo_humble/install/tiago_controller_configuration:/workspaces/TIAgo_humble/install/tiago_2dnav:/workspaces/TIAgo_humble/install/play_motion2_cli:/workspaces/TIAgo_humble/install/tiago_laser_sensors:/workspaces/TIAgo_humble/install/pmb2_description:/workspaces/TIAgo_humble/install/pmb2_controller_configuration:/workspaces/TIAgo_humble/install/pmb2_2dnav:/workspaces/TIAgo_humble/install/play_motion2:/workspaces/TIAgo_humble/install/pal_hey5_description:/workspaces/TIAgo_humble/install/pal_gripper_description:/workspaces/TIAgo_humble/install/pal_gazebo_worlds:/workspaces/TIAgo_humble/install/omni_base_description:/workspaces/TIAgo_humble/install/tiago_rgbd_sensors:/workspaces/TIAgo_humble/install/pmb2_laser_sensors:/workspaces/TIAgo_humble/install/play_motion2_msgs:/workspaces/TIAgo_humble/install/pal_urdf_utils:/workspaces/TIAgo_humble/install/pal_robotiq_description:/workspaces/TIAgo_humble/install/pal_robotiq_controller_configuration:/workspaces/TIAgo_humble/install/pal_maps:/workspaces/TIAgo_humble/install/pal_hey5_controller_configuration:/workspaces/TIAgo_humble/install/pal_gripper_controller_configuration:/workspaces/TIAgo_humble/install/pal_gazebo_plugins:/workspaces/TIAgo_humble/install/omni_base_controller_configuration:/workspaces/TIAgo_humble/install/moveit_ros_control_interface:/workspaces/TIAgo_humble/install/launch_pal:${AMENT_PREFIX_PATH} CMAKE_PREFIX_PATH=/workspaces/TIAgo_humble/install/tiago_moveit_config:/workspaces/TIAgo_humble/install/tiago_bringup:/workspaces/TIAgo_humble/install/tiago_description:/workspaces/TIAgo_humble/install/tiago_controller_configuration:/workspaces/TIAgo_humble/install/tiago_2dnav:/workspaces/TIAgo_humble/install/tiago_laser_sensors:/workspaces/TIAgo_humble/install/pmb2_description:/workspaces/TIAgo_humble/install/pmb2_controller_configuration:/workspaces/TIAgo_humble/install/pmb2_2dnav:/workspaces/TIAgo_humble/install/play_motion2:/workspaces/TIAgo_humble/install/pal_hey5_description:/workspaces/TIAgo_humble/install/pal_gripper_description:/workspaces/TIAgo_humble/install/pal_gazebo_worlds:/workspaces/TIAgo_humble/install/omni_base_description:/workspaces/TIAgo_humble/install/tiago_rgbd_sensors:/workspaces/TIAgo_humble/install/pmb2_laser_sensors:/workspaces/TIAgo_humble/install/play_motion2_msgs:/workspaces/TIAgo_humble/install/pal_urdf_utils:/workspaces/TIAgo_humble/install/pal_robotiq_description:/workspaces/TIAgo_humble/install/pal_robotiq_controller_configuration:/workspaces/TIAgo_humble/install/pal_maps:/workspaces/TIAgo_humble/install/pal_hey5_controller_configuration:/workspaces/TIAgo_humble/install/pal_gripper_controller_configuration:/workspaces/TIAgo_humble/install/pal_gazebo_plugins:/workspaces/TIAgo_humble/install/omni_base_controller_configuration:/workspaces/TIAgo_humble/install/moveit_ros_control_interface:/opt/ros/humble GAZEBO_MODEL_PATH=/workspaces/TIAgo_humble/install/pal_gazebo_worlds/share/pal_gazebo_worlds/models:${GAZEBO_MODEL_PATH} GZ_SIM_RESOURCE_PATH=/workspaces/TIAgo_humble/install/pal_gazebo_worlds/share/pal_gazebo_worlds/models LD_LIBRARY_PATH=/workspaces/TIAgo_humble/install/play_motion2/lib:/workspaces/TIAgo_humble/install/play_motion2_msgs/lib:/workspaces/TIAgo_humble/install/pal_gazebo_plugins/lib:/workspaces/TIAgo_humble/install/moveit_ros_control_interface/lib:/usr/lib/x86_64-linux-gnu/gazebo-11/plugins:/opt/ros/humble/opt/rviz_ogre_vendor/lib:/opt/ros/humble/lib/x86_64-linux-gnu:/opt/ros/humble/lib:/usr/lib/x86_64-linux-gnu/gazebo-11/plugins PYTHONPATH=/workspaces/TIAgo_humble/install/tiago_description/local/lib/python3.10/dist-packages:/workspaces/TIAgo_humble/build/play_motion2_cli:/workspaces/TIAgo_humble/install/play_motion2_cli/lib/python3.10/site-packages:/workspaces/TIAgo_humble/install/pmb2_description/local/lib/python3.10/dist-packages:/workspaces/TIAgo_humble/install/play_motion2/local/lib/python3.10/dist-packages:/workspaces/TIAgo_humble/install/omni_base_description/local/lib/python3.10/dist-packages:/workspaces/TIAgo_humble/install/play_motion2_msgs/local/lib/python3.10/dist-packages:/workspaces/TIAgo_humble/build/launch_pal:/workspaces/TIAgo_humble/install/launch_pal/lib/python3.10/site-packages:${PYTHONPATH} /usr/bin/cmake /workspaces/TIAgo_humble/ros2_ws/src/tiago_simulation/tiago_gazebo -DCMAKE_BUILD_TYPE=Release -DAMENT_CMAKE_SYMLINK_INSTALL=1 -DCMAKE_INSTALL_PREFIX=/workspaces/TIAgo_humble/install/tiago_gazebo
[56.767s] DEBUG:colcon.colcon_core.event_handler.log_command:Invoking command in '/workspaces/TIAgo_humble/build/tiago_gazebo': AMENT_PREFIX_PATH=/workspaces/TIAgo_humble/install/tiago_moveit_config:/workspaces/TIAgo_humble/install/tiago_bringup:/workspaces/TIAgo_humble/install/tiago_description:/workspaces/TIAgo_humble/install/tiago_controller_configuration:/workspaces/TIAgo_humble/install/tiago_2dnav:/workspaces/TIAgo_humble/install/play_motion2_cli:/workspaces/TIAgo_humble/install/tiago_laser_sensors:/workspaces/TIAgo_humble/install/pmb2_description:/workspaces/TIAgo_humble/install/pmb2_controller_configuration:/workspaces/TIAgo_humble/install/pmb2_2dnav:/workspaces/TIAgo_humble/install/play_motion2:/workspaces/TIAgo_humble/install/pal_hey5_description:/workspaces/TIAgo_humble/install/pal_gripper_description:/workspaces/TIAgo_humble/install/pal_gazebo_worlds:/workspaces/TIAgo_humble/install/omni_base_description:/workspaces/TIAgo_humble/install/tiago_rgbd_sensors:/workspaces/TIAgo_humble/install/pmb2_laser_sensors:/workspaces/TIAgo_humble/install/play_motion2_msgs:/workspaces/TIAgo_humble/install/pal_urdf_utils:/workspaces/TIAgo_humble/install/pal_robotiq_description:/workspaces/TIAgo_humble/install/pal_robotiq_controller_configuration:/workspaces/TIAgo_humble/install/pal_maps:/workspaces/TIAgo_humble/install/pal_hey5_controller_configuration:/workspaces/TIAgo_humble/install/pal_gripper_controller_configuration:/workspaces/TIAgo_humble/install/pal_gazebo_plugins:/workspaces/TIAgo_humble/install/omni_base_controller_configuration:/workspaces/TIAgo_humble/install/moveit_ros_control_interface:/workspaces/TIAgo_humble/install/launch_pal:${AMENT_PREFIX_PATH} CMAKE_PREFIX_PATH=/workspaces/TIAgo_humble/install/tiago_moveit_config:/workspaces/TIAgo_humble/install/tiago_bringup:/workspaces/TIAgo_humble/install/tiago_description:/workspaces/TIAgo_humble/install/tiago_controller_configuration:/workspaces/TIAgo_humble/install/tiago_2dnav:/workspaces/TIAgo_humble/install/tiago_laser_sensors:/workspaces/TIAgo_humble/install/pmb2_description:/workspaces/TIAgo_humble/install/pmb2_controller_configuration:/workspaces/TIAgo_humble/install/pmb2_2dnav:/workspaces/TIAgo_humble/install/play_motion2:/workspaces/TIAgo_humble/install/pal_hey5_description:/workspaces/TIAgo_humble/install/pal_gripper_description:/workspaces/TIAgo_humble/install/pal_gazebo_worlds:/workspaces/TIAgo_humble/install/omni_base_description:/workspaces/TIAgo_humble/install/tiago_rgbd_sensors:/workspaces/TIAgo_humble/install/pmb2_laser_sensors:/workspaces/TIAgo_humble/install/play_motion2_msgs:/workspaces/TIAgo_humble/install/pal_urdf_utils:/workspaces/TIAgo_humble/install/pal_robotiq_description:/workspaces/TIAgo_humble/install/pal_robotiq_controller_configuration:/workspaces/TIAgo_humble/install/pal_maps:/workspaces/TIAgo_humble/install/pal_hey5_controller_configuration:/workspaces/TIAgo_humble/install/pal_gripper_controller_configuration:/workspaces/TIAgo_humble/install/pal_gazebo_plugins:/workspaces/TIAgo_humble/install/omni_base_controller_configuration:/workspaces/TIAgo_humble/install/moveit_ros_control_interface:/opt/ros/humble GAZEBO_MODEL_PATH=/workspaces/TIAgo_humble/install/pal_gazebo_worlds/share/pal_gazebo_worlds/models:${GAZEBO_MODEL_PATH} GZ_SIM_RESOURCE_PATH=/workspaces/TIAgo_humble/install/pal_gazebo_worlds/share/pal_gazebo_worlds/models LD_LIBRARY_PATH=/workspaces/TIAgo_humble/install/play_motion2/lib:/workspaces/TIAgo_humble/install/play_motion2_msgs/lib:/workspaces/TIAgo_humble/install/pal_gazebo_plugins/lib:/workspaces/TIAgo_humble/install/moveit_ros_control_interface/lib:/usr/lib/x86_64-linux-gnu/gazebo-11/plugins:/opt/ros/humble/opt/rviz_ogre_vendor/lib:/opt/ros/humble/lib/x86_64-linux-gnu:/opt/ros/humble/lib:/usr/lib/x86_64-linux-gnu/gazebo-11/plugins PYTHONPATH=/workspaces/TIAgo_humble/install/tiago_description/local/lib/python3.10/dist-packages:/workspaces/TIAgo_humble/build/play_motion2_cli:/workspaces/TIAgo_humble/install/play_motion2_cli/lib/python3.10/site-packages:/workspaces/TIAgo_humble/install/pmb2_description/local/lib/python3.10/dist-packages:/workspaces/TIAgo_humble/install/play_motion2/local/lib/python3.10/dist-packages:/workspaces/TIAgo_humble/install/omni_base_description/local/lib/python3.10/dist-packages:/workspaces/TIAgo_humble/install/play_motion2_msgs/local/lib/python3.10/dist-packages:/workspaces/TIAgo_humble/build/launch_pal:/workspaces/TIAgo_humble/install/launch_pal/lib/python3.10/site-packages:${PYTHONPATH} /usr/bin/cmake --build /workspaces/TIAgo_humble/build/tiago_gazebo -- -j24 -l24
[69.378s] DEBUG:colcon.colcon_core.event_handler.log_command:Invoked command in '/workspaces/TIAgo_humble/build/tiago_gazebo' returned '0': AMENT_PREFIX_PATH=/workspaces/TIAgo_humble/install/tiago_moveit_config:/workspaces/TIAgo_humble/install/tiago_bringup:/workspaces/TIAgo_humble/install/tiago_description:/workspaces/TIAgo_humble/install/tiago_controller_configuration:/workspaces/TIAgo_humble/install/tiago_2dnav:/workspaces/TIAgo_humble/install/play_motion2_cli:/workspaces/TIAgo_humble/install/tiago_laser_sensors:/workspaces/TIAgo_humble/install/pmb2_description:/workspaces/TIAgo_humble/install/pmb2_controller_configuration:/workspaces/TIAgo_humble/install/pmb2_2dnav:/workspaces/TIAgo_humble/install/play_motion2:/workspaces/TIAgo_humble/install/pal_hey5_description:/workspaces/TIAgo_humble/install/pal_gripper_description:/workspaces/TIAgo_humble/install/pal_gazebo_worlds:/workspaces/TIAgo_humble/install/omni_base_description:/workspaces/TIAgo_humble/install/tiago_rgbd_sensors:/workspaces/TIAgo_humble/install/pmb2_laser_sensors:/workspaces/TIAgo_humble/install/play_motion2_msgs:/workspaces/TIAgo_humble/install/pal_urdf_utils:/workspaces/TIAgo_humble/install/pal_robotiq_description:/workspaces/TIAgo_humble/install/pal_robotiq_controller_configuration:/workspaces/TIAgo_humble/install/pal_maps:/workspaces/TIAgo_humble/install/pal_hey5_controller_configuration:/workspaces/TIAgo_humble/install/pal_gripper_controller_configuration:/workspaces/TIAgo_humble/install/pal_gazebo_plugins:/workspaces/TIAgo_humble/install/omni_base_controller_configuration:/workspaces/TIAgo_humble/install/moveit_ros_control_interface:/workspaces/TIAgo_humble/install/launch_pal:${AMENT_PREFIX_PATH} CMAKE_PREFIX_PATH=/workspaces/TIAgo_humble/install/tiago_moveit_config:/workspaces/TIAgo_humble/install/tiago_bringup:/workspaces/TIAgo_humble/install/tiago_description:/workspaces/TIAgo_humble/install/tiago_controller_configuration:/workspaces/TIAgo_humble/install/tiago_2dnav:/workspaces/TIAgo_humble/install/tiago_laser_sensors:/workspaces/TIAgo_humble/install/pmb2_description:/workspaces/TIAgo_humble/install/pmb2_controller_configuration:/workspaces/TIAgo_humble/install/pmb2_2dnav:/workspaces/TIAgo_humble/install/play_motion2:/workspaces/TIAgo_humble/install/pal_hey5_description:/workspaces/TIAgo_humble/install/pal_gripper_description:/workspaces/TIAgo_humble/install/pal_gazebo_worlds:/workspaces/TIAgo_humble/install/omni_base_description:/workspaces/TIAgo_humble/install/tiago_rgbd_sensors:/workspaces/TIAgo_humble/install/pmb2_laser_sensors:/workspaces/TIAgo_humble/install/play_motion2_msgs:/workspaces/TIAgo_humble/install/pal_urdf_utils:/workspaces/TIAgo_humble/install/pal_robotiq_description:/workspaces/TIAgo_humble/install/pal_robotiq_controller_configuration:/workspaces/TIAgo_humble/install/pal_maps:/workspaces/TIAgo_humble/install/pal_hey5_controller_configuration:/workspaces/TIAgo_humble/install/pal_gripper_controller_configuration:/workspaces/TIAgo_humble/install/pal_gazebo_plugins:/workspaces/TIAgo_humble/install/omni_base_controller_configuration:/workspaces/TIAgo_humble/install/moveit_ros_control_interface:/opt/ros/humble GAZEBO_MODEL_PATH=/workspaces/TIAgo_humble/install/pal_gazebo_worlds/share/pal_gazebo_worlds/models:${GAZEBO_MODEL_PATH} GZ_SIM_RESOURCE_PATH=/workspaces/TIAgo_humble/install/pal_gazebo_worlds/share/pal_gazebo_worlds/models LD_LIBRARY_PATH=/workspaces/TIAgo_humble/install/play_motion2/lib:/workspaces/TIAgo_humble/install/play_motion2_msgs/lib:/workspaces/TIAgo_humble/install/pal_gazebo_plugins/lib:/workspaces/TIAgo_humble/install/moveit_ros_control_interface/lib:/usr/lib/x86_64-linux-gnu/gazebo-11/plugins:/opt/ros/humble/opt/rviz_ogre_vendor/lib:/opt/ros/humble/lib/x86_64-linux-gnu:/opt/ros/humble/lib:/usr/lib/x86_64-linux-gnu/gazebo-11/plugins PYTHONPATH=/workspaces/TIAgo_humble/install/tiago_description/local/lib/python3.10/dist-packages:/workspaces/TIAgo_humble/build/play_motion2_cli:/workspaces/TIAgo_humble/install/play_motion2_cli/lib/python3.10/site-packages:/workspaces/TIAgo_humble/install/pmb2_description/local/lib/python3.10/dist-packages:/workspaces/TIAgo_humble/install/play_motion2/local/lib/python3.10/dist-packages:/workspaces/TIAgo_humble/install/omni_base_description/local/lib/python3.10/dist-packages:/workspaces/TIAgo_humble/install/play_motion2_msgs/local/lib/python3.10/dist-packages:/workspaces/TIAgo_humble/build/launch_pal:/workspaces/TIAgo_humble/install/launch_pal/lib/python3.10/site-packages:${PYTHONPATH} /usr/bin/cmake --build /workspaces/TIAgo_humble/build/tiago_gazebo -- -j24 -l24
[69.379s] DEBUG:colcon.colcon_core.event_handler.log_command:Invoking command in '/workspaces/TIAgo_humble/build/tiago_gazebo': AMENT_PREFIX_PATH=/workspaces/TIAgo_humble/install/tiago_moveit_config:/workspaces/TIAgo_humble/install/tiago_bringup:/workspaces/TIAgo_humble/install/tiago_description:/workspaces/TIAgo_humble/install/tiago_controller_configuration:/workspaces/TIAgo_humble/install/tiago_2dnav:/workspaces/TIAgo_humble/install/play_motion2_cli:/workspaces/TIAgo_humble/install/tiago_laser_sensors:/workspaces/TIAgo_humble/install/pmb2_description:/workspaces/TIAgo_humble/install/pmb2_controller_configuration:/workspaces/TIAgo_humble/install/pmb2_2dnav:/workspaces/TIAgo_humble/install/play_motion2:/workspaces/TIAgo_humble/install/pal_hey5_description:/workspaces/TIAgo_humble/install/pal_gripper_description:/workspaces/TIAgo_humble/install/pal_gazebo_worlds:/workspaces/TIAgo_humble/install/omni_base_description:/workspaces/TIAgo_humble/install/tiago_rgbd_sensors:/workspaces/TIAgo_humble/install/pmb2_laser_sensors:/workspaces/TIAgo_humble/install/play_motion2_msgs:/workspaces/TIAgo_humble/install/pal_urdf_utils:/workspaces/TIAgo_humble/install/pal_robotiq_description:/workspaces/TIAgo_humble/install/pal_robotiq_controller_configuration:/workspaces/TIAgo_humble/install/pal_maps:/workspaces/TIAgo_humble/install/pal_hey5_controller_configuration:/workspaces/TIAgo_humble/install/pal_gripper_controller_configuration:/workspaces/TIAgo_humble/install/pal_gazebo_plugins:/workspaces/TIAgo_humble/install/omni_base_controller_configuration:/workspaces/TIAgo_humble/install/moveit_ros_control_interface:/workspaces/TIAgo_humble/install/launch_pal:${AMENT_PREFIX_PATH} CMAKE_PREFIX_PATH=/workspaces/TIAgo_humble/install/tiago_moveit_config:/workspaces/TIAgo_humble/install/tiago_bringup:/workspaces/TIAgo_humble/install/tiago_description:/workspaces/TIAgo_humble/install/tiago_controller_configuration:/workspaces/TIAgo_humble/install/tiago_2dnav:/workspaces/TIAgo_humble/install/tiago_laser_sensors:/workspaces/TIAgo_humble/install/pmb2_description:/workspaces/TIAgo_humble/install/pmb2_controller_configuration:/workspaces/TIAgo_humble/install/pmb2_2dnav:/workspaces/TIAgo_humble/install/play_motion2:/workspaces/TIAgo_humble/install/pal_hey5_description:/workspaces/TIAgo_humble/install/pal_gripper_description:/workspaces/TIAgo_humble/install/pal_gazebo_worlds:/workspaces/TIAgo_humble/install/omni_base_description:/workspaces/TIAgo_humble/install/tiago_rgbd_sensors:/workspaces/TIAgo_humble/install/pmb2_laser_sensors:/workspaces/TIAgo_humble/install/play_motion2_msgs:/workspaces/TIAgo_humble/install/pal_urdf_utils:/workspaces/TIAgo_humble/install/pal_robotiq_description:/workspaces/TIAgo_humble/install/pal_robotiq_controller_configuration:/workspaces/TIAgo_humble/install/pal_maps:/workspaces/TIAgo_humble/install/pal_hey5_controller_configuration:/workspaces/TIAgo_humble/install/pal_gripper_controller_configuration:/workspaces/TIAgo_humble/install/pal_gazebo_plugins:/workspaces/TIAgo_humble/install/omni_base_controller_configuration:/workspaces/TIAgo_humble/install/moveit_ros_control_interface:/opt/ros/humble GAZEBO_MODEL_PATH=/workspaces/TIAgo_humble/install/pal_gazebo_worlds/share/pal_gazebo_worlds/models:${GAZEBO_MODEL_PATH} GZ_SIM_RESOURCE_PATH=/workspaces/TIAgo_humble/install/pal_gazebo_worlds/share/pal_gazebo_worlds/models LD_LIBRARY_PATH=/workspaces/TIAgo_humble/install/play_motion2/lib:/workspaces/TIAgo_humble/install/play_motion2_msgs/lib:/workspaces/TIAgo_humble/install/pal_gazebo_plugins/lib:/workspaces/TIAgo_humble/install/moveit_ros_control_interface/lib:/usr/lib/x86_64-linux-gnu/gazebo-11/plugins:/opt/ros/humble/opt/rviz_ogre_vendor/lib:/opt/ros/humble/lib/x86_64-linux-gnu:/opt/ros/humble/lib:/usr/lib/x86_64-linux-gnu/gazebo-11/plugins PYTHONPATH=/workspaces/TIAgo_humble/install/tiago_description/local/lib/python3.10/dist-packages:/workspaces/TIAgo_humble/build/play_motion2_cli:/workspaces/TIAgo_humble/install/play_motion2_cli/lib/python3.10/site-packages:/workspaces/TIAgo_humble/install/pmb2_description/local/lib/python3.10/dist-packages:/workspaces/TIAgo_humble/install/play_motion2/local/lib/python3.10/dist-packages:/workspaces/TIAgo_humble/install/omni_base_description/local/lib/python3.10/dist-packages:/workspaces/TIAgo_humble/install/play_motion2_msgs/local/lib/python3.10/dist-packages:/workspaces/TIAgo_humble/build/launch_pal:/workspaces/TIAgo_humble/install/launch_pal/lib/python3.10/site-packages:${PYTHONPATH} /usr/bin/cmake --install /workspaces/TIAgo_humble/build/tiago_gazebo
[69.517s] Level 1:colcon.colcon_core.environment:create_environment_scripts_only(tiago_gazebo)
[69.518s] Level 1:colcon.colcon_core.environment:checking '/workspaces/TIAgo_humble/install/tiago_gazebo' for CMake module files
[69.518s] DEBUG:colcon.colcon_core.event_handler.log_command:Invoked command in '/workspaces/TIAgo_humble/build/tiago_gazebo' returned '0': AMENT_PREFIX_PATH=/workspaces/TIAgo_humble/install/tiago_moveit_config:/workspaces/TIAgo_humble/install/tiago_bringup:/workspaces/TIAgo_humble/install/tiago_description:/workspaces/TIAgo_humble/install/tiago_controller_configuration:/workspaces/TIAgo_humble/install/tiago_2dnav:/workspaces/TIAgo_humble/install/play_motion2_cli:/workspaces/TIAgo_humble/install/tiago_laser_sensors:/workspaces/TIAgo_humble/install/pmb2_description:/workspaces/TIAgo_humble/install/pmb2_controller_configuration:/workspaces/TIAgo_humble/install/pmb2_2dnav:/workspaces/TIAgo_humble/install/play_motion2:/workspaces/TIAgo_humble/install/pal_hey5_description:/workspaces/TIAgo_humble/install/pal_gripper_description:/workspaces/TIAgo_humble/install/pal_gazebo_worlds:/workspaces/TIAgo_humble/install/omni_base_description:/workspaces/TIAgo_humble/install/tiago_rgbd_sensors:/workspaces/TIAgo_humble/install/pmb2_laser_sensors:/workspaces/TIAgo_humble/install/play_motion2_msgs:/workspaces/TIAgo_humble/install/pal_urdf_utils:/workspaces/TIAgo_humble/install/pal_robotiq_description:/workspaces/TIAgo_humble/install/pal_robotiq_controller_configuration:/workspaces/TIAgo_humble/install/pal_maps:/workspaces/TIAgo_humble/install/pal_hey5_controller_configuration:/workspaces/TIAgo_humble/install/pal_gripper_controller_configuration:/workspaces/TIAgo_humble/install/pal_gazebo_plugins:/workspaces/TIAgo_humble/install/omni_base_controller_configuration:/workspaces/TIAgo_humble/install/moveit_ros_control_interface:/workspaces/TIAgo_humble/install/launch_pal:${AMENT_PREFIX_PATH} CMAKE_PREFIX_PATH=/workspaces/TIAgo_humble/install/tiago_moveit_config:/workspaces/TIAgo_humble/install/tiago_bringup:/workspaces/TIAgo_humble/install/tiago_description:/workspaces/TIAgo_humble/install/tiago_controller_configuration:/workspaces/TIAgo_humble/install/tiago_2dnav:/workspaces/TIAgo_humble/install/tiago_laser_sensors:/workspaces/TIAgo_humble/install/pmb2_description:/workspaces/TIAgo_humble/install/pmb2_controller_configuration:/workspaces/TIAgo_humble/install/pmb2_2dnav:/workspaces/TIAgo_humble/install/play_motion2:/workspaces/TIAgo_humble/install/pal_hey5_description:/workspaces/TIAgo_humble/install/pal_gripper_description:/workspaces/TIAgo_humble/install/pal_gazebo_worlds:/workspaces/TIAgo_humble/install/omni_base_description:/workspaces/TIAgo_humble/install/tiago_rgbd_sensors:/workspaces/TIAgo_humble/install/pmb2_laser_sensors:/workspaces/TIAgo_humble/install/play_motion2_msgs:/workspaces/TIAgo_humble/install/pal_urdf_utils:/workspaces/TIAgo_humble/install/pal_robotiq_description:/workspaces/TIAgo_humble/install/pal_robotiq_controller_configuration:/workspaces/TIAgo_humble/install/pal_maps:/workspaces/TIAgo_humble/install/pal_hey5_controller_configuration:/workspaces/TIAgo_humble/install/pal_gripper_controller_configuration:/workspaces/TIAgo_humble/install/pal_gazebo_plugins:/workspaces/TIAgo_humble/install/omni_base_controller_configuration:/workspaces/TIAgo_humble/install/moveit_ros_control_interface:/opt/ros/humble GAZEBO_MODEL_PATH=/workspaces/TIAgo_humble/install/pal_gazebo_worlds/share/pal_gazebo_worlds/models:${GAZEBO_MODEL_PATH} GZ_SIM_RESOURCE_PATH=/workspaces/TIAgo_humble/install/pal_gazebo_worlds/share/pal_gazebo_worlds/models LD_LIBRARY_PATH=/workspaces/TIAgo_humble/install/play_motion2/lib:/workspaces/TIAgo_humble/install/play_motion2_msgs/lib:/workspaces/TIAgo_humble/install/pal_gazebo_plugins/lib:/workspaces/TIAgo_humble/install/moveit_ros_control_interface/lib:/usr/lib/x86_64-linux-gnu/gazebo-11/plugins:/opt/ros/humble/opt/rviz_ogre_vendor/lib:/opt/ros/humble/lib/x86_64-linux-gnu:/opt/ros/humble/lib:/usr/lib/x86_64-linux-gnu/gazebo-11/plugins PYTHONPATH=/workspaces/TIAgo_humble/install/tiago_description/local/lib/python3.10/dist-packages:/workspaces/TIAgo_humble/build/play_motion2_cli:/workspaces/TIAgo_humble/install/play_motion2_cli/lib/python3.10/site-packages:/workspaces/TIAgo_humble/install/pmb2_description/local/lib/python3.10/dist-packages:/workspaces/TIAgo_humble/install/play_motion2/local/lib/python3.10/dist-packages:/workspaces/TIAgo_humble/install/omni_base_description/local/lib/python3.10/dist-packages:/workspaces/TIAgo_humble/install/play_motion2_msgs/local/lib/python3.10/dist-packages:/workspaces/TIAgo_humble/build/launch_pal:/workspaces/TIAgo_humble/install/launch_pal/lib/python3.10/site-packages:${PYTHONPATH} /usr/bin/cmake --install /workspaces/TIAgo_humble/build/tiago_gazebo
[69.518s] Level 1:colcon.colcon_core.environment:checking '/workspaces/TIAgo_humble/install/tiago_gazebo' for CMake config files
[69.518s] Level 1:colcon.colcon_core.shell:create_environment_hook('tiago_gazebo', 'cmake_prefix_path')
[69.518s] INFO:colcon.colcon_core.shell:Creating environment hook '/workspaces/TIAgo_humble/install/tiago_gazebo/share/tiago_gazebo/hook/cmake_prefix_path.ps1'
[69.519s] INFO:colcon.colcon_core.shell:Creating environment descriptor '/workspaces/TIAgo_humble/install/tiago_gazebo/share/tiago_gazebo/hook/cmake_prefix_path.dsv'
[69.519s] INFO:colcon.colcon_core.shell:Creating environment hook '/workspaces/TIAgo_humble/install/tiago_gazebo/share/tiago_gazebo/hook/cmake_prefix_path.sh'
[69.519s] Level 1:colcon.colcon_core.environment:checking '/workspaces/TIAgo_humble/install/tiago_gazebo/lib'
[69.519s] Level 1:colcon.colcon_core.environment:checking '/workspaces/TIAgo_humble/install/tiago_gazebo/bin'
[69.519s] Level 1:colcon.colcon_core.environment:checking '/workspaces/TIAgo_humble/install/tiago_gazebo/lib/pkgconfig/tiago_gazebo.pc'
[69.520s] Level 1:colcon.colcon_core.environment:checking '/workspaces/TIAgo_humble/install/tiago_gazebo/lib/python3.10/site-packages'
[69.520s] Level 1:colcon.colcon_core.environment:checking '/workspaces/TIAgo_humble/install/tiago_gazebo/bin'
[69.520s] INFO:colcon.colcon_core.shell:Creating package script '/workspaces/TIAgo_humble/install/tiago_gazebo/share/tiago_gazebo/package.ps1'
[69.520s] INFO:colcon.colcon_core.shell:Creating package descriptor '/workspaces/TIAgo_humble/install/tiago_gazebo/share/tiago_gazebo/package.dsv'
[69.521s] INFO:colcon.colcon_core.shell:Creating package script '/workspaces/TIAgo_humble/install/tiago_gazebo/share/tiago_gazebo/package.sh'
[69.521s] INFO:colcon.colcon_core.shell:Creating package script '/workspaces/TIAgo_humble/install/tiago_gazebo/share/tiago_gazebo/package.bash'
[69.521s] INFO:colcon.colcon_core.shell:Creating package script '/workspaces/TIAgo_humble/install/tiago_gazebo/share/tiago_gazebo/package.zsh'
[69.521s] Level 1:colcon.colcon_core.environment:create_file_with_runtime_dependencies(/workspaces/TIAgo_humble/install/tiago_gazebo/share/colcon-core/packages/tiago_gazebo)
[69.522s] Level 1:colcon.colcon_core.environment:create_environment_scripts_only(tiago_gazebo)
[69.522s] Level 1:colcon.colcon_core.environment:checking '/workspaces/TIAgo_humble/install/tiago_gazebo' for CMake module files
[69.522s] Level 1:colcon.colcon_core.environment:checking '/workspaces/TIAgo_humble/install/tiago_gazebo' for CMake config files
[69.522s] Level 1:colcon.colcon_core.shell:create_environment_hook('tiago_gazebo', 'cmake_prefix_path')
[69.522s] INFO:colcon.colcon_core.shell:Creating environment hook '/workspaces/TIAgo_humble/install/tiago_gazebo/share/tiago_gazebo/hook/cmake_prefix_path.ps1'
[69.523s] INFO:colcon.colcon_core.shell:Creating environment descriptor '/workspaces/TIAgo_humble/install/tiago_gazebo/share/tiago_gazebo/hook/cmake_prefix_path.dsv'
[69.523s] INFO:colcon.colcon_core.shell:Creating environment hook '/workspaces/TIAgo_humble/install/tiago_gazebo/share/tiago_gazebo/hook/cmake_prefix_path.sh'
[69.523s] Level 1:colcon.colcon_core.environment:checking '/workspaces/TIAgo_humble/install/tiago_gazebo/lib'
[69.523s] Level 1:colcon.colcon_core.environment:checking '/workspaces/TIAgo_humble/install/tiago_gazebo/bin'
[69.523s] Level 1:colcon.colcon_core.environment:checking '/workspaces/TIAgo_humble/install/tiago_gazebo/lib/pkgconfig/tiago_gazebo.pc'
[69.523s] Level 1:colcon.colcon_core.environment:checking '/workspaces/TIAgo_humble/install/tiago_gazebo/lib/python3.10/site-packages'
[69.524s] Level 1:colcon.colcon_core.environment:checking '/workspaces/TIAgo_humble/install/tiago_gazebo/bin'
[69.524s] INFO:colcon.colcon_core.shell:Creating package script '/workspaces/TIAgo_humble/install/tiago_gazebo/share/tiago_gazebo/package.ps1'
[69.524s] INFO:colcon.colcon_core.shell:Creating package descriptor '/workspaces/TIAgo_humble/install/tiago_gazebo/share/tiago_gazebo/package.dsv'
[69.524s] INFO:colcon.colcon_core.shell:Creating package script '/workspaces/TIAgo_humble/install/tiago_gazebo/share/tiago_gazebo/package.sh'
[69.525s] INFO:colcon.colcon_core.shell:Creating package script '/workspaces/TIAgo_humble/install/tiago_gazebo/share/tiago_gazebo/package.bash'
[69.525s] INFO:colcon.colcon_core.shell:Creating package script '/workspaces/TIAgo_humble/install/tiago_gazebo/share/tiago_gazebo/package.zsh'
[69.525s] Level 1:colcon.colcon_core.environment:create_file_with_runtime_dependencies(/workspaces/TIAgo_humble/install/tiago_gazebo/share/colcon-core/packages/tiago_gazebo)
[69.525s] INFO:colcon.colcon_ros.task.ament_cmake.build:Building ROS package in '/workspaces/TIAgo_humble/ros2_ws/src/tiago_simulation/tiago_simulation' with build type 'ament_cmake'
[69.525s] INFO:colcon.colcon_cmake.task.cmake.build:Building CMake package in '/workspaces/TIAgo_humble/ros2_ws/src/tiago_simulation/tiago_simulation'
[69.525s] INFO:colcon.colcon_core.shell:Skip shell extension 'powershell' for command environment: Not usable outside of PowerShell
[69.526s] DEBUG:colcon.colcon_core.shell:Skip shell extension 'dsv' for command environment
[69.551s] DEBUG:colcon.colcon_core.event_handler.log_command:Invoking command in '/workspaces/TIAgo_humble/build/tiago_simulation': AMENT_PREFIX_PATH=/workspaces/TIAgo_humble/install/tiago_gazebo:/workspaces/TIAgo_humble/install/tiago_moveit_config:/workspaces/TIAgo_humble/install/tiago_bringup:/workspaces/TIAgo_humble/install/tiago_description:/workspaces/TIAgo_humble/install/tiago_controller_configuration:/workspaces/TIAgo_humble/install/tiago_2dnav:/workspaces/TIAgo_humble/install/play_motion2_cli:/workspaces/TIAgo_humble/install/tiago_laser_sensors:/workspaces/TIAgo_humble/install/pmb2_description:/workspaces/TIAgo_humble/install/pmb2_controller_configuration:/workspaces/TIAgo_humble/install/pmb2_2dnav:/workspaces/TIAgo_humble/install/play_motion2:/workspaces/TIAgo_humble/install/pal_hey5_description:/workspaces/TIAgo_humble/install/pal_gripper_description:/workspaces/TIAgo_humble/install/pal_gazebo_worlds:/workspaces/TIAgo_humble/install/omni_base_description:/workspaces/TIAgo_humble/install/tiago_rgbd_sensors:/workspaces/TIAgo_humble/install/pmb2_laser_sensors:/workspaces/TIAgo_humble/install/play_motion2_msgs:/workspaces/TIAgo_humble/install/pal_urdf_utils:/workspaces/TIAgo_humble/install/pal_robotiq_description:/workspaces/TIAgo_humble/install/pal_robotiq_controller_configuration:/workspaces/TIAgo_humble/install/pal_maps:/workspaces/TIAgo_humble/install/pal_hey5_controller_configuration:/workspaces/TIAgo_humble/install/pal_gripper_controller_configuration:/workspaces/TIAgo_humble/install/pal_gazebo_plugins:/workspaces/TIAgo_humble/install/omni_base_controller_configuration:/workspaces/TIAgo_humble/install/moveit_ros_control_interface:/workspaces/TIAgo_humble/install/launch_pal:${AMENT_PREFIX_PATH} CMAKE_PREFIX_PATH=/workspaces/TIAgo_humble/install/tiago_gazebo:/workspaces/TIAgo_humble/install/tiago_moveit_config:/workspaces/TIAgo_humble/install/tiago_bringup:/workspaces/TIAgo_humble/install/tiago_description:/workspaces/TIAgo_humble/install/tiago_controller_configuration:/workspaces/TIAgo_humble/install/tiago_2dnav:/workspaces/TIAgo_humble/install/tiago_laser_sensors:/workspaces/TIAgo_humble/install/pmb2_description:/workspaces/TIAgo_humble/install/pmb2_controller_configuration:/workspaces/TIAgo_humble/install/pmb2_2dnav:/workspaces/TIAgo_humble/install/play_motion2:/workspaces/TIAgo_humble/install/pal_hey5_description:/workspaces/TIAgo_humble/install/pal_gripper_description:/workspaces/TIAgo_humble/install/pal_gazebo_worlds:/workspaces/TIAgo_humble/install/omni_base_description:/workspaces/TIAgo_humble/install/tiago_rgbd_sensors:/workspaces/TIAgo_humble/install/pmb2_laser_sensors:/workspaces/TIAgo_humble/install/play_motion2_msgs:/workspaces/TIAgo_humble/install/pal_urdf_utils:/workspaces/TIAgo_humble/install/pal_robotiq_description:/workspaces/TIAgo_humble/install/pal_robotiq_controller_configuration:/workspaces/TIAgo_humble/install/pal_maps:/workspaces/TIAgo_humble/install/pal_hey5_controller_configuration:/workspaces/TIAgo_humble/install/pal_gripper_controller_configuration:/workspaces/TIAgo_humble/install/pal_gazebo_plugins:/workspaces/TIAgo_humble/install/omni_base_controller_configuration:/workspaces/TIAgo_humble/install/moveit_ros_control_interface:/opt/ros/humble GAZEBO_MODEL_PATH=/workspaces/TIAgo_humble/install/pal_gazebo_worlds/share/pal_gazebo_worlds/models:${GAZEBO_MODEL_PATH} GZ_SIM_RESOURCE_PATH=/workspaces/TIAgo_humble/install/pal_gazebo_worlds/share/pal_gazebo_worlds/models LD_LIBRARY_PATH=/workspaces/TIAgo_humble/install/play_motion2/lib:/workspaces/TIAgo_humble/install/play_motion2_msgs/lib:/workspaces/TIAgo_humble/install/pal_gazebo_plugins/lib:/workspaces/TIAgo_humble/install/moveit_ros_control_interface/lib:/usr/lib/x86_64-linux-gnu/gazebo-11/plugins:/opt/ros/humble/opt/rviz_ogre_vendor/lib:/opt/ros/humble/lib/x86_64-linux-gnu:/opt/ros/humble/lib:/usr/lib/x86_64-linux-gnu/gazebo-11/plugins PYTHONPATH=/workspaces/TIAgo_humble/install/tiago_description/local/lib/python3.10/dist-packages:/workspaces/TIAgo_humble/build/play_motion2_cli:/workspaces/TIAgo_humble/install/play_motion2_cli/lib/python3.10/site-packages:/workspaces/TIAgo_humble/install/pmb2_description/local/lib/python3.10/dist-packages:/workspaces/TIAgo_humble/install/play_motion2/local/lib/python3.10/dist-packages:/workspaces/TIAgo_humble/install/omni_base_description/local/lib/python3.10/dist-packages:/workspaces/TIAgo_humble/install/play_motion2_msgs/local/lib/python3.10/dist-packages:/workspaces/TIAgo_humble/build/launch_pal:/workspaces/TIAgo_humble/install/launch_pal/lib/python3.10/site-packages:${PYTHONPATH} /usr/bin/cmake /workspaces/TIAgo_humble/ros2_ws/src/tiago_simulation/tiago_simulation -DCMAKE_BUILD_TYPE=Release -DAMENT_CMAKE_SYMLINK_INSTALL=1 -DCMAKE_INSTALL_PREFIX=/workspaces/TIAgo_humble/install/tiago_simulation
[69.970s] DEBUG:colcon.colcon_core.event_handler.log_command:Invoked command in '/workspaces/TIAgo_humble/build/tiago_simulation' returned '0': AMENT_PREFIX_PATH=/workspaces/TIAgo_humble/install/tiago_gazebo:/workspaces/TIAgo_humble/install/tiago_moveit_config:/workspaces/TIAgo_humble/install/tiago_bringup:/workspaces/TIAgo_humble/install/tiago_description:/workspaces/TIAgo_humble/install/tiago_controller_configuration:/workspaces/TIAgo_humble/install/tiago_2dnav:/workspaces/TIAgo_humble/install/play_motion2_cli:/workspaces/TIAgo_humble/install/tiago_laser_sensors:/workspaces/TIAgo_humble/install/pmb2_description:/workspaces/TIAgo_humble/install/pmb2_controller_configuration:/workspaces/TIAgo_humble/install/pmb2_2dnav:/workspaces/TIAgo_humble/install/play_motion2:/workspaces/TIAgo_humble/install/pal_hey5_description:/workspaces/TIAgo_humble/install/pal_gripper_description:/workspaces/TIAgo_humble/install/pal_gazebo_worlds:/workspaces/TIAgo_humble/install/omni_base_description:/workspaces/TIAgo_humble/install/tiago_rgbd_sensors:/workspaces/TIAgo_humble/install/pmb2_laser_sensors:/workspaces/TIAgo_humble/install/play_motion2_msgs:/workspaces/TIAgo_humble/install/pal_urdf_utils:/workspaces/TIAgo_humble/install/pal_robotiq_description:/workspaces/TIAgo_humble/install/pal_robotiq_controller_configuration:/workspaces/TIAgo_humble/install/pal_maps:/workspaces/TIAgo_humble/install/pal_hey5_controller_configuration:/workspaces/TIAgo_humble/install/pal_gripper_controller_configuration:/workspaces/TIAgo_humble/install/pal_gazebo_plugins:/workspaces/TIAgo_humble/install/omni_base_controller_configuration:/workspaces/TIAgo_humble/install/moveit_ros_control_interface:/workspaces/TIAgo_humble/install/launch_pal:${AMENT_PREFIX_PATH} CMAKE_PREFIX_PATH=/workspaces/TIAgo_humble/install/tiago_gazebo:/workspaces/TIAgo_humble/install/tiago_moveit_config:/workspaces/TIAgo_humble/install/tiago_bringup:/workspaces/TIAgo_humble/install/tiago_description:/workspaces/TIAgo_humble/install/tiago_controller_configuration:/workspaces/TIAgo_humble/install/tiago_2dnav:/workspaces/TIAgo_humble/install/tiago_laser_sensors:/workspaces/TIAgo_humble/install/pmb2_description:/workspaces/TIAgo_humble/install/pmb2_controller_configuration:/workspaces/TIAgo_humble/install/pmb2_2dnav:/workspaces/TIAgo_humble/install/play_motion2:/workspaces/TIAgo_humble/install/pal_hey5_description:/workspaces/TIAgo_humble/install/pal_gripper_description:/workspaces/TIAgo_humble/install/pal_gazebo_worlds:/workspaces/TIAgo_humble/install/omni_base_description:/workspaces/TIAgo_humble/install/tiago_rgbd_sensors:/workspaces/TIAgo_humble/install/pmb2_laser_sensors:/workspaces/TIAgo_humble/install/play_motion2_msgs:/workspaces/TIAgo_humble/install/pal_urdf_utils:/workspaces/TIAgo_humble/install/pal_robotiq_description:/workspaces/TIAgo_humble/install/pal_robotiq_controller_configuration:/workspaces/TIAgo_humble/install/pal_maps:/workspaces/TIAgo_humble/install/pal_hey5_controller_configuration:/workspaces/TIAgo_humble/install/pal_gripper_controller_configuration:/workspaces/TIAgo_humble/install/pal_gazebo_plugins:/workspaces/TIAgo_humble/install/omni_base_controller_configuration:/workspaces/TIAgo_humble/install/moveit_ros_control_interface:/opt/ros/humble GAZEBO_MODEL_PATH=/workspaces/TIAgo_humble/install/pal_gazebo_worlds/share/pal_gazebo_worlds/models:${GAZEBO_MODEL_PATH} GZ_SIM_RESOURCE_PATH=/workspaces/TIAgo_humble/install/pal_gazebo_worlds/share/pal_gazebo_worlds/models LD_LIBRARY_PATH=/workspaces/TIAgo_humble/install/play_motion2/lib:/workspaces/TIAgo_humble/install/play_motion2_msgs/lib:/workspaces/TIAgo_humble/install/pal_gazebo_plugins/lib:/workspaces/TIAgo_humble/install/moveit_ros_control_interface/lib:/usr/lib/x86_64-linux-gnu/gazebo-11/plugins:/opt/ros/humble/opt/rviz_ogre_vendor/lib:/opt/ros/humble/lib/x86_64-linux-gnu:/opt/ros/humble/lib:/usr/lib/x86_64-linux-gnu/gazebo-11/plugins PYTHONPATH=/workspaces/TIAgo_humble/install/tiago_description/local/lib/python3.10/dist-packages:/workspaces/TIAgo_humble/build/play_motion2_cli:/workspaces/TIAgo_humble/install/play_motion2_cli/lib/python3.10/site-packages:/workspaces/TIAgo_humble/install/pmb2_description/local/lib/python3.10/dist-packages:/workspaces/TIAgo_humble/install/play_motion2/local/lib/python3.10/dist-packages:/workspaces/TIAgo_humble/install/omni_base_description/local/lib/python3.10/dist-packages:/workspaces/TIAgo_humble/install/play_motion2_msgs/local/lib/python3.10/dist-packages:/workspaces/TIAgo_humble/build/launch_pal:/workspaces/TIAgo_humble/install/launch_pal/lib/python3.10/site-packages:${PYTHONPATH} /usr/bin/cmake /workspaces/TIAgo_humble/ros2_ws/src/tiago_simulation/tiago_simulation -DCMAKE_BUILD_TYPE=Release -DAMENT_CMAKE_SYMLINK_INSTALL=1 -DCMAKE_INSTALL_PREFIX=/workspaces/TIAgo_humble/install/tiago_simulation
[69.970s] DEBUG:colcon.colcon_core.event_handler.log_command:Invoking command in '/workspaces/TIAgo_humble/build/tiago_simulation': AMENT_PREFIX_PATH=/workspaces/TIAgo_humble/install/tiago_gazebo:/workspaces/TIAgo_humble/install/tiago_moveit_config:/workspaces/TIAgo_humble/install/tiago_bringup:/workspaces/TIAgo_humble/install/tiago_description:/workspaces/TIAgo_humble/install/tiago_controller_configuration:/workspaces/TIAgo_humble/install/tiago_2dnav:/workspaces/TIAgo_humble/install/play_motion2_cli:/workspaces/TIAgo_humble/install/tiago_laser_sensors:/workspaces/TIAgo_humble/install/pmb2_description:/workspaces/TIAgo_humble/install/pmb2_controller_configuration:/workspaces/TIAgo_humble/install/pmb2_2dnav:/workspaces/TIAgo_humble/install/play_motion2:/workspaces/TIAgo_humble/install/pal_hey5_description:/workspaces/TIAgo_humble/install/pal_gripper_description:/workspaces/TIAgo_humble/install/pal_gazebo_worlds:/workspaces/TIAgo_humble/install/omni_base_description:/workspaces/TIAgo_humble/install/tiago_rgbd_sensors:/workspaces/TIAgo_humble/install/pmb2_laser_sensors:/workspaces/TIAgo_humble/install/play_motion2_msgs:/workspaces/TIAgo_humble/install/pal_urdf_utils:/workspaces/TIAgo_humble/install/pal_robotiq_description:/workspaces/TIAgo_humble/install/pal_robotiq_controller_configuration:/workspaces/TIAgo_humble/install/pal_maps:/workspaces/TIAgo_humble/install/pal_hey5_controller_configuration:/workspaces/TIAgo_humble/install/pal_gripper_controller_configuration:/workspaces/TIAgo_humble/install/pal_gazebo_plugins:/workspaces/TIAgo_humble/install/omni_base_controller_configuration:/workspaces/TIAgo_humble/install/moveit_ros_control_interface:/workspaces/TIAgo_humble/install/launch_pal:${AMENT_PREFIX_PATH} CMAKE_PREFIX_PATH=/workspaces/TIAgo_humble/install/tiago_gazebo:/workspaces/TIAgo_humble/install/tiago_moveit_config:/workspaces/TIAgo_humble/install/tiago_bringup:/workspaces/TIAgo_humble/install/tiago_description:/workspaces/TIAgo_humble/install/tiago_controller_configuration:/workspaces/TIAgo_humble/install/tiago_2dnav:/workspaces/TIAgo_humble/install/tiago_laser_sensors:/workspaces/TIAgo_humble/install/pmb2_description:/workspaces/TIAgo_humble/install/pmb2_controller_configuration:/workspaces/TIAgo_humble/install/pmb2_2dnav:/workspaces/TIAgo_humble/install/play_motion2:/workspaces/TIAgo_humble/install/pal_hey5_description:/workspaces/TIAgo_humble/install/pal_gripper_description:/workspaces/TIAgo_humble/install/pal_gazebo_worlds:/workspaces/TIAgo_humble/install/omni_base_description:/workspaces/TIAgo_humble/install/tiago_rgbd_sensors:/workspaces/TIAgo_humble/install/pmb2_laser_sensors:/workspaces/TIAgo_humble/install/play_motion2_msgs:/workspaces/TIAgo_humble/install/pal_urdf_utils:/workspaces/TIAgo_humble/install/pal_robotiq_description:/workspaces/TIAgo_humble/install/pal_robotiq_controller_configuration:/workspaces/TIAgo_humble/install/pal_maps:/workspaces/TIAgo_humble/install/pal_hey5_controller_configuration:/workspaces/TIAgo_humble/install/pal_gripper_controller_configuration:/workspaces/TIAgo_humble/install/pal_gazebo_plugins:/workspaces/TIAgo_humble/install/omni_base_controller_configuration:/workspaces/TIAgo_humble/install/moveit_ros_control_interface:/opt/ros/humble GAZEBO_MODEL_PATH=/workspaces/TIAgo_humble/install/pal_gazebo_worlds/share/pal_gazebo_worlds/models:${GAZEBO_MODEL_PATH} GZ_SIM_RESOURCE_PATH=/workspaces/TIAgo_humble/install/pal_gazebo_worlds/share/pal_gazebo_worlds/models LD_LIBRARY_PATH=/workspaces/TIAgo_humble/install/play_motion2/lib:/workspaces/TIAgo_humble/install/play_motion2_msgs/lib:/workspaces/TIAgo_humble/install/pal_gazebo_plugins/lib:/workspaces/TIAgo_humble/install/moveit_ros_control_interface/lib:/usr/lib/x86_64-linux-gnu/gazebo-11/plugins:/opt/ros/humble/opt/rviz_ogre_vendor/lib:/opt/ros/humble/lib/x86_64-linux-gnu:/opt/ros/humble/lib:/usr/lib/x86_64-linux-gnu/gazebo-11/plugins PYTHONPATH=/workspaces/TIAgo_humble/install/tiago_description/local/lib/python3.10/dist-packages:/workspaces/TIAgo_humble/build/play_motion2_cli:/workspaces/TIAgo_humble/install/play_motion2_cli/lib/python3.10/site-packages:/workspaces/TIAgo_humble/install/pmb2_description/local/lib/python3.10/dist-packages:/workspaces/TIAgo_humble/install/play_motion2/local/lib/python3.10/dist-packages:/workspaces/TIAgo_humble/install/omni_base_description/local/lib/python3.10/dist-packages:/workspaces/TIAgo_humble/install/play_motion2_msgs/local/lib/python3.10/dist-packages:/workspaces/TIAgo_humble/build/launch_pal:/workspaces/TIAgo_humble/install/launch_pal/lib/python3.10/site-packages:${PYTHONPATH} /usr/bin/cmake --build /workspaces/TIAgo_humble/build/tiago_simulation -- -j24 -l24
[69.991s] DEBUG:colcon.colcon_core.event_handler.log_command:Invoked command in '/workspaces/TIAgo_humble/build/tiago_simulation' returned '0': AMENT_PREFIX_PATH=/workspaces/TIAgo_humble/install/tiago_gazebo:/workspaces/TIAgo_humble/install/tiago_moveit_config:/workspaces/TIAgo_humble/install/tiago_bringup:/workspaces/TIAgo_humble/install/tiago_description:/workspaces/TIAgo_humble/install/tiago_controller_configuration:/workspaces/TIAgo_humble/install/tiago_2dnav:/workspaces/TIAgo_humble/install/play_motion2_cli:/workspaces/TIAgo_humble/install/tiago_laser_sensors:/workspaces/TIAgo_humble/install/pmb2_description:/workspaces/TIAgo_humble/install/pmb2_controller_configuration:/workspaces/TIAgo_humble/install/pmb2_2dnav:/workspaces/TIAgo_humble/install/play_motion2:/workspaces/TIAgo_humble/install/pal_hey5_description:/workspaces/TIAgo_humble/install/pal_gripper_description:/workspaces/TIAgo_humble/install/pal_gazebo_worlds:/workspaces/TIAgo_humble/install/omni_base_description:/workspaces/TIAgo_humble/install/tiago_rgbd_sensors:/workspaces/TIAgo_humble/install/pmb2_laser_sensors:/workspaces/TIAgo_humble/install/play_motion2_msgs:/workspaces/TIAgo_humble/install/pal_urdf_utils:/workspaces/TIAgo_humble/install/pal_robotiq_description:/workspaces/TIAgo_humble/install/pal_robotiq_controller_configuration:/workspaces/TIAgo_humble/install/pal_maps:/workspaces/TIAgo_humble/install/pal_hey5_controller_configuration:/workspaces/TIAgo_humble/install/pal_gripper_controller_configuration:/workspaces/TIAgo_humble/install/pal_gazebo_plugins:/workspaces/TIAgo_humble/install/omni_base_controller_configuration:/workspaces/TIAgo_humble/install/moveit_ros_control_interface:/workspaces/TIAgo_humble/install/launch_pal:${AMENT_PREFIX_PATH} CMAKE_PREFIX_PATH=/workspaces/TIAgo_humble/install/tiago_gazebo:/workspaces/TIAgo_humble/install/tiago_moveit_config:/workspaces/TIAgo_humble/install/tiago_bringup:/workspaces/TIAgo_humble/install/tiago_description:/workspaces/TIAgo_humble/install/tiago_controller_configuration:/workspaces/TIAgo_humble/install/tiago_2dnav:/workspaces/TIAgo_humble/install/tiago_laser_sensors:/workspaces/TIAgo_humble/install/pmb2_description:/workspaces/TIAgo_humble/install/pmb2_controller_configuration:/workspaces/TIAgo_humble/install/pmb2_2dnav:/workspaces/TIAgo_humble/install/play_motion2:/workspaces/TIAgo_humble/install/pal_hey5_description:/workspaces/TIAgo_humble/install/pal_gripper_description:/workspaces/TIAgo_humble/install/pal_gazebo_worlds:/workspaces/TIAgo_humble/install/omni_base_description:/workspaces/TIAgo_humble/install/tiago_rgbd_sensors:/workspaces/TIAgo_humble/install/pmb2_laser_sensors:/workspaces/TIAgo_humble/install/play_motion2_msgs:/workspaces/TIAgo_humble/install/pal_urdf_utils:/workspaces/TIAgo_humble/install/pal_robotiq_description:/workspaces/TIAgo_humble/install/pal_robotiq_controller_configuration:/workspaces/TIAgo_humble/install/pal_maps:/workspaces/TIAgo_humble/install/pal_hey5_controller_configuration:/workspaces/TIAgo_humble/install/pal_gripper_controller_configuration:/workspaces/TIAgo_humble/install/pal_gazebo_plugins:/workspaces/TIAgo_humble/install/omni_base_controller_configuration:/workspaces/TIAgo_humble/install/moveit_ros_control_interface:/opt/ros/humble GAZEBO_MODEL_PATH=/workspaces/TIAgo_humble/install/pal_gazebo_worlds/share/pal_gazebo_worlds/models:${GAZEBO_MODEL_PATH} GZ_SIM_RESOURCE_PATH=/workspaces/TIAgo_humble/install/pal_gazebo_worlds/share/pal_gazebo_worlds/models LD_LIBRARY_PATH=/workspaces/TIAgo_humble/install/play_motion2/lib:/workspaces/TIAgo_humble/install/play_motion2_msgs/lib:/workspaces/TIAgo_humble/install/pal_gazebo_plugins/lib:/workspaces/TIAgo_humble/install/moveit_ros_control_interface/lib:/usr/lib/x86_64-linux-gnu/gazebo-11/plugins:/opt/ros/humble/opt/rviz_ogre_vendor/lib:/opt/ros/humble/lib/x86_64-linux-gnu:/opt/ros/humble/lib:/usr/lib/x86_64-linux-gnu/gazebo-11/plugins PYTHONPATH=/workspaces/TIAgo_humble/install/tiago_description/local/lib/python3.10/dist-packages:/workspaces/TIAgo_humble/build/play_motion2_cli:/workspaces/TIAgo_humble/install/play_motion2_cli/lib/python3.10/site-packages:/workspaces/TIAgo_humble/install/pmb2_description/local/lib/python3.10/dist-packages:/workspaces/TIAgo_humble/install/play_motion2/local/lib/python3.10/dist-packages:/workspaces/TIAgo_humble/install/omni_base_description/local/lib/python3.10/dist-packages:/workspaces/TIAgo_humble/install/play_motion2_msgs/local/lib/python3.10/dist-packages:/workspaces/TIAgo_humble/build/launch_pal:/workspaces/TIAgo_humble/install/launch_pal/lib/python3.10/site-packages:${PYTHONPATH} /usr/bin/cmake --build /workspaces/TIAgo_humble/build/tiago_simulation -- -j24 -l24
[69.992s] DEBUG:colcon.colcon_core.event_handler.log_command:Invoking command in '/workspaces/TIAgo_humble/build/tiago_simulation': AMENT_PREFIX_PATH=/workspaces/TIAgo_humble/install/tiago_gazebo:/workspaces/TIAgo_humble/install/tiago_moveit_config:/workspaces/TIAgo_humble/install/tiago_bringup:/workspaces/TIAgo_humble/install/tiago_description:/workspaces/TIAgo_humble/install/tiago_controller_configuration:/workspaces/TIAgo_humble/install/tiago_2dnav:/workspaces/TIAgo_humble/install/play_motion2_cli:/workspaces/TIAgo_humble/install/tiago_laser_sensors:/workspaces/TIAgo_humble/install/pmb2_description:/workspaces/TIAgo_humble/install/pmb2_controller_configuration:/workspaces/TIAgo_humble/install/pmb2_2dnav:/workspaces/TIAgo_humble/install/play_motion2:/workspaces/TIAgo_humble/install/pal_hey5_description:/workspaces/TIAgo_humble/install/pal_gripper_description:/workspaces/TIAgo_humble/install/pal_gazebo_worlds:/workspaces/TIAgo_humble/install/omni_base_description:/workspaces/TIAgo_humble/install/tiago_rgbd_sensors:/workspaces/TIAgo_humble/install/pmb2_laser_sensors:/workspaces/TIAgo_humble/install/play_motion2_msgs:/workspaces/TIAgo_humble/install/pal_urdf_utils:/workspaces/TIAgo_humble/install/pal_robotiq_description:/workspaces/TIAgo_humble/install/pal_robotiq_controller_configuration:/workspaces/TIAgo_humble/install/pal_maps:/workspaces/TIAgo_humble/install/pal_hey5_controller_configuration:/workspaces/TIAgo_humble/install/pal_gripper_controller_configuration:/workspaces/TIAgo_humble/install/pal_gazebo_plugins:/workspaces/TIAgo_humble/install/omni_base_controller_configuration:/workspaces/TIAgo_humble/install/moveit_ros_control_interface:/workspaces/TIAgo_humble/install/launch_pal:${AMENT_PREFIX_PATH} CMAKE_PREFIX_PATH=/workspaces/TIAgo_humble/install/tiago_gazebo:/workspaces/TIAgo_humble/install/tiago_moveit_config:/workspaces/TIAgo_humble/install/tiago_bringup:/workspaces/TIAgo_humble/install/tiago_description:/workspaces/TIAgo_humble/install/tiago_controller_configuration:/workspaces/TIAgo_humble/install/tiago_2dnav:/workspaces/TIAgo_humble/install/tiago_laser_sensors:/workspaces/TIAgo_humble/install/pmb2_description:/workspaces/TIAgo_humble/install/pmb2_controller_configuration:/workspaces/TIAgo_humble/install/pmb2_2dnav:/workspaces/TIAgo_humble/install/play_motion2:/workspaces/TIAgo_humble/install/pal_hey5_description:/workspaces/TIAgo_humble/install/pal_gripper_description:/workspaces/TIAgo_humble/install/pal_gazebo_worlds:/workspaces/TIAgo_humble/install/omni_base_description:/workspaces/TIAgo_humble/install/tiago_rgbd_sensors:/workspaces/TIAgo_humble/install/pmb2_laser_sensors:/workspaces/TIAgo_humble/install/play_motion2_msgs:/workspaces/TIAgo_humble/install/pal_urdf_utils:/workspaces/TIAgo_humble/install/pal_robotiq_description:/workspaces/TIAgo_humble/install/pal_robotiq_controller_configuration:/workspaces/TIAgo_humble/install/pal_maps:/workspaces/TIAgo_humble/install/pal_hey5_controller_configuration:/workspaces/TIAgo_humble/install/pal_gripper_controller_configuration:/workspaces/TIAgo_humble/install/pal_gazebo_plugins:/workspaces/TIAgo_humble/install/omni_base_controller_configuration:/workspaces/TIAgo_humble/install/moveit_ros_control_interface:/opt/ros/humble GAZEBO_MODEL_PATH=/workspaces/TIAgo_humble/install/pal_gazebo_worlds/share/pal_gazebo_worlds/models:${GAZEBO_MODEL_PATH} GZ_SIM_RESOURCE_PATH=/workspaces/TIAgo_humble/install/pal_gazebo_worlds/share/pal_gazebo_worlds/models LD_LIBRARY_PATH=/workspaces/TIAgo_humble/install/play_motion2/lib:/workspaces/TIAgo_humble/install/play_motion2_msgs/lib:/workspaces/TIAgo_humble/install/pal_gazebo_plugins/lib:/workspaces/TIAgo_humble/install/moveit_ros_control_interface/lib:/usr/lib/x86_64-linux-gnu/gazebo-11/plugins:/opt/ros/humble/opt/rviz_ogre_vendor/lib:/opt/ros/humble/lib/x86_64-linux-gnu:/opt/ros/humble/lib:/usr/lib/x86_64-linux-gnu/gazebo-11/plugins PYTHONPATH=/workspaces/TIAgo_humble/install/tiago_description/local/lib/python3.10/dist-packages:/workspaces/TIAgo_humble/build/play_motion2_cli:/workspaces/TIAgo_humble/install/play_motion2_cli/lib/python3.10/site-packages:/workspaces/TIAgo_humble/install/pmb2_description/local/lib/python3.10/dist-packages:/workspaces/TIAgo_humble/install/play_motion2/local/lib/python3.10/dist-packages:/workspaces/TIAgo_humble/install/omni_base_description/local/lib/python3.10/dist-packages:/workspaces/TIAgo_humble/install/play_motion2_msgs/local/lib/python3.10/dist-packages:/workspaces/TIAgo_humble/build/launch_pal:/workspaces/TIAgo_humble/install/launch_pal/lib/python3.10/site-packages:${PYTHONPATH} /usr/bin/cmake --install /workspaces/TIAgo_humble/build/tiago_simulation
[70.065s] Level 1:colcon.colcon_core.environment:create_environment_scripts_only(tiago_simulation)
[70.065s] Level 1:colcon.colcon_core.environment:checking '/workspaces/TIAgo_humble/install/tiago_simulation' for CMake module files
[70.066s] DEBUG:colcon.colcon_core.event_handler.log_command:Invoked command in '/workspaces/TIAgo_humble/build/tiago_simulation' returned '0': AMENT_PREFIX_PATH=/workspaces/TIAgo_humble/install/tiago_gazebo:/workspaces/TIAgo_humble/install/tiago_moveit_config:/workspaces/TIAgo_humble/install/tiago_bringup:/workspaces/TIAgo_humble/install/tiago_description:/workspaces/TIAgo_humble/install/tiago_controller_configuration:/workspaces/TIAgo_humble/install/tiago_2dnav:/workspaces/TIAgo_humble/install/play_motion2_cli:/workspaces/TIAgo_humble/install/tiago_laser_sensors:/workspaces/TIAgo_humble/install/pmb2_description:/workspaces/TIAgo_humble/install/pmb2_controller_configuration:/workspaces/TIAgo_humble/install/pmb2_2dnav:/workspaces/TIAgo_humble/install/play_motion2:/workspaces/TIAgo_humble/install/pal_hey5_description:/workspaces/TIAgo_humble/install/pal_gripper_description:/workspaces/TIAgo_humble/install/pal_gazebo_worlds:/workspaces/TIAgo_humble/install/omni_base_description:/workspaces/TIAgo_humble/install/tiago_rgbd_sensors:/workspaces/TIAgo_humble/install/pmb2_laser_sensors:/workspaces/TIAgo_humble/install/play_motion2_msgs:/workspaces/TIAgo_humble/install/pal_urdf_utils:/workspaces/TIAgo_humble/install/pal_robotiq_description:/workspaces/TIAgo_humble/install/pal_robotiq_controller_configuration:/workspaces/TIAgo_humble/install/pal_maps:/workspaces/TIAgo_humble/install/pal_hey5_controller_configuration:/workspaces/TIAgo_humble/install/pal_gripper_controller_configuration:/workspaces/TIAgo_humble/install/pal_gazebo_plugins:/workspaces/TIAgo_humble/install/omni_base_controller_configuration:/workspaces/TIAgo_humble/install/moveit_ros_control_interface:/workspaces/TIAgo_humble/install/launch_pal:${AMENT_PREFIX_PATH} CMAKE_PREFIX_PATH=/workspaces/TIAgo_humble/install/tiago_gazebo:/workspaces/TIAgo_humble/install/tiago_moveit_config:/workspaces/TIAgo_humble/install/tiago_bringup:/workspaces/TIAgo_humble/install/tiago_description:/workspaces/TIAgo_humble/install/tiago_controller_configuration:/workspaces/TIAgo_humble/install/tiago_2dnav:/workspaces/TIAgo_humble/install/tiago_laser_sensors:/workspaces/TIAgo_humble/install/pmb2_description:/workspaces/TIAgo_humble/install/pmb2_controller_configuration:/workspaces/TIAgo_humble/install/pmb2_2dnav:/workspaces/TIAgo_humble/install/play_motion2:/workspaces/TIAgo_humble/install/pal_hey5_description:/workspaces/TIAgo_humble/install/pal_gripper_description:/workspaces/TIAgo_humble/install/pal_gazebo_worlds:/workspaces/TIAgo_humble/install/omni_base_description:/workspaces/TIAgo_humble/install/tiago_rgbd_sensors:/workspaces/TIAgo_humble/install/pmb2_laser_sensors:/workspaces/TIAgo_humble/install/play_motion2_msgs:/workspaces/TIAgo_humble/install/pal_urdf_utils:/workspaces/TIAgo_humble/install/pal_robotiq_description:/workspaces/TIAgo_humble/install/pal_robotiq_controller_configuration:/workspaces/TIAgo_humble/install/pal_maps:/workspaces/TIAgo_humble/install/pal_hey5_controller_configuration:/workspaces/TIAgo_humble/install/pal_gripper_controller_configuration:/workspaces/TIAgo_humble/install/pal_gazebo_plugins:/workspaces/TIAgo_humble/install/omni_base_controller_configuration:/workspaces/TIAgo_humble/install/moveit_ros_control_interface:/opt/ros/humble GAZEBO_MODEL_PATH=/workspaces/TIAgo_humble/install/pal_gazebo_worlds/share/pal_gazebo_worlds/models:${GAZEBO_MODEL_PATH} GZ_SIM_RESOURCE_PATH=/workspaces/TIAgo_humble/install/pal_gazebo_worlds/share/pal_gazebo_worlds/models LD_LIBRARY_PATH=/workspaces/TIAgo_humble/install/play_motion2/lib:/workspaces/TIAgo_humble/install/play_motion2_msgs/lib:/workspaces/TIAgo_humble/install/pal_gazebo_plugins/lib:/workspaces/TIAgo_humble/install/moveit_ros_control_interface/lib:/usr/lib/x86_64-linux-gnu/gazebo-11/plugins:/opt/ros/humble/opt/rviz_ogre_vendor/lib:/opt/ros/humble/lib/x86_64-linux-gnu:/opt/ros/humble/lib:/usr/lib/x86_64-linux-gnu/gazebo-11/plugins PYTHONPATH=/workspaces/TIAgo_humble/install/tiago_description/local/lib/python3.10/dist-packages:/workspaces/TIAgo_humble/build/play_motion2_cli:/workspaces/TIAgo_humble/install/play_motion2_cli/lib/python3.10/site-packages:/workspaces/TIAgo_humble/install/pmb2_description/local/lib/python3.10/dist-packages:/workspaces/TIAgo_humble/install/play_motion2/local/lib/python3.10/dist-packages:/workspaces/TIAgo_humble/install/omni_base_description/local/lib/python3.10/dist-packages:/workspaces/TIAgo_humble/install/play_motion2_msgs/local/lib/python3.10/dist-packages:/workspaces/TIAgo_humble/build/launch_pal:/workspaces/TIAgo_humble/install/launch_pal/lib/python3.10/site-packages:${PYTHONPATH} /usr/bin/cmake --install /workspaces/TIAgo_humble/build/tiago_simulation
[70.066s] Level 1:colcon.colcon_core.environment:checking '/workspaces/TIAgo_humble/install/tiago_simulation' for CMake config files
[70.066s] Level 1:colcon.colcon_core.shell:create_environment_hook('tiago_simulation', 'cmake_prefix_path')
[70.066s] INFO:colcon.colcon_core.shell:Creating environment hook '/workspaces/TIAgo_humble/install/tiago_simulation/share/tiago_simulation/hook/cmake_prefix_path.ps1'
[70.067s] INFO:colcon.colcon_core.shell:Creating environment descriptor '/workspaces/TIAgo_humble/install/tiago_simulation/share/tiago_simulation/hook/cmake_prefix_path.dsv'
[70.067s] INFO:colcon.colcon_core.shell:Creating environment hook '/workspaces/TIAgo_humble/install/tiago_simulation/share/tiago_simulation/hook/cmake_prefix_path.sh'
[70.067s] Level 1:colcon.colcon_core.environment:checking '/workspaces/TIAgo_humble/install/tiago_simulation/bin'
[70.067s] Level 1:colcon.colcon_core.environment:checking '/workspaces/TIAgo_humble/install/tiago_simulation/lib/pkgconfig/tiago_simulation.pc'
[70.067s] Level 1:colcon.colcon_core.environment:checking '/workspaces/TIAgo_humble/install/tiago_simulation/lib/python3.10/site-packages'
[70.068s] Level 1:colcon.colcon_core.environment:checking '/workspaces/TIAgo_humble/install/tiago_simulation/bin'
[70.068s] INFO:colcon.colcon_core.shell:Creating package script '/workspaces/TIAgo_humble/install/tiago_simulation/share/tiago_simulation/package.ps1'
[70.068s] INFO:colcon.colcon_core.shell:Creating package descriptor '/workspaces/TIAgo_humble/install/tiago_simulation/share/tiago_simulation/package.dsv'
[70.068s] INFO:colcon.colcon_core.shell:Creating package script '/workspaces/TIAgo_humble/install/tiago_simulation/share/tiago_simulation/package.sh'
[70.069s] INFO:colcon.colcon_core.shell:Creating package script '/workspaces/TIAgo_humble/install/tiago_simulation/share/tiago_simulation/package.bash'
[70.069s] INFO:colcon.colcon_core.shell:Creating package script '/workspaces/TIAgo_humble/install/tiago_simulation/share/tiago_simulation/package.zsh'
[70.069s] Level 1:colcon.colcon_core.environment:create_file_with_runtime_dependencies(/workspaces/TIAgo_humble/install/tiago_simulation/share/colcon-core/packages/tiago_simulation)
[70.069s] Level 1:colcon.colcon_core.environment:create_environment_scripts_only(tiago_simulation)
[70.069s] Level 1:colcon.colcon_core.environment:checking '/workspaces/TIAgo_humble/install/tiago_simulation' for CMake module files
[70.070s] Level 1:colcon.colcon_core.environment:checking '/workspaces/TIAgo_humble/install/tiago_simulation' for CMake config files
[70.070s] Level 1:colcon.colcon_core.shell:create_environment_hook('tiago_simulation', 'cmake_prefix_path')
[70.070s] INFO:colcon.colcon_core.shell:Creating environment hook '/workspaces/TIAgo_humble/install/tiago_simulation/share/tiago_simulation/hook/cmake_prefix_path.ps1'
[70.070s] INFO:colcon.colcon_core.shell:Creating environment descriptor '/workspaces/TIAgo_humble/install/tiago_simulation/share/tiago_simulation/hook/cmake_prefix_path.dsv'
[70.070s] INFO:colcon.colcon_core.shell:Creating environment hook '/workspaces/TIAgo_humble/install/tiago_simulation/share/tiago_simulation/hook/cmake_prefix_path.sh'
[70.071s] Level 1:colcon.colcon_core.environment:checking '/workspaces/TIAgo_humble/install/tiago_simulation/bin'
[70.071s] Level 1:colcon.colcon_core.environment:checking '/workspaces/TIAgo_humble/install/tiago_simulation/lib/pkgconfig/tiago_simulation.pc'
[70.071s] Level 1:colcon.colcon_core.environment:checking '/workspaces/TIAgo_humble/install/tiago_simulation/lib/python3.10/site-packages'
[70.071s] Level 1:colcon.colcon_core.environment:checking '/workspaces/TIAgo_humble/install/tiago_simulation/bin'
[70.071s] INFO:colcon.colcon_core.shell:Creating package script '/workspaces/TIAgo_humble/install/tiago_simulation/share/tiago_simulation/package.ps1'
[70.072s] INFO:colcon.colcon_core.shell:Creating package descriptor '/workspaces/TIAgo_humble/install/tiago_simulation/share/tiago_simulation/package.dsv'
[70.072s] INFO:colcon.colcon_core.shell:Creating package script '/workspaces/TIAgo_humble/install/tiago_simulation/share/tiago_simulation/package.sh'
[70.072s] INFO:colcon.colcon_core.shell:Creating package script '/workspaces/TIAgo_humble/install/tiago_simulation/share/tiago_simulation/package.bash'
[70.072s] INFO:colcon.colcon_core.shell:Creating package script '/workspaces/TIAgo_humble/install/tiago_simulation/share/tiago_simulation/package.zsh'
[70.073s] Level 1:colcon.colcon_core.environment:create_file_with_runtime_dependencies(/workspaces/TIAgo_humble/install/tiago_simulation/share/colcon-core/packages/tiago_simulation)
[70.073s] DEBUG:colcon.colcon_parallel_executor.executor.parallel:closing loop
[70.073s] DEBUG:colcon.colcon_parallel_executor.executor.parallel:loop closed
[70.073s] DEBUG:colcon.colcon_parallel_executor.executor.parallel:run_until_complete finished with '0'
[70.073s] DEBUG:colcon.colcon_core.event_reactor:joining thread
[70.080s] INFO:colcon.colcon_core.plugin_system:Skipping extension 'colcon_notification.desktop_notification.notify_send': Could not find 'notify-send'
[70.080s] INFO:colcon.colcon_core.plugin_system:Skipping extension 'colcon_notification.desktop_notification.terminal_notifier': Not used on non-Darwin systems
[70.080s] INFO:colcon.colcon_core.plugin_system:Skipping extension 'colcon_notification.desktop_notification.win32': Not used on non-Windows systems
[70.080s] INFO:colcon.colcon_notification.desktop_notification:Sending desktop notification using 'notify2'
[70.083s] DEBUG:colcon.colcon_notification.desktop_notification.notify2:Failed to initialize notify2: org.freedesktop.DBus.Error.Spawn.ExecFailed: /usr/bin/dbus-launch terminated abnormally without any error message
[70.083s] DEBUG:colcon.colcon_core.event_reactor:joined thread
[70.084s] INFO:colcon.colcon_core.shell:Creating prefix script '/workspaces/TIAgo_humble/install/local_setup.ps1'
[70.085s] INFO:colcon.colcon_core.shell:Creating prefix util module '/workspaces/TIAgo_humble/install/_local_setup_util_ps1.py'
[70.086s] INFO:colcon.colcon_core.shell:Creating prefix chain script '/workspaces/TIAgo_humble/install/setup.ps1'
[70.086s] INFO:colcon.colcon_core.shell:Creating prefix script '/workspaces/TIAgo_humble/install/local_setup.sh'
[70.087s] INFO:colcon.colcon_core.shell:Creating prefix util module '/workspaces/TIAgo_humble/install/_local_setup_util_sh.py'
[70.087s] INFO:colcon.colcon_core.shell:Creating prefix chain script '/workspaces/TIAgo_humble/install/setup.sh'
[70.088s] INFO:colcon.colcon_core.shell:Creating prefix script '/workspaces/TIAgo_humble/install/local_setup.bash'
[70.088s] INFO:colcon.colcon_core.shell:Creating prefix chain script '/workspaces/TIAgo_humble/install/setup.bash'
[70.089s] INFO:colcon.colcon_core.shell:Creating prefix script '/workspaces/TIAgo_humble/install/local_setup.zsh'
[70.089s] INFO:colcon.colcon_core.shell:Creating prefix chain script '/workspaces/TIAgo_humble/install/setup.zsh'
